ISO-10303-21;
HEADER;
/* Generated by software containing ST-Developer
 * from STEP Tools, Inc. (www.steptools.com) 
 */
/* OPTION: using custom renumber hook */

FILE_DESCRIPTION(
/* description */ ('STEP AP242 Edition 2',
'CAx-IF Rec.Pracs.---Representation and Presentation of Product Manufa
cturing Information (PMI)---4.0---2014-10-13',
'CAx-IF Rec.Pracs.---3D Tessellated Geometry---0.4---2014-09-14','2;1',
'CAx-IF Rec.Pracs.---User Defined Attributes---1.5---2016-08-15'),
/* implementation_level */ '2;1');

FILE_NAME(
/* name */ 'Stencil - Part 1',
/* time_stamp */ '2026-10-07T08:38:21Z',
/* author */ (''),
/* organization */ (''),
/* preprocessor_version */ 'ST-DEVELOPER v20',
/* originating_system */ 'ONSHAPE BY PTC INC, 1.221',
/* authorisation */ '  ');

FILE_SCHEMA (('AP242_MANAGED_MODEL_BASED_3D_ENGINEERING_MIM_LF { 1 0 10303 442 3 1 4 }'));
ENDSEC;

DATA;
#10=SHAPE_REPRESENTATION_RELATIONSHIP('','',#2003,#11);
#11=ADVANCED_BREP_SHAPE_REPRESENTATION('',(#2001),#3313);
#12=CIRCLE('',#2010,0.0259132687506795);
#13=CIRCLE('',#2011,0.0259132687506795);
#14=CIRCLE('',#2013,0.00782890988811535);
#15=CIRCLE('',#2014,0.00782890988811535);
#16=CIRCLE('',#2016,0.0073642578551589);
#17=CIRCLE('',#2017,0.0073642578551589);
#18=CIRCLE('',#2019,0.0210653602258171);
#19=CIRCLE('',#2020,0.0210653602258171);
#20=CIRCLE('',#2022,0.0261599750990594);
#21=CIRCLE('',#2023,0.0261599750990594);
#22=CIRCLE('',#2025,0.007839467549942);
#23=CIRCLE('',#2026,0.007839467549942);
#24=CIRCLE('',#2028,0.00739640908203816);
#25=CIRCLE('',#2029,0.00739640908203816);
#26=CIRCLE('',#2031,0.0209259968491432);
#27=CIRCLE('',#2032,0.0209259968491432);
#28=CIRCLE('',#2035,0.0280608173604999);
#29=CIRCLE('',#2036,0.0280608173604999);
#30=CIRCLE('',#2038,0.0036574756374368);
#31=CIRCLE('',#2039,0.0036574756374368);
#32=CIRCLE('',#2041,0.00329516091365288);
#33=CIRCLE('',#2042,0.00329516091365288);
#34=CIRCLE('',#2044,0.0182338110033444);
#35=CIRCLE('',#2045,0.0182338110033444);
#36=CIRCLE('',#2047,0.0278952501660626);
#37=CIRCLE('',#2048,0.0278952501660626);
#38=CIRCLE('',#2050,0.003643627485367);
#39=CIRCLE('',#2051,0.003643627485367);
#40=CIRCLE('',#2053,0.00332864279862553);
#41=CIRCLE('',#2054,0.00332864279862553);
#42=CIRCLE('',#2065,0.00277573205961407);
#43=CIRCLE('',#2066,0.00277573205961407);
#44=CIRCLE('',#2068,0.00259601201693443);
#45=CIRCLE('',#2069,0.00259601201693443);
#46=CIRCLE('',#2071,0.00409055940343455);
#47=CIRCLE('',#2072,0.00409055940343455);
#48=CIRCLE('',#2078,0.00278781405954749);
#49=CIRCLE('',#2079,0.00278781405954749);
#50=CIRCLE('',#2081,0.00252445994383631);
#51=CIRCLE('',#2082,0.00252445994383631);
#52=CIRCLE('',#2084,0.00430228247439353);
#53=CIRCLE('',#2085,0.00430228247439353);
#54=CIRCLE('',#2100,0.013194870634657);
#55=CIRCLE('',#2101,0.013194870634657);
#56=CIRCLE('',#2103,0.00638010833943304);
#57=CIRCLE('',#2104,0.00638010833943304);
#58=CIRCLE('',#2106,0.00547356303501044);
#59=CIRCLE('',#2107,0.00547356303501044);
#60=CIRCLE('',#2109,0.00892543439030661);
#61=CIRCLE('',#2110,0.00892543439030661);
#62=CIRCLE('',#2117,0.00193624502333969);
#63=CIRCLE('',#2118,0.00193624502333969);
#64=CIRCLE('',#2120,0.00194473995240653);
#65=CIRCLE('',#2121,0.00194473995240653);
#66=CIRCLE('',#2132,0.00396841763462265);
#67=CIRCLE('',#2133,0.00396841763462265);
#68=CIRCLE('',#2139,0.00305524479827371);
#69=CIRCLE('',#2140,0.00305524479827371);
#70=CIRCLE('',#2142,0.0030163178492512);
#71=CIRCLE('',#2143,0.0030163178492512);
#72=CIRCLE('',#2149,0.00295815387659955);
#73=CIRCLE('',#2150,0.00295815387659955);
#74=CIRCLE('',#2152,0.0031039477156727);
#75=CIRCLE('',#2153,0.0031039477156727);
#76=CIRCLE('',#2157,0.00307746210120476);
#77=CIRCLE('',#2158,0.00307746210120476);
#78=CIRCLE('',#2160,0.0174347453460304);
#79=CIRCLE('',#2161,0.0174347453460304);
#80=CIRCLE('',#2167,0.00387914768894581);
#81=CIRCLE('',#2168,0.00387914768894581);
#82=CIRCLE('',#2170,0.00300997236879191);
#83=CIRCLE('',#2171,0.00300997236879191);
#84=CYLINDRICAL_SURFACE('',#2009,0.0259132687506795);
#85=CYLINDRICAL_SURFACE('',#2012,0.00782890988811535);
#86=CYLINDRICAL_SURFACE('',#2015,0.0073642578551589);
#87=CYLINDRICAL_SURFACE('',#2018,0.0210653602258171);
#88=CYLINDRICAL_SURFACE('',#2021,0.0261599750990594);
#89=CYLINDRICAL_SURFACE('',#2024,0.007839467549942);
#90=CYLINDRICAL_SURFACE('',#2027,0.00739640908203816);
#91=CYLINDRICAL_SURFACE('',#2030,0.0209259968491432);
#92=CYLINDRICAL_SURFACE('',#2034,0.0280608173604999);
#93=CYLINDRICAL_SURFACE('',#2037,0.0036574756374368);
#94=CYLINDRICAL_SURFACE('',#2040,0.00329516091365288);
#95=CYLINDRICAL_SURFACE('',#2043,0.0182338110033444);
#96=CYLINDRICAL_SURFACE('',#2046,0.0278952501660626);
#97=CYLINDRICAL_SURFACE('',#2049,0.003643627485367);
#98=CYLINDRICAL_SURFACE('',#2052,0.00332864279862553);
#99=CYLINDRICAL_SURFACE('',#2064,0.00277573205961407);
#100=CYLINDRICAL_SURFACE('',#2067,0.00259601201693443);
#101=CYLINDRICAL_SURFACE('',#2070,0.00409055940343455);
#102=CYLINDRICAL_SURFACE('',#2077,0.00278781405954749);
#103=CYLINDRICAL_SURFACE('',#2080,0.00252445994383631);
#104=CYLINDRICAL_SURFACE('',#2083,0.00430228247439353);
#105=CYLINDRICAL_SURFACE('',#2099,0.013194870634657);
#106=CYLINDRICAL_SURFACE('',#2102,0.00638010833943304);
#107=CYLINDRICAL_SURFACE('',#2105,0.00547356303501044);
#108=CYLINDRICAL_SURFACE('',#2108,0.00892543439030661);
#109=CYLINDRICAL_SURFACE('',#2116,0.00193624502333969);
#110=CYLINDRICAL_SURFACE('',#2119,0.00194473995240653);
#111=CYLINDRICAL_SURFACE('',#2131,0.00396841763462265);
#112=CYLINDRICAL_SURFACE('',#2138,0.00305524479827371);
#113=CYLINDRICAL_SURFACE('',#2141,0.0030163178492512);
#114=CYLINDRICAL_SURFACE('',#2148,0.00295815387659955);
#115=CYLINDRICAL_SURFACE('',#2151,0.0031039477156727);
#116=CYLINDRICAL_SURFACE('',#2156,0.00307746210120476);
#117=CYLINDRICAL_SURFACE('',#2159,0.0174347453460304);
#118=CYLINDRICAL_SURFACE('',#2166,0.00387914768894581);
#119=CYLINDRICAL_SURFACE('',#2169,0.00300997236879191);
#120=ORIENTED_EDGE('',*,*,#696,.F.);
#121=ORIENTED_EDGE('',*,*,#697,.F.);
#122=ORIENTED_EDGE('',*,*,#698,.T.);
#123=ORIENTED_EDGE('',*,*,#699,.T.);
#124=ORIENTED_EDGE('',*,*,#700,.T.);
#125=ORIENTED_EDGE('',*,*,#701,.F.);
#126=ORIENTED_EDGE('',*,*,#702,.F.);
#127=ORIENTED_EDGE('',*,*,#697,.T.);
#128=ORIENTED_EDGE('',*,*,#703,.T.);
#129=ORIENTED_EDGE('',*,*,#704,.F.);
#130=ORIENTED_EDGE('',*,*,#705,.F.);
#131=ORIENTED_EDGE('',*,*,#701,.T.);
#132=ORIENTED_EDGE('',*,*,#706,.T.);
#133=ORIENTED_EDGE('',*,*,#707,.F.);
#134=ORIENTED_EDGE('',*,*,#708,.F.);
#135=ORIENTED_EDGE('',*,*,#709,.T.);
#136=ORIENTED_EDGE('',*,*,#710,.F.);
#137=ORIENTED_EDGE('',*,*,#711,.F.);
#138=ORIENTED_EDGE('',*,*,#712,.T.);
#139=ORIENTED_EDGE('',*,*,#707,.T.);
#140=ORIENTED_EDGE('',*,*,#713,.F.);
#141=ORIENTED_EDGE('',*,*,#714,.F.);
#142=ORIENTED_EDGE('',*,*,#715,.T.);
#143=ORIENTED_EDGE('',*,*,#711,.T.);
#144=ORIENTED_EDGE('',*,*,#716,.F.);
#145=ORIENTED_EDGE('',*,*,#717,.F.);
#146=ORIENTED_EDGE('',*,*,#718,.T.);
#147=ORIENTED_EDGE('',*,*,#714,.T.);
#148=ORIENTED_EDGE('',*,*,#719,.F.);
#149=ORIENTED_EDGE('',*,*,#720,.F.);
#150=ORIENTED_EDGE('',*,*,#721,.T.);
#151=ORIENTED_EDGE('',*,*,#717,.T.);
#152=ORIENTED_EDGE('',*,*,#722,.F.);
#153=ORIENTED_EDGE('',*,*,#723,.F.);
#154=ORIENTED_EDGE('',*,*,#724,.T.);
#155=ORIENTED_EDGE('',*,*,#720,.T.);
#156=ORIENTED_EDGE('',*,*,#725,.F.);
#157=ORIENTED_EDGE('',*,*,#726,.F.);
#158=ORIENTED_EDGE('',*,*,#727,.T.);
#159=ORIENTED_EDGE('',*,*,#723,.T.);
#160=ORIENTED_EDGE('',*,*,#728,.F.);
#161=ORIENTED_EDGE('',*,*,#729,.F.);
#162=ORIENTED_EDGE('',*,*,#730,.T.);
#163=ORIENTED_EDGE('',*,*,#726,.T.);
#164=ORIENTED_EDGE('',*,*,#731,.F.);
#165=ORIENTED_EDGE('',*,*,#732,.F.);
#166=ORIENTED_EDGE('',*,*,#733,.T.);
#167=ORIENTED_EDGE('',*,*,#729,.T.);
#168=ORIENTED_EDGE('',*,*,#734,.F.);
#169=ORIENTED_EDGE('',*,*,#735,.F.);
#170=ORIENTED_EDGE('',*,*,#736,.T.);
#171=ORIENTED_EDGE('',*,*,#732,.T.);
#172=ORIENTED_EDGE('',*,*,#737,.T.);
#173=ORIENTED_EDGE('',*,*,#738,.F.);
#174=ORIENTED_EDGE('',*,*,#739,.F.);
#175=ORIENTED_EDGE('',*,*,#735,.T.);
#176=ORIENTED_EDGE('',*,*,#740,.T.);
#177=ORIENTED_EDGE('',*,*,#741,.F.);
#178=ORIENTED_EDGE('',*,*,#742,.F.);
#179=ORIENTED_EDGE('',*,*,#738,.T.);
#180=ORIENTED_EDGE('',*,*,#743,.T.);
#181=ORIENTED_EDGE('',*,*,#744,.F.);
#182=ORIENTED_EDGE('',*,*,#745,.F.);
#183=ORIENTED_EDGE('',*,*,#741,.T.);
#184=ORIENTED_EDGE('',*,*,#746,.T.);
#185=ORIENTED_EDGE('',*,*,#747,.F.);
#186=ORIENTED_EDGE('',*,*,#748,.F.);
#187=ORIENTED_EDGE('',*,*,#744,.T.);
#188=ORIENTED_EDGE('',*,*,#749,.T.);
#189=ORIENTED_EDGE('',*,*,#750,.F.);
#190=ORIENTED_EDGE('',*,*,#751,.F.);
#191=ORIENTED_EDGE('',*,*,#747,.T.);
#192=ORIENTED_EDGE('',*,*,#752,.T.);
#193=ORIENTED_EDGE('',*,*,#753,.F.);
#194=ORIENTED_EDGE('',*,*,#754,.F.);
#195=ORIENTED_EDGE('',*,*,#750,.T.);
#196=ORIENTED_EDGE('',*,*,#755,.T.);
#197=ORIENTED_EDGE('',*,*,#756,.F.);
#198=ORIENTED_EDGE('',*,*,#757,.F.);
#199=ORIENTED_EDGE('',*,*,#753,.T.);
#200=ORIENTED_EDGE('',*,*,#758,.F.);
#201=ORIENTED_EDGE('',*,*,#759,.F.);
#202=ORIENTED_EDGE('',*,*,#760,.T.);
#203=ORIENTED_EDGE('',*,*,#761,.T.);
#204=ORIENTED_EDGE('',*,*,#762,.F.);
#205=ORIENTED_EDGE('',*,*,#763,.F.);
#206=ORIENTED_EDGE('',*,*,#764,.T.);
#207=ORIENTED_EDGE('',*,*,#759,.T.);
#208=ORIENTED_EDGE('',*,*,#765,.F.);
#209=ORIENTED_EDGE('',*,*,#766,.F.);
#210=ORIENTED_EDGE('',*,*,#767,.T.);
#211=ORIENTED_EDGE('',*,*,#763,.T.);
#212=ORIENTED_EDGE('',*,*,#768,.F.);
#213=ORIENTED_EDGE('',*,*,#769,.F.);
#214=ORIENTED_EDGE('',*,*,#770,.T.);
#215=ORIENTED_EDGE('',*,*,#766,.T.);
#216=ORIENTED_EDGE('',*,*,#771,.F.);
#217=ORIENTED_EDGE('',*,*,#772,.F.);
#218=ORIENTED_EDGE('',*,*,#773,.T.);
#219=ORIENTED_EDGE('',*,*,#769,.T.);
#220=ORIENTED_EDGE('',*,*,#774,.F.);
#221=ORIENTED_EDGE('',*,*,#775,.F.);
#222=ORIENTED_EDGE('',*,*,#776,.T.);
#223=ORIENTED_EDGE('',*,*,#772,.T.);
#224=ORIENTED_EDGE('',*,*,#777,.F.);
#225=ORIENTED_EDGE('',*,*,#778,.F.);
#226=ORIENTED_EDGE('',*,*,#779,.T.);
#227=ORIENTED_EDGE('',*,*,#775,.T.);
#228=ORIENTED_EDGE('',*,*,#780,.F.);
#229=ORIENTED_EDGE('',*,*,#781,.F.);
#230=ORIENTED_EDGE('',*,*,#782,.T.);
#231=ORIENTED_EDGE('',*,*,#783,.T.);
#232=ORIENTED_EDGE('',*,*,#784,.F.);
#233=ORIENTED_EDGE('',*,*,#785,.F.);
#234=ORIENTED_EDGE('',*,*,#786,.T.);
#235=ORIENTED_EDGE('',*,*,#781,.T.);
#236=ORIENTED_EDGE('',*,*,#787,.F.);
#237=ORIENTED_EDGE('',*,*,#788,.F.);
#238=ORIENTED_EDGE('',*,*,#789,.T.);
#239=ORIENTED_EDGE('',*,*,#785,.T.);
#240=ORIENTED_EDGE('',*,*,#790,.F.);
#241=ORIENTED_EDGE('',*,*,#791,.F.);
#242=ORIENTED_EDGE('',*,*,#792,.T.);
#243=ORIENTED_EDGE('',*,*,#788,.T.);
#244=ORIENTED_EDGE('',*,*,#793,.F.);
#245=ORIENTED_EDGE('',*,*,#794,.F.);
#246=ORIENTED_EDGE('',*,*,#795,.T.);
#247=ORIENTED_EDGE('',*,*,#791,.T.);
#248=ORIENTED_EDGE('',*,*,#796,.F.);
#249=ORIENTED_EDGE('',*,*,#797,.F.);
#250=ORIENTED_EDGE('',*,*,#798,.T.);
#251=ORIENTED_EDGE('',*,*,#794,.T.);
#252=ORIENTED_EDGE('',*,*,#799,.F.);
#253=ORIENTED_EDGE('',*,*,#800,.F.);
#254=ORIENTED_EDGE('',*,*,#801,.T.);
#255=ORIENTED_EDGE('',*,*,#797,.T.);
#256=ORIENTED_EDGE('',*,*,#802,.F.);
#257=ORIENTED_EDGE('',*,*,#803,.F.);
#258=ORIENTED_EDGE('',*,*,#804,.T.);
#259=ORIENTED_EDGE('',*,*,#800,.T.);
#260=ORIENTED_EDGE('',*,*,#805,.F.);
#261=ORIENTED_EDGE('',*,*,#806,.F.);
#262=ORIENTED_EDGE('',*,*,#807,.T.);
#263=ORIENTED_EDGE('',*,*,#803,.T.);
#264=ORIENTED_EDGE('',*,*,#808,.F.);
#265=ORIENTED_EDGE('',*,*,#809,.F.);
#266=ORIENTED_EDGE('',*,*,#810,.T.);
#267=ORIENTED_EDGE('',*,*,#806,.T.);
#268=ORIENTED_EDGE('',*,*,#811,.F.);
#269=ORIENTED_EDGE('',*,*,#812,.F.);
#270=ORIENTED_EDGE('',*,*,#813,.T.);
#271=ORIENTED_EDGE('',*,*,#809,.T.);
#272=ORIENTED_EDGE('',*,*,#814,.F.);
#273=ORIENTED_EDGE('',*,*,#815,.F.);
#274=ORIENTED_EDGE('',*,*,#816,.T.);
#275=ORIENTED_EDGE('',*,*,#812,.T.);
#276=ORIENTED_EDGE('',*,*,#817,.F.);
#277=ORIENTED_EDGE('',*,*,#818,.F.);
#278=ORIENTED_EDGE('',*,*,#819,.T.);
#279=ORIENTED_EDGE('',*,*,#815,.T.);
#280=ORIENTED_EDGE('',*,*,#820,.F.);
#281=ORIENTED_EDGE('',*,*,#821,.F.);
#282=ORIENTED_EDGE('',*,*,#822,.T.);
#283=ORIENTED_EDGE('',*,*,#823,.T.);
#284=ORIENTED_EDGE('',*,*,#824,.F.);
#285=ORIENTED_EDGE('',*,*,#825,.F.);
#286=ORIENTED_EDGE('',*,*,#826,.T.);
#287=ORIENTED_EDGE('',*,*,#821,.T.);
#288=ORIENTED_EDGE('',*,*,#827,.F.);
#289=ORIENTED_EDGE('',*,*,#828,.F.);
#290=ORIENTED_EDGE('',*,*,#829,.T.);
#291=ORIENTED_EDGE('',*,*,#825,.T.);
#292=ORIENTED_EDGE('',*,*,#830,.F.);
#293=ORIENTED_EDGE('',*,*,#831,.F.);
#294=ORIENTED_EDGE('',*,*,#832,.T.);
#295=ORIENTED_EDGE('',*,*,#828,.T.);
#296=ORIENTED_EDGE('',*,*,#833,.F.);
#297=ORIENTED_EDGE('',*,*,#834,.F.);
#298=ORIENTED_EDGE('',*,*,#835,.T.);
#299=ORIENTED_EDGE('',*,*,#831,.T.);
#300=ORIENTED_EDGE('',*,*,#836,.F.);
#301=ORIENTED_EDGE('',*,*,#837,.F.);
#302=ORIENTED_EDGE('',*,*,#838,.T.);
#303=ORIENTED_EDGE('',*,*,#834,.T.);
#304=ORIENTED_EDGE('',*,*,#839,.F.);
#305=ORIENTED_EDGE('',*,*,#840,.F.);
#306=ORIENTED_EDGE('',*,*,#841,.T.);
#307=ORIENTED_EDGE('',*,*,#837,.T.);
#308=ORIENTED_EDGE('',*,*,#842,.F.);
#309=ORIENTED_EDGE('',*,*,#843,.F.);
#310=ORIENTED_EDGE('',*,*,#844,.T.);
#311=ORIENTED_EDGE('',*,*,#840,.T.);
#312=ORIENTED_EDGE('',*,*,#845,.F.);
#313=ORIENTED_EDGE('',*,*,#846,.F.);
#314=ORIENTED_EDGE('',*,*,#847,.T.);
#315=ORIENTED_EDGE('',*,*,#843,.T.);
#316=ORIENTED_EDGE('',*,*,#848,.F.);
#317=ORIENTED_EDGE('',*,*,#849,.F.);
#318=ORIENTED_EDGE('',*,*,#850,.T.);
#319=ORIENTED_EDGE('',*,*,#846,.T.);
#320=ORIENTED_EDGE('',*,*,#851,.F.);
#321=ORIENTED_EDGE('',*,*,#852,.F.);
#322=ORIENTED_EDGE('',*,*,#853,.T.);
#323=ORIENTED_EDGE('',*,*,#849,.T.);
#324=ORIENTED_EDGE('',*,*,#854,.F.);
#325=ORIENTED_EDGE('',*,*,#855,.F.);
#326=ORIENTED_EDGE('',*,*,#856,.T.);
#327=ORIENTED_EDGE('',*,*,#857,.T.);
#328=ORIENTED_EDGE('',*,*,#858,.F.);
#329=ORIENTED_EDGE('',*,*,#859,.F.);
#330=ORIENTED_EDGE('',*,*,#860,.T.);
#331=ORIENTED_EDGE('',*,*,#855,.T.);
#332=ORIENTED_EDGE('',*,*,#861,.F.);
#333=ORIENTED_EDGE('',*,*,#862,.F.);
#334=ORIENTED_EDGE('',*,*,#863,.T.);
#335=ORIENTED_EDGE('',*,*,#859,.T.);
#336=ORIENTED_EDGE('',*,*,#864,.F.);
#337=ORIENTED_EDGE('',*,*,#865,.F.);
#338=ORIENTED_EDGE('',*,*,#866,.T.);
#339=ORIENTED_EDGE('',*,*,#862,.T.);
#340=ORIENTED_EDGE('',*,*,#867,.F.);
#341=ORIENTED_EDGE('',*,*,#868,.F.);
#342=ORIENTED_EDGE('',*,*,#869,.T.);
#343=ORIENTED_EDGE('',*,*,#865,.T.);
#344=ORIENTED_EDGE('',*,*,#870,.F.);
#345=ORIENTED_EDGE('',*,*,#871,.F.);
#346=ORIENTED_EDGE('',*,*,#872,.T.);
#347=ORIENTED_EDGE('',*,*,#868,.T.);
#348=ORIENTED_EDGE('',*,*,#873,.F.);
#349=ORIENTED_EDGE('',*,*,#874,.F.);
#350=ORIENTED_EDGE('',*,*,#875,.T.);
#351=ORIENTED_EDGE('',*,*,#871,.T.);
#352=ORIENTED_EDGE('',*,*,#876,.F.);
#353=ORIENTED_EDGE('',*,*,#877,.F.);
#354=ORIENTED_EDGE('',*,*,#878,.T.);
#355=ORIENTED_EDGE('',*,*,#874,.T.);
#356=ORIENTED_EDGE('',*,*,#879,.F.);
#357=ORIENTED_EDGE('',*,*,#880,.F.);
#358=ORIENTED_EDGE('',*,*,#881,.T.);
#359=ORIENTED_EDGE('',*,*,#877,.T.);
#360=ORIENTED_EDGE('',*,*,#882,.F.);
#361=ORIENTED_EDGE('',*,*,#883,.F.);
#362=ORIENTED_EDGE('',*,*,#884,.T.);
#363=ORIENTED_EDGE('',*,*,#880,.T.);
#364=ORIENTED_EDGE('',*,*,#885,.F.);
#365=ORIENTED_EDGE('',*,*,#886,.F.);
#366=ORIENTED_EDGE('',*,*,#887,.T.);
#367=ORIENTED_EDGE('',*,*,#883,.T.);
#368=ORIENTED_EDGE('',*,*,#888,.F.);
#369=ORIENTED_EDGE('',*,*,#889,.F.);
#370=ORIENTED_EDGE('',*,*,#890,.T.);
#371=ORIENTED_EDGE('',*,*,#886,.T.);
#372=ORIENTED_EDGE('',*,*,#891,.F.);
#373=ORIENTED_EDGE('',*,*,#892,.F.);
#374=ORIENTED_EDGE('',*,*,#893,.T.);
#375=ORIENTED_EDGE('',*,*,#889,.T.);
#376=ORIENTED_EDGE('',*,*,#894,.F.);
#377=ORIENTED_EDGE('',*,*,#895,.F.);
#378=ORIENTED_EDGE('',*,*,#896,.T.);
#379=ORIENTED_EDGE('',*,*,#897,.T.);
#380=ORIENTED_EDGE('',*,*,#898,.F.);
#381=ORIENTED_EDGE('',*,*,#899,.F.);
#382=ORIENTED_EDGE('',*,*,#900,.T.);
#383=ORIENTED_EDGE('',*,*,#895,.T.);
#384=ORIENTED_EDGE('',*,*,#901,.F.);
#385=ORIENTED_EDGE('',*,*,#902,.F.);
#386=ORIENTED_EDGE('',*,*,#903,.T.);
#387=ORIENTED_EDGE('',*,*,#899,.T.);
#388=ORIENTED_EDGE('',*,*,#904,.F.);
#389=ORIENTED_EDGE('',*,*,#905,.F.);
#390=ORIENTED_EDGE('',*,*,#906,.T.);
#391=ORIENTED_EDGE('',*,*,#902,.T.);
#392=ORIENTED_EDGE('',*,*,#907,.F.);
#393=ORIENTED_EDGE('',*,*,#908,.F.);
#394=ORIENTED_EDGE('',*,*,#909,.T.);
#395=ORIENTED_EDGE('',*,*,#905,.T.);
#396=ORIENTED_EDGE('',*,*,#910,.F.);
#397=ORIENTED_EDGE('',*,*,#911,.F.);
#398=ORIENTED_EDGE('',*,*,#912,.T.);
#399=ORIENTED_EDGE('',*,*,#908,.T.);
#400=ORIENTED_EDGE('',*,*,#913,.F.);
#401=ORIENTED_EDGE('',*,*,#914,.F.);
#402=ORIENTED_EDGE('',*,*,#915,.T.);
#403=ORIENTED_EDGE('',*,*,#911,.T.);
#404=ORIENTED_EDGE('',*,*,#916,.F.);
#405=ORIENTED_EDGE('',*,*,#917,.F.);
#406=ORIENTED_EDGE('',*,*,#918,.T.);
#407=ORIENTED_EDGE('',*,*,#914,.T.);
#408=ORIENTED_EDGE('',*,*,#919,.F.);
#409=ORIENTED_EDGE('',*,*,#920,.F.);
#410=ORIENTED_EDGE('',*,*,#921,.T.);
#411=ORIENTED_EDGE('',*,*,#917,.T.);
#412=ORIENTED_EDGE('',*,*,#922,.F.);
#413=ORIENTED_EDGE('',*,*,#923,.F.);
#414=ORIENTED_EDGE('',*,*,#924,.T.);
#415=ORIENTED_EDGE('',*,*,#925,.T.);
#416=ORIENTED_EDGE('',*,*,#926,.F.);
#417=ORIENTED_EDGE('',*,*,#927,.F.);
#418=ORIENTED_EDGE('',*,*,#928,.T.);
#419=ORIENTED_EDGE('',*,*,#923,.T.);
#420=ORIENTED_EDGE('',*,*,#929,.F.);
#421=ORIENTED_EDGE('',*,*,#930,.F.);
#422=ORIENTED_EDGE('',*,*,#931,.T.);
#423=ORIENTED_EDGE('',*,*,#927,.T.);
#424=ORIENTED_EDGE('',*,*,#932,.F.);
#425=ORIENTED_EDGE('',*,*,#933,.F.);
#426=ORIENTED_EDGE('',*,*,#934,.T.);
#427=ORIENTED_EDGE('',*,*,#930,.T.);
#428=ORIENTED_EDGE('',*,*,#935,.F.);
#429=ORIENTED_EDGE('',*,*,#936,.F.);
#430=ORIENTED_EDGE('',*,*,#937,.T.);
#431=ORIENTED_EDGE('',*,*,#933,.T.);
#432=ORIENTED_EDGE('',*,*,#938,.F.);
#433=ORIENTED_EDGE('',*,*,#939,.F.);
#434=ORIENTED_EDGE('',*,*,#940,.T.);
#435=ORIENTED_EDGE('',*,*,#936,.T.);
#436=ORIENTED_EDGE('',*,*,#941,.F.);
#437=ORIENTED_EDGE('',*,*,#942,.F.);
#438=ORIENTED_EDGE('',*,*,#943,.T.);
#439=ORIENTED_EDGE('',*,*,#939,.T.);
#440=ORIENTED_EDGE('',*,*,#944,.F.);
#441=ORIENTED_EDGE('',*,*,#945,.F.);
#442=ORIENTED_EDGE('',*,*,#946,.T.);
#443=ORIENTED_EDGE('',*,*,#942,.T.);
#444=ORIENTED_EDGE('',*,*,#947,.F.);
#445=ORIENTED_EDGE('',*,*,#948,.F.);
#446=ORIENTED_EDGE('',*,*,#949,.T.);
#447=ORIENTED_EDGE('',*,*,#945,.T.);
#448=ORIENTED_EDGE('',*,*,#950,.F.);
#449=ORIENTED_EDGE('',*,*,#951,.F.);
#450=ORIENTED_EDGE('',*,*,#952,.T.);
#451=ORIENTED_EDGE('',*,*,#948,.T.);
#452=ORIENTED_EDGE('',*,*,#953,.F.);
#453=ORIENTED_EDGE('',*,*,#954,.F.);
#454=ORIENTED_EDGE('',*,*,#955,.T.);
#455=ORIENTED_EDGE('',*,*,#951,.T.);
#456=ORIENTED_EDGE('',*,*,#956,.F.);
#457=ORIENTED_EDGE('',*,*,#957,.F.);
#458=ORIENTED_EDGE('',*,*,#958,.T.);
#459=ORIENTED_EDGE('',*,*,#954,.T.);
#460=ORIENTED_EDGE('',*,*,#959,.F.);
#461=ORIENTED_EDGE('',*,*,#960,.F.);
#462=ORIENTED_EDGE('',*,*,#961,.T.);
#463=ORIENTED_EDGE('',*,*,#957,.T.);
#464=ORIENTED_EDGE('',*,*,#962,.F.);
#465=ORIENTED_EDGE('',*,*,#963,.F.);
#466=ORIENTED_EDGE('',*,*,#964,.T.);
#467=ORIENTED_EDGE('',*,*,#960,.T.);
#468=ORIENTED_EDGE('',*,*,#965,.F.);
#469=ORIENTED_EDGE('',*,*,#966,.F.);
#470=ORIENTED_EDGE('',*,*,#967,.T.);
#471=ORIENTED_EDGE('',*,*,#963,.T.);
#472=ORIENTED_EDGE('',*,*,#968,.T.);
#473=ORIENTED_EDGE('',*,*,#709,.F.);
#474=ORIENTED_EDGE('',*,*,#969,.F.);
#475=ORIENTED_EDGE('',*,*,#756,.T.);
#476=ORIENTED_EDGE('',*,*,#970,.F.);
#477=ORIENTED_EDGE('',*,*,#761,.F.);
#478=ORIENTED_EDGE('',*,*,#971,.T.);
#479=ORIENTED_EDGE('',*,*,#778,.T.);
#480=ORIENTED_EDGE('',*,*,#972,.F.);
#481=ORIENTED_EDGE('',*,*,#783,.F.);
#482=ORIENTED_EDGE('',*,*,#973,.T.);
#483=ORIENTED_EDGE('',*,*,#818,.T.);
#484=ORIENTED_EDGE('',*,*,#974,.F.);
#485=ORIENTED_EDGE('',*,*,#823,.F.);
#486=ORIENTED_EDGE('',*,*,#975,.T.);
#487=ORIENTED_EDGE('',*,*,#852,.T.);
#488=ORIENTED_EDGE('',*,*,#976,.F.);
#489=ORIENTED_EDGE('',*,*,#857,.F.);
#490=ORIENTED_EDGE('',*,*,#977,.T.);
#491=ORIENTED_EDGE('',*,*,#892,.T.);
#492=ORIENTED_EDGE('',*,*,#978,.F.);
#493=ORIENTED_EDGE('',*,*,#897,.F.);
#494=ORIENTED_EDGE('',*,*,#979,.T.);
#495=ORIENTED_EDGE('',*,*,#920,.T.);
#496=ORIENTED_EDGE('',*,*,#980,.F.);
#497=ORIENTED_EDGE('',*,*,#925,.F.);
#498=ORIENTED_EDGE('',*,*,#981,.T.);
#499=ORIENTED_EDGE('',*,*,#966,.T.);
#500=ORIENTED_EDGE('',*,*,#982,.F.);
#501=ORIENTED_EDGE('',*,*,#699,.F.);
#502=ORIENTED_EDGE('',*,*,#983,.T.);
#503=ORIENTED_EDGE('',*,*,#704,.T.);
#504=ORIENTED_EDGE('',*,*,#924,.F.);
#505=ORIENTED_EDGE('',*,*,#928,.F.);
#506=ORIENTED_EDGE('',*,*,#931,.F.);
#507=ORIENTED_EDGE('',*,*,#934,.F.);
#508=ORIENTED_EDGE('',*,*,#937,.F.);
#509=ORIENTED_EDGE('',*,*,#940,.F.);
#510=ORIENTED_EDGE('',*,*,#943,.F.);
#511=ORIENTED_EDGE('',*,*,#946,.F.);
#512=ORIENTED_EDGE('',*,*,#949,.F.);
#513=ORIENTED_EDGE('',*,*,#952,.F.);
#514=ORIENTED_EDGE('',*,*,#955,.F.);
#515=ORIENTED_EDGE('',*,*,#958,.F.);
#516=ORIENTED_EDGE('',*,*,#961,.F.);
#517=ORIENTED_EDGE('',*,*,#964,.F.);
#518=ORIENTED_EDGE('',*,*,#967,.F.);
#519=ORIENTED_EDGE('',*,*,#981,.F.);
#520=ORIENTED_EDGE('',*,*,#896,.F.);
#521=ORIENTED_EDGE('',*,*,#900,.F.);
#522=ORIENTED_EDGE('',*,*,#903,.F.);
#523=ORIENTED_EDGE('',*,*,#906,.F.);
#524=ORIENTED_EDGE('',*,*,#909,.F.);
#525=ORIENTED_EDGE('',*,*,#912,.F.);
#526=ORIENTED_EDGE('',*,*,#915,.F.);
#527=ORIENTED_EDGE('',*,*,#918,.F.);
#528=ORIENTED_EDGE('',*,*,#921,.F.);
#529=ORIENTED_EDGE('',*,*,#979,.F.);
#530=ORIENTED_EDGE('',*,*,#856,.F.);
#531=ORIENTED_EDGE('',*,*,#860,.F.);
#532=ORIENTED_EDGE('',*,*,#863,.F.);
#533=ORIENTED_EDGE('',*,*,#866,.F.);
#534=ORIENTED_EDGE('',*,*,#869,.F.);
#535=ORIENTED_EDGE('',*,*,#872,.F.);
#536=ORIENTED_EDGE('',*,*,#875,.F.);
#537=ORIENTED_EDGE('',*,*,#878,.F.);
#538=ORIENTED_EDGE('',*,*,#881,.F.);
#539=ORIENTED_EDGE('',*,*,#884,.F.);
#540=ORIENTED_EDGE('',*,*,#887,.F.);
#541=ORIENTED_EDGE('',*,*,#890,.F.);
#542=ORIENTED_EDGE('',*,*,#893,.F.);
#543=ORIENTED_EDGE('',*,*,#977,.F.);
#544=ORIENTED_EDGE('',*,*,#822,.F.);
#545=ORIENTED_EDGE('',*,*,#826,.F.);
#546=ORIENTED_EDGE('',*,*,#829,.F.);
#547=ORIENTED_EDGE('',*,*,#832,.F.);
#548=ORIENTED_EDGE('',*,*,#835,.F.);
#549=ORIENTED_EDGE('',*,*,#838,.F.);
#550=ORIENTED_EDGE('',*,*,#841,.F.);
#551=ORIENTED_EDGE('',*,*,#844,.F.);
#552=ORIENTED_EDGE('',*,*,#847,.F.);
#553=ORIENTED_EDGE('',*,*,#850,.F.);
#554=ORIENTED_EDGE('',*,*,#853,.F.);
#555=ORIENTED_EDGE('',*,*,#975,.F.);
#556=ORIENTED_EDGE('',*,*,#782,.F.);
#557=ORIENTED_EDGE('',*,*,#786,.F.);
#558=ORIENTED_EDGE('',*,*,#789,.F.);
#559=ORIENTED_EDGE('',*,*,#792,.F.);
#560=ORIENTED_EDGE('',*,*,#795,.F.);
#561=ORIENTED_EDGE('',*,*,#798,.F.);
#562=ORIENTED_EDGE('',*,*,#801,.F.);
#563=ORIENTED_EDGE('',*,*,#804,.F.);
#564=ORIENTED_EDGE('',*,*,#807,.F.);
#565=ORIENTED_EDGE('',*,*,#810,.F.);
#566=ORIENTED_EDGE('',*,*,#813,.F.);
#567=ORIENTED_EDGE('',*,*,#816,.F.);
#568=ORIENTED_EDGE('',*,*,#819,.F.);
#569=ORIENTED_EDGE('',*,*,#973,.F.);
#570=ORIENTED_EDGE('',*,*,#760,.F.);
#571=ORIENTED_EDGE('',*,*,#764,.F.);
#572=ORIENTED_EDGE('',*,*,#767,.F.);
#573=ORIENTED_EDGE('',*,*,#770,.F.);
#574=ORIENTED_EDGE('',*,*,#773,.F.);
#575=ORIENTED_EDGE('',*,*,#776,.F.);
#576=ORIENTED_EDGE('',*,*,#779,.F.);
#577=ORIENTED_EDGE('',*,*,#971,.F.);
#578=ORIENTED_EDGE('',*,*,#708,.T.);
#579=ORIENTED_EDGE('',*,*,#712,.F.);
#580=ORIENTED_EDGE('',*,*,#715,.F.);
#581=ORIENTED_EDGE('',*,*,#718,.F.);
#582=ORIENTED_EDGE('',*,*,#721,.F.);
#583=ORIENTED_EDGE('',*,*,#724,.F.);
#584=ORIENTED_EDGE('',*,*,#727,.F.);
#585=ORIENTED_EDGE('',*,*,#730,.F.);
#586=ORIENTED_EDGE('',*,*,#733,.F.);
#587=ORIENTED_EDGE('',*,*,#736,.F.);
#588=ORIENTED_EDGE('',*,*,#739,.T.);
#589=ORIENTED_EDGE('',*,*,#742,.T.);
#590=ORIENTED_EDGE('',*,*,#745,.T.);
#591=ORIENTED_EDGE('',*,*,#748,.T.);
#592=ORIENTED_EDGE('',*,*,#751,.T.);
#593=ORIENTED_EDGE('',*,*,#754,.T.);
#594=ORIENTED_EDGE('',*,*,#757,.T.);
#595=ORIENTED_EDGE('',*,*,#969,.T.);
#596=ORIENTED_EDGE('',*,*,#698,.F.);
#597=ORIENTED_EDGE('',*,*,#702,.T.);
#598=ORIENTED_EDGE('',*,*,#705,.T.);
#599=ORIENTED_EDGE('',*,*,#983,.F.);
#600=ORIENTED_EDGE('',*,*,#922,.T.);
#601=ORIENTED_EDGE('',*,*,#980,.T.);
#602=ORIENTED_EDGE('',*,*,#965,.T.);
#603=ORIENTED_EDGE('',*,*,#962,.T.);
#604=ORIENTED_EDGE('',*,*,#959,.T.);
#605=ORIENTED_EDGE('',*,*,#956,.T.);
#606=ORIENTED_EDGE('',*,*,#953,.T.);
#607=ORIENTED_EDGE('',*,*,#950,.T.);
#608=ORIENTED_EDGE('',*,*,#947,.T.);
#609=ORIENTED_EDGE('',*,*,#944,.T.);
#610=ORIENTED_EDGE('',*,*,#941,.T.);
#611=ORIENTED_EDGE('',*,*,#938,.T.);
#612=ORIENTED_EDGE('',*,*,#935,.T.);
#613=ORIENTED_EDGE('',*,*,#932,.T.);
#614=ORIENTED_EDGE('',*,*,#929,.T.);
#615=ORIENTED_EDGE('',*,*,#926,.T.);
#616=ORIENTED_EDGE('',*,*,#894,.T.);
#617=ORIENTED_EDGE('',*,*,#978,.T.);
#618=ORIENTED_EDGE('',*,*,#919,.T.);
#619=ORIENTED_EDGE('',*,*,#916,.T.);
#620=ORIENTED_EDGE('',*,*,#913,.T.);
#621=ORIENTED_EDGE('',*,*,#910,.T.);
#622=ORIENTED_EDGE('',*,*,#907,.T.);
#623=ORIENTED_EDGE('',*,*,#904,.T.);
#624=ORIENTED_EDGE('',*,*,#901,.T.);
#625=ORIENTED_EDGE('',*,*,#898,.T.);
#626=ORIENTED_EDGE('',*,*,#854,.T.);
#627=ORIENTED_EDGE('',*,*,#976,.T.);
#628=ORIENTED_EDGE('',*,*,#891,.T.);
#629=ORIENTED_EDGE('',*,*,#888,.T.);
#630=ORIENTED_EDGE('',*,*,#885,.T.);
#631=ORIENTED_EDGE('',*,*,#882,.T.);
#632=ORIENTED_EDGE('',*,*,#879,.T.);
#633=ORIENTED_EDGE('',*,*,#876,.T.);
#634=ORIENTED_EDGE('',*,*,#873,.T.);
#635=ORIENTED_EDGE('',*,*,#870,.T.);
#636=ORIENTED_EDGE('',*,*,#867,.T.);
#637=ORIENTED_EDGE('',*,*,#864,.T.);
#638=ORIENTED_EDGE('',*,*,#861,.T.);
#639=ORIENTED_EDGE('',*,*,#858,.T.);
#640=ORIENTED_EDGE('',*,*,#820,.T.);
#641=ORIENTED_EDGE('',*,*,#974,.T.);
#642=ORIENTED_EDGE('',*,*,#851,.T.);
#643=ORIENTED_EDGE('',*,*,#848,.T.);
#644=ORIENTED_EDGE('',*,*,#845,.T.);
#645=ORIENTED_EDGE('',*,*,#842,.T.);
#646=ORIENTED_EDGE('',*,*,#839,.T.);
#647=ORIENTED_EDGE('',*,*,#836,.T.);
#648=ORIENTED_EDGE('',*,*,#833,.T.);
#649=ORIENTED_EDGE('',*,*,#830,.T.);
#650=ORIENTED_EDGE('',*,*,#827,.T.);
#651=ORIENTED_EDGE('',*,*,#824,.T.);
#652=ORIENTED_EDGE('',*,*,#780,.T.);
#653=ORIENTED_EDGE('',*,*,#972,.T.);
#654=ORIENTED_EDGE('',*,*,#817,.T.);
#655=ORIENTED_EDGE('',*,*,#814,.T.);
#656=ORIENTED_EDGE('',*,*,#811,.T.);
#657=ORIENTED_EDGE('',*,*,#808,.T.);
#658=ORIENTED_EDGE('',*,*,#805,.T.);
#659=ORIENTED_EDGE('',*,*,#802,.T.);
#660=ORIENTED_EDGE('',*,*,#799,.T.);
#661=ORIENTED_EDGE('',*,*,#796,.T.);
#662=ORIENTED_EDGE('',*,*,#793,.T.);
#663=ORIENTED_EDGE('',*,*,#790,.T.);
#664=ORIENTED_EDGE('',*,*,#787,.T.);
#665=ORIENTED_EDGE('',*,*,#784,.T.);
#666=ORIENTED_EDGE('',*,*,#758,.T.);
#667=ORIENTED_EDGE('',*,*,#970,.T.);
#668=ORIENTED_EDGE('',*,*,#777,.T.);
#669=ORIENTED_EDGE('',*,*,#774,.T.);
#670=ORIENTED_EDGE('',*,*,#771,.T.);
#671=ORIENTED_EDGE('',*,*,#768,.T.);
#672=ORIENTED_EDGE('',*,*,#765,.T.);
#673=ORIENTED_EDGE('',*,*,#762,.T.);
#674=ORIENTED_EDGE('',*,*,#706,.F.);
#675=ORIENTED_EDGE('',*,*,#968,.F.);
#676=ORIENTED_EDGE('',*,*,#755,.F.);
#677=ORIENTED_EDGE('',*,*,#752,.F.);
#678=ORIENTED_EDGE('',*,*,#749,.F.);
#679=ORIENTED_EDGE('',*,*,#746,.F.);
#680=ORIENTED_EDGE('',*,*,#743,.F.);
#681=ORIENTED_EDGE('',*,*,#740,.F.);
#682=ORIENTED_EDGE('',*,*,#737,.F.);
#683=ORIENTED_EDGE('',*,*,#734,.T.);
#684=ORIENTED_EDGE('',*,*,#731,.T.);
#685=ORIENTED_EDGE('',*,*,#728,.T.);
#686=ORIENTED_EDGE('',*,*,#725,.T.);
#687=ORIENTED_EDGE('',*,*,#722,.T.);
#688=ORIENTED_EDGE('',*,*,#719,.T.);
#689=ORIENTED_EDGE('',*,*,#716,.T.);
#690=ORIENTED_EDGE('',*,*,#713,.T.);
#691=ORIENTED_EDGE('',*,*,#710,.T.);
#692=ORIENTED_EDGE('',*,*,#696,.T.);
#693=ORIENTED_EDGE('',*,*,#982,.T.);
#694=ORIENTED_EDGE('',*,*,#703,.F.);
#695=ORIENTED_EDGE('',*,*,#700,.F.);
#696=EDGE_CURVE('',#984,#985,#1176,.T.);
#697=EDGE_CURVE('',#986,#984,#1177,.T.);
#698=EDGE_CURVE('',#986,#987,#1178,.T.);
#699=EDGE_CURVE('',#987,#985,#1179,.T.);
#700=EDGE_CURVE('',#984,#988,#1180,.T.);
#701=EDGE_CURVE('',#989,#988,#1181,.T.);
#702=EDGE_CURVE('',#986,#989,#1182,.T.);
#703=EDGE_CURVE('',#988,#990,#1183,.T.);
#704=EDGE_CURVE('',#991,#990,#1184,.T.);
#705=EDGE_CURVE('',#989,#991,#1185,.T.);
#706=EDGE_CURVE('',#992,#993,#1186,.T.);
#707=EDGE_CURVE('',#994,#993,#1187,.T.);
#708=EDGE_CURVE('',#995,#994,#1188,.T.);
#709=EDGE_CURVE('',#995,#992,#1189,.T.);
#710=EDGE_CURVE('',#996,#993,#12,.T.);
#711=EDGE_CURVE('',#997,#996,#1190,.T.);
#712=EDGE_CURVE('',#997,#994,#13,.T.);
#713=EDGE_CURVE('',#998,#996,#14,.T.);
#714=EDGE_CURVE('',#999,#998,#1191,.T.);
#715=EDGE_CURVE('',#999,#997,#15,.T.);
#716=EDGE_CURVE('',#1000,#998,#16,.T.);
#717=EDGE_CURVE('',#1001,#1000,#1192,.T.);
#718=EDGE_CURVE('',#1001,#999,#17,.T.);
#719=EDGE_CURVE('',#1002,#1000,#18,.T.);
#720=EDGE_CURVE('',#1003,#1002,#1193,.T.);
#721=EDGE_CURVE('',#1003,#1001,#19,.T.);
#722=EDGE_CURVE('',#1004,#1002,#20,.T.);
#723=EDGE_CURVE('',#1005,#1004,#1194,.T.);
#724=EDGE_CURVE('',#1005,#1003,#21,.T.);
#725=EDGE_CURVE('',#1006,#1004,#22,.T.);
#726=EDGE_CURVE('',#1007,#1006,#1195,.T.);
#727=EDGE_CURVE('',#1007,#1005,#23,.T.);
#728=EDGE_CURVE('',#1008,#1006,#24,.T.);
#729=EDGE_CURVE('',#1009,#1008,#1196,.T.);
#730=EDGE_CURVE('',#1009,#1007,#25,.T.);
#731=EDGE_CURVE('',#1010,#1008,#26,.T.);
#732=EDGE_CURVE('',#1011,#1010,#1197,.T.);
#733=EDGE_CURVE('',#1011,#1009,#27,.T.);
#734=EDGE_CURVE('',#1012,#1010,#1198,.T.);
#735=EDGE_CURVE('',#1013,#1012,#1199,.T.);
#736=EDGE_CURVE('',#1013,#1011,#1200,.T.);
#737=EDGE_CURVE('',#1012,#1014,#28,.T.);
#738=EDGE_CURVE('',#1015,#1014,#1201,.T.);
#739=EDGE_CURVE('',#1013,#1015,#29,.T.);
#740=EDGE_CURVE('',#1014,#1016,#30,.T.);
#741=EDGE_CURVE('',#1017,#1016,#1202,.T.);
#742=EDGE_CURVE('',#1015,#1017,#31,.T.);
#743=EDGE_CURVE('',#1016,#1018,#32,.T.);
#744=EDGE_CURVE('',#1019,#1018,#1203,.T.);
#745=EDGE_CURVE('',#1017,#1019,#33,.T.);
#746=EDGE_CURVE('',#1018,#1020,#34,.T.);
#747=EDGE_CURVE('',#1021,#1020,#1204,.T.);
#748=EDGE_CURVE('',#1019,#1021,#35,.T.);
#749=EDGE_CURVE('',#1020,#1022,#36,.T.);
#750=EDGE_CURVE('',#1023,#1022,#1205,.T.);
#751=EDGE_CURVE('',#1021,#1023,#37,.T.);
#752=EDGE_CURVE('',#1022,#1024,#38,.T.);
#753=EDGE_CURVE('',#1025,#1024,#1206,.T.);
#754=EDGE_CURVE('',#1023,#1025,#39,.T.);
#755=EDGE_CURVE('',#1024,#1026,#40,.T.);
#756=EDGE_CURVE('',#1027,#1026,#1207,.T.);
#757=EDGE_CURVE('',#1025,#1027,#41,.T.);
#758=EDGE_CURVE('',#1028,#1029,#1208,.T.);
#759=EDGE_CURVE('',#1030,#1028,#1209,.T.);
#760=EDGE_CURVE('',#1030,#1031,#1210,.T.);
#761=EDGE_CURVE('',#1031,#1029,#1211,.T.);
#762=EDGE_CURVE('',#1032,#1028,#1212,.T.);
#763=EDGE_CURVE('',#1033,#1032,#1213,.T.);
#764=EDGE_CURVE('',#1033,#1030,#1214,.T.);
#765=EDGE_CURVE('',#1034,#1032,#1215,.T.);
#766=EDGE_CURVE('',#1035,#1034,#1216,.T.);
#767=EDGE_CURVE('',#1035,#1033,#1217,.T.);
#768=EDGE_CURVE('',#1036,#1034,#1218,.T.);
#769=EDGE_CURVE('',#1037,#1036,#1219,.T.);
#770=EDGE_CURVE('',#1037,#1035,#1220,.T.);
#771=EDGE_CURVE('',#1038,#1036,#1221,.T.);
#772=EDGE_CURVE('',#1039,#1038,#1222,.T.);
#773=EDGE_CURVE('',#1039,#1037,#1223,.T.);
#774=EDGE_CURVE('',#1040,#1038,#1224,.T.);
#775=EDGE_CURVE('',#1041,#1040,#1225,.T.);
#776=EDGE_CURVE('',#1041,#1039,#1226,.T.);
#777=EDGE_CURVE('',#1042,#1040,#1227,.T.);
#778=EDGE_CURVE('',#1043,#1042,#1228,.T.);
#779=EDGE_CURVE('',#1043,#1041,#1229,.T.);
#780=EDGE_CURVE('',#1044,#1045,#1230,.T.);
#781=EDGE_CURVE('',#1046,#1044,#1231,.T.);
#782=EDGE_CURVE('',#1046,#1047,#1232,.T.);
#783=EDGE_CURVE('',#1047,#1045,#1233,.T.);
#784=EDGE_CURVE('',#1048,#1044,#1234,.T.);
#785=EDGE_CURVE('',#1049,#1048,#1235,.T.);
#786=EDGE_CURVE('',#1049,#1046,#1236,.T.);
#787=EDGE_CURVE('',#1050,#1048,#42,.T.);
#788=EDGE_CURVE('',#1051,#1050,#1237,.T.);
#789=EDGE_CURVE('',#1051,#1049,#43,.T.);
#790=EDGE_CURVE('',#1052,#1050,#44,.T.);
#791=EDGE_CURVE('',#1053,#1052,#1238,.T.);
#792=EDGE_CURVE('',#1053,#1051,#45,.T.);
#793=EDGE_CURVE('',#1054,#1052,#46,.T.);
#794=EDGE_CURVE('',#1055,#1054,#1239,.T.);
#795=EDGE_CURVE('',#1055,#1053,#47,.T.);
#796=EDGE_CURVE('',#1056,#1054,#1240,.T.);
#797=EDGE_CURVE('',#1057,#1056,#1241,.T.);
#798=EDGE_CURVE('',#1057,#1055,#1242,.T.);
#799=EDGE_CURVE('',#1058,#1056,#1243,.T.);
#800=EDGE_CURVE('',#1059,#1058,#1244,.T.);
#801=EDGE_CURVE('',#1059,#1057,#1245,.T.);
#802=EDGE_CURVE('',#1060,#1058,#1246,.T.);
#803=EDGE_CURVE('',#1061,#1060,#1247,.T.);
#804=EDGE_CURVE('',#1061,#1059,#1248,.T.);
#805=EDGE_CURVE('',#1062,#1060,#1249,.T.);
#806=EDGE_CURVE('',#1063,#1062,#1250,.T.);
#807=EDGE_CURVE('',#1063,#1061,#1251,.T.);
#808=EDGE_CURVE('',#1064,#1062,#48,.T.);
#809=EDGE_CURVE('',#1065,#1064,#1252,.T.);
#810=EDGE_CURVE('',#1065,#1063,#49,.T.);
#811=EDGE_CURVE('',#1066,#1064,#50,.T.);
#812=EDGE_CURVE('',#1067,#1066,#1253,.T.);
#813=EDGE_CURVE('',#1067,#1065,#51,.T.);
#814=EDGE_CURVE('',#1068,#1066,#52,.T.);
#815=EDGE_CURVE('',#1069,#1068,#1254,.T.);
#816=EDGE_CURVE('',#1069,#1067,#53,.T.);
#817=EDGE_CURVE('',#1070,#1068,#1255,.T.);
#818=EDGE_CURVE('',#1071,#1070,#1256,.T.);
#819=EDGE_CURVE('',#1071,#1069,#1257,.T.);
#820=EDGE_CURVE('',#1072,#1073,#1258,.T.);
#821=EDGE_CURVE('',#1074,#1072,#1259,.T.);
#822=EDGE_CURVE('',#1074,#1075,#1260,.T.);
#823=EDGE_CURVE('',#1075,#1073,#1261,.T.);
#824=EDGE_CURVE('',#1076,#1072,#1262,.T.);
#825=EDGE_CURVE('',#1077,#1076,#1263,.T.);
#826=EDGE_CURVE('',#1077,#1074,#1264,.T.);
#827=EDGE_CURVE('',#1078,#1076,#1265,.T.);
#828=EDGE_CURVE('',#1079,#1078,#1266,.T.);
#829=EDGE_CURVE('',#1079,#1077,#1267,.T.);
#830=EDGE_CURVE('',#1080,#1078,#1268,.T.);
#831=EDGE_CURVE('',#1081,#1080,#1269,.T.);
#832=EDGE_CURVE('',#1081,#1079,#1270,.T.);
#833=EDGE_CURVE('',#1082,#1080,#1271,.T.);
#834=EDGE_CURVE('',#1083,#1082,#1272,.T.);
#835=EDGE_CURVE('',#1083,#1081,#1273,.T.);
#836=EDGE_CURVE('',#1084,#1082,#1274,.T.);
#837=EDGE_CURVE('',#1085,#1084,#1275,.T.);
#838=EDGE_CURVE('',#1085,#1083,#1276,.T.);
#839=EDGE_CURVE('',#1086,#1084,#1277,.T.);
#840=EDGE_CURVE('',#1087,#1086,#1278,.T.);
#841=EDGE_CURVE('',#1087,#1085,#1279,.T.);
#842=EDGE_CURVE('',#1088,#1086,#1280,.T.);
#843=EDGE_CURVE('',#1089,#1088,#1281,.T.);
#844=EDGE_CURVE('',#1089,#1087,#1282,.T.);
#845=EDGE_CURVE('',#1090,#1088,#1283,.T.);
#846=EDGE_CURVE('',#1091,#1090,#1284,.T.);
#847=EDGE_CURVE('',#1091,#1089,#1285,.T.);
#848=EDGE_CURVE('',#1092,#1090,#1286,.T.);
#849=EDGE_CURVE('',#1093,#1092,#1287,.T.);
#850=EDGE_CURVE('',#1093,#1091,#1288,.T.);
#851=EDGE_CURVE('',#1094,#1092,#1289,.T.);
#852=EDGE_CURVE('',#1095,#1094,#1290,.T.);
#853=EDGE_CURVE('',#1095,#1093,#1291,.T.);
#854=EDGE_CURVE('',#1096,#1097,#1292,.T.);
#855=EDGE_CURVE('',#1098,#1096,#1293,.T.);
#856=EDGE_CURVE('',#1098,#1099,#1294,.T.);
#857=EDGE_CURVE('',#1099,#1097,#1295,.T.);
#858=EDGE_CURVE('',#1100,#1096,#54,.T.);
#859=EDGE_CURVE('',#1101,#1100,#1296,.T.);
#860=EDGE_CURVE('',#1101,#1098,#55,.T.);
#861=EDGE_CURVE('',#1102,#1100,#56,.T.);
#862=EDGE_CURVE('',#1103,#1102,#1297,.T.);
#863=EDGE_CURVE('',#1103,#1101,#57,.T.);
#864=EDGE_CURVE('',#1104,#1102,#58,.T.);
#865=EDGE_CURVE('',#1105,#1104,#1298,.T.);
#866=EDGE_CURVE('',#1105,#1103,#59,.T.);
#867=EDGE_CURVE('',#1106,#1104,#60,.T.);
#868=EDGE_CURVE('',#1107,#1106,#1299,.T.);
#869=EDGE_CURVE('',#1107,#1105,#61,.T.);
#870=EDGE_CURVE('',#1108,#1106,#1300,.T.);
#871=EDGE_CURVE('',#1109,#1108,#1301,.T.);
#872=EDGE_CURVE('',#1109,#1107,#1302,.T.);
#873=EDGE_CURVE('',#1110,#1108,#1303,.T.);
#874=EDGE_CURVE('',#1111,#1110,#1304,.T.);
#875=EDGE_CURVE('',#1111,#1109,#1305,.T.);
#876=EDGE_CURVE('',#1112,#1110,#1306,.T.);
#877=EDGE_CURVE('',#1113,#1112,#1307,.T.);
#878=EDGE_CURVE('',#1113,#1111,#1308,.T.);
#879=EDGE_CURVE('',#1114,#1112,#1309,.T.);
#880=EDGE_CURVE('',#1115,#1114,#1310,.T.);
#881=EDGE_CURVE('',#1115,#1113,#1311,.T.);
#882=EDGE_CURVE('',#1116,#1114,#1312,.T.);
#883=EDGE_CURVE('',#1117,#1116,#1313,.T.);
#884=EDGE_CURVE('',#1117,#1115,#1314,.T.);
#885=EDGE_CURVE('',#1118,#1116,#62,.T.);
#886=EDGE_CURVE('',#1119,#1118,#1315,.T.);
#887=EDGE_CURVE('',#1119,#1117,#63,.T.);
#888=EDGE_CURVE('',#1120,#1118,#64,.T.);
#889=EDGE_CURVE('',#1121,#1120,#1316,.T.);
#890=EDGE_CURVE('',#1121,#1119,#65,.T.);
#891=EDGE_CURVE('',#1122,#1120,#1317,.T.);
#892=EDGE_CURVE('',#1123,#1122,#1318,.T.);
#893=EDGE_CURVE('',#1123,#1121,#1319,.T.);
#894=EDGE_CURVE('',#1124,#1125,#1320,.T.);
#895=EDGE_CURVE('',#1126,#1124,#1321,.T.);
#896=EDGE_CURVE('',#1126,#1127,#1322,.T.);
#897=EDGE_CURVE('',#1127,#1125,#1323,.T.);
#898=EDGE_CURVE('',#1128,#1124,#1324,.T.);
#899=EDGE_CURVE('',#1129,#1128,#1325,.T.);
#900=EDGE_CURVE('',#1129,#1126,#1326,.T.);
#901=EDGE_CURVE('',#1130,#1128,#1327,.T.);
#902=EDGE_CURVE('',#1131,#1130,#1328,.T.);
#903=EDGE_CURVE('',#1131,#1129,#1329,.T.);
#904=EDGE_CURVE('',#1132,#1130,#1330,.T.);
#905=EDGE_CURVE('',#1133,#1132,#1331,.T.);
#906=EDGE_CURVE('',#1133,#1131,#1332,.T.);
#907=EDGE_CURVE('',#1134,#1132,#1333,.T.);
#908=EDGE_CURVE('',#1135,#1134,#1334,.T.);
#909=EDGE_CURVE('',#1135,#1133,#1335,.T.);
#910=EDGE_CURVE('',#1136,#1134,#1336,.T.);
#911=EDGE_CURVE('',#1137,#1136,#1337,.T.);
#912=EDGE_CURVE('',#1137,#1135,#1338,.T.);
#913=EDGE_CURVE('',#1138,#1136,#1339,.T.);
#914=EDGE_CURVE('',#1139,#1138,#1340,.T.);
#915=EDGE_CURVE('',#1139,#1137,#1341,.T.);
#916=EDGE_CURVE('',#1140,#1138,#1342,.T.);
#917=EDGE_CURVE('',#1141,#1140,#1343,.T.);
#918=EDGE_CURVE('',#1141,#1139,#1344,.T.);
#919=EDGE_CURVE('',#1142,#1140,#66,.T.);
#920=EDGE_CURVE('',#1143,#1142,#1345,.T.);
#921=EDGE_CURVE('',#1143,#1141,#67,.T.);
#922=EDGE_CURVE('',#1144,#1145,#1346,.T.);
#923=EDGE_CURVE('',#1146,#1144,#1347,.T.);
#924=EDGE_CURVE('',#1146,#1147,#1348,.T.);
#925=EDGE_CURVE('',#1147,#1145,#1349,.T.);
#926=EDGE_CURVE('',#1148,#1144,#1350,.T.);
#927=EDGE_CURVE('',#1149,#1148,#1351,.T.);
#928=EDGE_CURVE('',#1149,#1146,#1352,.T.);
#929=EDGE_CURVE('',#1150,#1148,#1353,.T.);
#930=EDGE_CURVE('',#1151,#1150,#1354,.T.);
#931=EDGE_CURVE('',#1151,#1149,#1355,.T.);
#932=EDGE_CURVE('',#1152,#1150,#1356,.T.);
#933=EDGE_CURVE('',#1153,#1152,#1357,.T.);
#934=EDGE_CURVE('',#1153,#1151,#1358,.T.);
#935=EDGE_CURVE('',#1154,#1152,#68,.T.);
#936=EDGE_CURVE('',#1155,#1154,#1359,.T.);
#937=EDGE_CURVE('',#1155,#1153,#69,.T.);
#938=EDGE_CURVE('',#1156,#1154,#70,.T.);
#939=EDGE_CURVE('',#1157,#1156,#1360,.T.);
#940=EDGE_CURVE('',#1157,#1155,#71,.T.);
#941=EDGE_CURVE('',#1158,#1156,#1361,.T.);
#942=EDGE_CURVE('',#1159,#1158,#1362,.T.);
#943=EDGE_CURVE('',#1159,#1157,#1363,.T.);
#944=EDGE_CURVE('',#1160,#1158,#1364,.T.);
#945=EDGE_CURVE('',#1161,#1160,#1365,.T.);
#946=EDGE_CURVE('',#1161,#1159,#1366,.T.);
#947=EDGE_CURVE('',#1162,#1160,#1367,.T.);
#948=EDGE_CURVE('',#1163,#1162,#1368,.T.);
#949=EDGE_CURVE('',#1163,#1161,#1369,.T.);
#950=EDGE_CURVE('',#1164,#1162,#1370,.T.);
#951=EDGE_CURVE('',#1165,#1164,#1371,.T.);
#952=EDGE_CURVE('',#1165,#1163,#1372,.T.);
#953=EDGE_CURVE('',#1166,#1164,#72,.T.);
#954=EDGE_CURVE('',#1167,#1166,#1373,.T.);
#955=EDGE_CURVE('',#1167,#1165,#73,.T.);
#956=EDGE_CURVE('',#1168,#1166,#74,.T.);
#957=EDGE_CURVE('',#1169,#1168,#1374,.T.);
#958=EDGE_CURVE('',#1169,#1167,#75,.T.);
#959=EDGE_CURVE('',#1170,#1168,#1375,.T.);
#960=EDGE_CURVE('',#1171,#1170,#1376,.T.);
#961=EDGE_CURVE('',#1171,#1169,#1377,.T.);
#962=EDGE_CURVE('',#1172,#1170,#1378,.T.);
#963=EDGE_CURVE('',#1173,#1172,#1379,.T.);
#964=EDGE_CURVE('',#1173,#1171,#1380,.T.);
#965=EDGE_CURVE('',#1174,#1172,#76,.T.);
#966=EDGE_CURVE('',#1175,#1174,#1381,.T.);
#967=EDGE_CURVE('',#1175,#1173,#77,.T.);
#968=EDGE_CURVE('',#1026,#992,#78,.T.);
#969=EDGE_CURVE('',#1027,#995,#79,.T.);
#970=EDGE_CURVE('',#1029,#1042,#1382,.T.);
#971=EDGE_CURVE('',#1031,#1043,#1383,.T.);
#972=EDGE_CURVE('',#1045,#1070,#1384,.T.);
#973=EDGE_CURVE('',#1047,#1071,#1385,.T.);
#974=EDGE_CURVE('',#1073,#1094,#1386,.T.);
#975=EDGE_CURVE('',#1075,#1095,#1387,.T.);
#976=EDGE_CURVE('',#1097,#1122,#1388,.T.);
#977=EDGE_CURVE('',#1099,#1123,#1389,.T.);
#978=EDGE_CURVE('',#1125,#1142,#80,.T.);
#979=EDGE_CURVE('',#1127,#1143,#81,.T.);
#980=EDGE_CURVE('',#1145,#1174,#82,.T.);
#981=EDGE_CURVE('',#1147,#1175,#83,.T.);
#982=EDGE_CURVE('',#985,#990,#1390,.T.);
#983=EDGE_CURVE('',#987,#991,#1391,.T.);
#984=VERTEX_POINT('',#2736);
#985=VERTEX_POINT('',#2737);
#986=VERTEX_POINT('',#2739);
#987=VERTEX_POINT('',#2741);
#988=VERTEX_POINT('',#2745);
#989=VERTEX_POINT('',#2747);
#990=VERTEX_POINT('',#2751);
#991=VERTEX_POINT('',#2753);
#992=VERTEX_POINT('',#2757);
#993=VERTEX_POINT('',#2758);
#994=VERTEX_POINT('',#2760);
#995=VERTEX_POINT('',#2762);
#996=VERTEX_POINT('',#2766);
#997=VERTEX_POINT('',#2768);
#998=VERTEX_POINT('',#2772);
#999=VERTEX_POINT('',#2774);
#1000=VERTEX_POINT('',#2778);
#1001=VERTEX_POINT('',#2780);
#1002=VERTEX_POINT('',#2784);
#1003=VERTEX_POINT('',#2786);
#1004=VERTEX_POINT('',#2790);
#1005=VERTEX_POINT('',#2792);
#1006=VERTEX_POINT('',#2796);
#1007=VERTEX_POINT('',#2798);
#1008=VERTEX_POINT('',#2802);
#1009=VERTEX_POINT('',#2804);
#1010=VERTEX_POINT('',#2808);
#1011=VERTEX_POINT('',#2810);
#1012=VERTEX_POINT('',#2814);
#1013=VERTEX_POINT('',#2816);
#1014=VERTEX_POINT('',#2820);
#1015=VERTEX_POINT('',#2822);
#1016=VERTEX_POINT('',#2826);
#1017=VERTEX_POINT('',#2828);
#1018=VERTEX_POINT('',#2832);
#1019=VERTEX_POINT('',#2834);
#1020=VERTEX_POINT('',#2838);
#1021=VERTEX_POINT('',#2840);
#1022=VERTEX_POINT('',#2844);
#1023=VERTEX_POINT('',#2846);
#1024=VERTEX_POINT('',#2850);
#1025=VERTEX_POINT('',#2852);
#1026=VERTEX_POINT('',#2856);
#1027=VERTEX_POINT('',#2858);
#1028=VERTEX_POINT('',#2862);
#1029=VERTEX_POINT('',#2863);
#1030=VERTEX_POINT('',#2865);
#1031=VERTEX_POINT('',#2867);
#1032=VERTEX_POINT('',#2871);
#1033=VERTEX_POINT('',#2873);
#1034=VERTEX_POINT('',#2877);
#1035=VERTEX_POINT('',#2879);
#1036=VERTEX_POINT('',#2883);
#1037=VERTEX_POINT('',#2885);
#1038=VERTEX_POINT('',#2889);
#1039=VERTEX_POINT('',#2891);
#1040=VERTEX_POINT('',#2895);
#1041=VERTEX_POINT('',#2897);
#1042=VERTEX_POINT('',#2901);
#1043=VERTEX_POINT('',#2903);
#1044=VERTEX_POINT('',#2907);
#1045=VERTEX_POINT('',#2908);
#1046=VERTEX_POINT('',#2910);
#1047=VERTEX_POINT('',#2912);
#1048=VERTEX_POINT('',#2916);
#1049=VERTEX_POINT('',#2918);
#1050=VERTEX_POINT('',#2922);
#1051=VERTEX_POINT('',#2924);
#1052=VERTEX_POINT('',#2928);
#1053=VERTEX_POINT('',#2930);
#1054=VERTEX_POINT('',#2934);
#1055=VERTEX_POINT('',#2936);
#1056=VERTEX_POINT('',#2940);
#1057=VERTEX_POINT('',#2942);
#1058=VERTEX_POINT('',#2946);
#1059=VERTEX_POINT('',#2948);
#1060=VERTEX_POINT('',#2952);
#1061=VERTEX_POINT('',#2954);
#1062=VERTEX_POINT('',#2958);
#1063=VERTEX_POINT('',#2960);
#1064=VERTEX_POINT('',#2964);
#1065=VERTEX_POINT('',#2966);
#1066=VERTEX_POINT('',#2970);
#1067=VERTEX_POINT('',#2972);
#1068=VERTEX_POINT('',#2976);
#1069=VERTEX_POINT('',#2978);
#1070=VERTEX_POINT('',#2982);
#1071=VERTEX_POINT('',#2984);
#1072=VERTEX_POINT('',#2988);
#1073=VERTEX_POINT('',#2989);
#1074=VERTEX_POINT('',#2991);
#1075=VERTEX_POINT('',#2993);
#1076=VERTEX_POINT('',#2997);
#1077=VERTEX_POINT('',#2999);
#1078=VERTEX_POINT('',#3003);
#1079=VERTEX_POINT('',#3005);
#1080=VERTEX_POINT('',#3009);
#1081=VERTEX_POINT('',#3011);
#1082=VERTEX_POINT('',#3015);
#1083=VERTEX_POINT('',#3017);
#1084=VERTEX_POINT('',#3021);
#1085=VERTEX_POINT('',#3023);
#1086=VERTEX_POINT('',#3027);
#1087=VERTEX_POINT('',#3029);
#1088=VERTEX_POINT('',#3033);
#1089=VERTEX_POINT('',#3035);
#1090=VERTEX_POINT('',#3039);
#1091=VERTEX_POINT('',#3041);
#1092=VERTEX_POINT('',#3045);
#1093=VERTEX_POINT('',#3047);
#1094=VERTEX_POINT('',#3051);
#1095=VERTEX_POINT('',#3053);
#1096=VERTEX_POINT('',#3057);
#1097=VERTEX_POINT('',#3058);
#1098=VERTEX_POINT('',#3060);
#1099=VERTEX_POINT('',#3062);
#1100=VERTEX_POINT('',#3066);
#1101=VERTEX_POINT('',#3068);
#1102=VERTEX_POINT('',#3072);
#1103=VERTEX_POINT('',#3074);
#1104=VERTEX_POINT('',#3078);
#1105=VERTEX_POINT('',#3080);
#1106=VERTEX_POINT('',#3084);
#1107=VERTEX_POINT('',#3086);
#1108=VERTEX_POINT('',#3090);
#1109=VERTEX_POINT('',#3092);
#1110=VERTEX_POINT('',#3096);
#1111=VERTEX_POINT('',#3098);
#1112=VERTEX_POINT('',#3102);
#1113=VERTEX_POINT('',#3104);
#1114=VERTEX_POINT('',#3108);
#1115=VERTEX_POINT('',#3110);
#1116=VERTEX_POINT('',#3114);
#1117=VERTEX_POINT('',#3116);
#1118=VERTEX_POINT('',#3120);
#1119=VERTEX_POINT('',#3122);
#1120=VERTEX_POINT('',#3126);
#1121=VERTEX_POINT('',#3128);
#1122=VERTEX_POINT('',#3132);
#1123=VERTEX_POINT('',#3134);
#1124=VERTEX_POINT('',#3138);
#1125=VERTEX_POINT('',#3139);
#1126=VERTEX_POINT('',#3141);
#1127=VERTEX_POINT('',#3143);
#1128=VERTEX_POINT('',#3147);
#1129=VERTEX_POINT('',#3149);
#1130=VERTEX_POINT('',#3153);
#1131=VERTEX_POINT('',#3155);
#1132=VERTEX_POINT('',#3159);
#1133=VERTEX_POINT('',#3161);
#1134=VERTEX_POINT('',#3165);
#1135=VERTEX_POINT('',#3167);
#1136=VERTEX_POINT('',#3171);
#1137=VERTEX_POINT('',#3173);
#1138=VERTEX_POINT('',#3177);
#1139=VERTEX_POINT('',#3179);
#1140=VERTEX_POINT('',#3183);
#1141=VERTEX_POINT('',#3185);
#1142=VERTEX_POINT('',#3189);
#1143=VERTEX_POINT('',#3191);
#1144=VERTEX_POINT('',#3195);
#1145=VERTEX_POINT('',#3196);
#1146=VERTEX_POINT('',#3198);
#1147=VERTEX_POINT('',#3200);
#1148=VERTEX_POINT('',#3204);
#1149=VERTEX_POINT('',#3206);
#1150=VERTEX_POINT('',#3210);
#1151=VERTEX_POINT('',#3212);
#1152=VERTEX_POINT('',#3216);
#1153=VERTEX_POINT('',#3218);
#1154=VERTEX_POINT('',#3222);
#1155=VERTEX_POINT('',#3224);
#1156=VERTEX_POINT('',#3228);
#1157=VERTEX_POINT('',#3230);
#1158=VERTEX_POINT('',#3234);
#1159=VERTEX_POINT('',#3236);
#1160=VERTEX_POINT('',#3240);
#1161=VERTEX_POINT('',#3242);
#1162=VERTEX_POINT('',#3246);
#1163=VERTEX_POINT('',#3248);
#1164=VERTEX_POINT('',#3252);
#1165=VERTEX_POINT('',#3254);
#1166=VERTEX_POINT('',#3258);
#1167=VERTEX_POINT('',#3260);
#1168=VERTEX_POINT('',#3264);
#1169=VERTEX_POINT('',#3266);
#1170=VERTEX_POINT('',#3270);
#1171=VERTEX_POINT('',#3272);
#1172=VERTEX_POINT('',#3276);
#1173=VERTEX_POINT('',#3278);
#1174=VERTEX_POINT('',#3282);
#1175=VERTEX_POINT('',#3284);
#1176=LINE('',#2735,#1392);
#1177=LINE('',#2738,#1393);
#1178=LINE('',#2740,#1394);
#1179=LINE('',#2742,#1395);
#1180=LINE('',#2744,#1396);
#1181=LINE('',#2746,#1397);
#1182=LINE('',#2748,#1398);
#1183=LINE('',#2750,#1399);
#1184=LINE('',#2752,#1400);
#1185=LINE('',#2754,#1401);
#1186=LINE('',#2756,#1402);
#1187=LINE('',#2759,#1403);
#1188=LINE('',#2761,#1404);
#1189=LINE('',#2763,#1405);
#1190=LINE('',#2767,#1406);
#1191=LINE('',#2773,#1407);
#1192=LINE('',#2779,#1408);
#1193=LINE('',#2785,#1409);
#1194=LINE('',#2791,#1410);
#1195=LINE('',#2797,#1411);
#1196=LINE('',#2803,#1412);
#1197=LINE('',#2809,#1413);
#1198=LINE('',#2813,#1414);
#1199=LINE('',#2815,#1415);
#1200=LINE('',#2817,#1416);
#1201=LINE('',#2821,#1417);
#1202=LINE('',#2827,#1418);
#1203=LINE('',#2833,#1419);
#1204=LINE('',#2839,#1420);
#1205=LINE('',#2845,#1421);
#1206=LINE('',#2851,#1422);
#1207=LINE('',#2857,#1423);
#1208=LINE('',#2861,#1424);
#1209=LINE('',#2864,#1425);
#1210=LINE('',#2866,#1426);
#1211=LINE('',#2868,#1427);
#1212=LINE('',#2870,#1428);
#1213=LINE('',#2872,#1429);
#1214=LINE('',#2874,#1430);
#1215=LINE('',#2876,#1431);
#1216=LINE('',#2878,#1432);
#1217=LINE('',#2880,#1433);
#1218=LINE('',#2882,#1434);
#1219=LINE('',#2884,#1435);
#1220=LINE('',#2886,#1436);
#1221=LINE('',#2888,#1437);
#1222=LINE('',#2890,#1438);
#1223=LINE('',#2892,#1439);
#1224=LINE('',#2894,#1440);
#1225=LINE('',#2896,#1441);
#1226=LINE('',#2898,#1442);
#1227=LINE('',#2900,#1443);
#1228=LINE('',#2902,#1444);
#1229=LINE('',#2904,#1445);
#1230=LINE('',#2906,#1446);
#1231=LINE('',#2909,#1447);
#1232=LINE('',#2911,#1448);
#1233=LINE('',#2913,#1449);
#1234=LINE('',#2915,#1450);
#1235=LINE('',#2917,#1451);
#1236=LINE('',#2919,#1452);
#1237=LINE('',#2923,#1453);
#1238=LINE('',#2929,#1454);
#1239=LINE('',#2935,#1455);
#1240=LINE('',#2939,#1456);
#1241=LINE('',#2941,#1457);
#1242=LINE('',#2943,#1458);
#1243=LINE('',#2945,#1459);
#1244=LINE('',#2947,#1460);
#1245=LINE('',#2949,#1461);
#1246=LINE('',#2951,#1462);
#1247=LINE('',#2953,#1463);
#1248=LINE('',#2955,#1464);
#1249=LINE('',#2957,#1465);
#1250=LINE('',#2959,#1466);
#1251=LINE('',#2961,#1467);
#1252=LINE('',#2965,#1468);
#1253=LINE('',#2971,#1469);
#1254=LINE('',#2977,#1470);
#1255=LINE('',#2981,#1471);
#1256=LINE('',#2983,#1472);
#1257=LINE('',#2985,#1473);
#1258=LINE('',#2987,#1474);
#1259=LINE('',#2990,#1475);
#1260=LINE('',#2992,#1476);
#1261=LINE('',#2994,#1477);
#1262=LINE('',#2996,#1478);
#1263=LINE('',#2998,#1479);
#1264=LINE('',#3000,#1480);
#1265=LINE('',#3002,#1481);
#1266=LINE('',#3004,#1482);
#1267=LINE('',#3006,#1483);
#1268=LINE('',#3008,#1484);
#1269=LINE('',#3010,#1485);
#1270=LINE('',#3012,#1486);
#1271=LINE('',#3014,#1487);
#1272=LINE('',#3016,#1488);
#1273=LINE('',#3018,#1489);
#1274=LINE('',#3020,#1490);
#1275=LINE('',#3022,#1491);
#1276=LINE('',#3024,#1492);
#1277=LINE('',#3026,#1493);
#1278=LINE('',#3028,#1494);
#1279=LINE('',#3030,#1495);
#1280=LINE('',#3032,#1496);
#1281=LINE('',#3034,#1497);
#1282=LINE('',#3036,#1498);
#1283=LINE('',#3038,#1499);
#1284=LINE('',#3040,#1500);
#1285=LINE('',#3042,#1501);
#1286=LINE('',#3044,#1502);
#1287=LINE('',#3046,#1503);
#1288=LINE('',#3048,#1504);
#1289=LINE('',#3050,#1505);
#1290=LINE('',#3052,#1506);
#1291=LINE('',#3054,#1507);
#1292=LINE('',#3056,#1508);
#1293=LINE('',#3059,#1509);
#1294=LINE('',#3061,#1510);
#1295=LINE('',#3063,#1511);
#1296=LINE('',#3067,#1512);
#1297=LINE('',#3073,#1513);
#1298=LINE('',#3079,#1514);
#1299=LINE('',#3085,#1515);
#1300=LINE('',#3089,#1516);
#1301=LINE('',#3091,#1517);
#1302=LINE('',#3093,#1518);
#1303=LINE('',#3095,#1519);
#1304=LINE('',#3097,#1520);
#1305=LINE('',#3099,#1521);
#1306=LINE('',#3101,#1522);
#1307=LINE('',#3103,#1523);
#1308=LINE('',#3105,#1524);
#1309=LINE('',#3107,#1525);
#1310=LINE('',#3109,#1526);
#1311=LINE('',#3111,#1527);
#1312=LINE('',#3113,#1528);
#1313=LINE('',#3115,#1529);
#1314=LINE('',#3117,#1530);
#1315=LINE('',#3121,#1531);
#1316=LINE('',#3127,#1532);
#1317=LINE('',#3131,#1533);
#1318=LINE('',#3133,#1534);
#1319=LINE('',#3135,#1535);
#1320=LINE('',#3137,#1536);
#1321=LINE('',#3140,#1537);
#1322=LINE('',#3142,#1538);
#1323=LINE('',#3144,#1539);
#1324=LINE('',#3146,#1540);
#1325=LINE('',#3148,#1541);
#1326=LINE('',#3150,#1542);
#1327=LINE('',#3152,#1543);
#1328=LINE('',#3154,#1544);
#1329=LINE('',#3156,#1545);
#1330=LINE('',#3158,#1546);
#1331=LINE('',#3160,#1547);
#1332=LINE('',#3162,#1548);
#1333=LINE('',#3164,#1549);
#1334=LINE('',#3166,#1550);
#1335=LINE('',#3168,#1551);
#1336=LINE('',#3170,#1552);
#1337=LINE('',#3172,#1553);
#1338=LINE('',#3174,#1554);
#1339=LINE('',#3176,#1555);
#1340=LINE('',#3178,#1556);
#1341=LINE('',#3180,#1557);
#1342=LINE('',#3182,#1558);
#1343=LINE('',#3184,#1559);
#1344=LINE('',#3186,#1560);
#1345=LINE('',#3190,#1561);
#1346=LINE('',#3194,#1562);
#1347=LINE('',#3197,#1563);
#1348=LINE('',#3199,#1564);
#1349=LINE('',#3201,#1565);
#1350=LINE('',#3203,#1566);
#1351=LINE('',#3205,#1567);
#1352=LINE('',#3207,#1568);
#1353=LINE('',#3209,#1569);
#1354=LINE('',#3211,#1570);
#1355=LINE('',#3213,#1571);
#1356=LINE('',#3215,#1572);
#1357=LINE('',#3217,#1573);
#1358=LINE('',#3219,#1574);
#1359=LINE('',#3223,#1575);
#1360=LINE('',#3229,#1576);
#1361=LINE('',#3233,#1577);
#1362=LINE('',#3235,#1578);
#1363=LINE('',#3237,#1579);
#1364=LINE('',#3239,#1580);
#1365=LINE('',#3241,#1581);
#1366=LINE('',#3243,#1582);
#1367=LINE('',#3245,#1583);
#1368=LINE('',#3247,#1584);
#1369=LINE('',#3249,#1585);
#1370=LINE('',#3251,#1586);
#1371=LINE('',#3253,#1587);
#1372=LINE('',#3255,#1588);
#1373=LINE('',#3259,#1589);
#1374=LINE('',#3265,#1590);
#1375=LINE('',#3269,#1591);
#1376=LINE('',#3271,#1592);
#1377=LINE('',#3273,#1593);
#1378=LINE('',#3275,#1594);
#1379=LINE('',#3277,#1595);
#1380=LINE('',#3279,#1596);
#1381=LINE('',#3283,#1597);
#1382=LINE('',#3290,#1598);
#1383=LINE('',#3291,#1599);
#1384=LINE('',#3293,#1600);
#1385=LINE('',#3294,#1601);
#1386=LINE('',#3296,#1602);
#1387=LINE('',#3297,#1603);
#1388=LINE('',#3299,#1604);
#1389=LINE('',#3300,#1605);
#1390=LINE('',#3308,#1606);
#1391=LINE('',#3309,#1607);
#1392=VECTOR('',#2179,1.);
#1393=VECTOR('',#2180,1.);
#1394=VECTOR('',#2181,1.);
#1395=VECTOR('',#2182,1.);
#1396=VECTOR('',#2185,1.);
#1397=VECTOR('',#2186,1.);
#1398=VECTOR('',#2187,1.);
#1399=VECTOR('',#2190,1.);
#1400=VECTOR('',#2191,1.);
#1401=VECTOR('',#2192,1.);
#1402=VECTOR('',#2195,1.);
#1403=VECTOR('',#2196,1.);
#1404=VECTOR('',#2197,1.);
#1405=VECTOR('',#2198,1.);
#1406=VECTOR('',#2203,1.);
#1407=VECTOR('',#2210,1.);
#1408=VECTOR('',#2217,1.);
#1409=VECTOR('',#2224,1.);
#1410=VECTOR('',#2231,1.);
#1411=VECTOR('',#2238,1.);
#1412=VECTOR('',#2245,1.);
#1413=VECTOR('',#2252,1.);
#1414=VECTOR('',#2257,1.);
#1415=VECTOR('',#2258,1.);
#1416=VECTOR('',#2259,1.);
#1417=VECTOR('',#2264,1.);
#1418=VECTOR('',#2271,1.);
#1419=VECTOR('',#2278,1.);
#1420=VECTOR('',#2285,1.);
#1421=VECTOR('',#2292,1.);
#1422=VECTOR('',#2299,1.);
#1423=VECTOR('',#2306,1.);
#1424=VECTOR('',#2311,1.);
#1425=VECTOR('',#2312,1.);
#1426=VECTOR('',#2313,1.);
#1427=VECTOR('',#2314,1.);
#1428=VECTOR('',#2317,1.);
#1429=VECTOR('',#2318,1.);
#1430=VECTOR('',#2319,1.);
#1431=VECTOR('',#2322,1.);
#1432=VECTOR('',#2323,1.);
#1433=VECTOR('',#2324,1.);
#1434=VECTOR('',#2327,1.);
#1435=VECTOR('',#2328,1.);
#1436=VECTOR('',#2329,1.);
#1437=VECTOR('',#2332,1.);
#1438=VECTOR('',#2333,1.);
#1439=VECTOR('',#2334,1.);
#1440=VECTOR('',#2337,1.);
#1441=VECTOR('',#2338,1.);
#1442=VECTOR('',#2339,1.);
#1443=VECTOR('',#2342,1.);
#1444=VECTOR('',#2343,1.);
#1445=VECTOR('',#2344,1.);
#1446=VECTOR('',#2347,1.);
#1447=VECTOR('',#2348,1.);
#1448=VECTOR('',#2349,1.);
#1449=VECTOR('',#2350,1.);
#1450=VECTOR('',#2353,1.);
#1451=VECTOR('',#2354,1.);
#1452=VECTOR('',#2355,1.);
#1453=VECTOR('',#2360,1.);
#1454=VECTOR('',#2367,1.);
#1455=VECTOR('',#2374,1.);
#1456=VECTOR('',#2379,1.);
#1457=VECTOR('',#2380,1.);
#1458=VECTOR('',#2381,1.);
#1459=VECTOR('',#2384,1.);
#1460=VECTOR('',#2385,1.);
#1461=VECTOR('',#2386,1.);
#1462=VECTOR('',#2389,1.);
#1463=VECTOR('',#2390,1.);
#1464=VECTOR('',#2391,1.);
#1465=VECTOR('',#2394,1.);
#1466=VECTOR('',#2395,1.);
#1467=VECTOR('',#2396,1.);
#1468=VECTOR('',#2401,1.);
#1469=VECTOR('',#2408,1.);
#1470=VECTOR('',#2415,1.);
#1471=VECTOR('',#2420,1.);
#1472=VECTOR('',#2421,1.);
#1473=VECTOR('',#2422,1.);
#1474=VECTOR('',#2425,1.);
#1475=VECTOR('',#2426,1.);
#1476=VECTOR('',#2427,1.);
#1477=VECTOR('',#2428,1.);
#1478=VECTOR('',#2431,1.);
#1479=VECTOR('',#2432,1.);
#1480=VECTOR('',#2433,1.);
#1481=VECTOR('',#2436,1.);
#1482=VECTOR('',#2437,1.);
#1483=VECTOR('',#2438,1.);
#1484=VECTOR('',#2441,1.);
#1485=VECTOR('',#2442,1.);
#1486=VECTOR('',#2443,1.);
#1487=VECTOR('',#2446,1.);
#1488=VECTOR('',#2447,1.);
#1489=VECTOR('',#2448,1.);
#1490=VECTOR('',#2451,1.);
#1491=VECTOR('',#2452,1.);
#1492=VECTOR('',#2453,1.);
#1493=VECTOR('',#2456,1.);
#1494=VECTOR('',#2457,1.);
#1495=VECTOR('',#2458,1.);
#1496=VECTOR('',#2461,1.);
#1497=VECTOR('',#2462,1.);
#1498=VECTOR('',#2463,1.);
#1499=VECTOR('',#2466,1.);
#1500=VECTOR('',#2467,1.);
#1501=VECTOR('',#2468,1.);
#1502=VECTOR('',#2471,1.);
#1503=VECTOR('',#2472,1.);
#1504=VECTOR('',#2473,1.);
#1505=VECTOR('',#2476,1.);
#1506=VECTOR('',#2477,1.);
#1507=VECTOR('',#2478,1.);
#1508=VECTOR('',#2481,1.);
#1509=VECTOR('',#2482,1.);
#1510=VECTOR('',#2483,1.);
#1511=VECTOR('',#2484,1.);
#1512=VECTOR('',#2489,1.);
#1513=VECTOR('',#2496,1.);
#1514=VECTOR('',#2503,1.);
#1515=VECTOR('',#2510,1.);
#1516=VECTOR('',#2515,1.);
#1517=VECTOR('',#2516,1.);
#1518=VECTOR('',#2517,1.);
#1519=VECTOR('',#2520,1.);
#1520=VECTOR('',#2521,1.);
#1521=VECTOR('',#2522,1.);
#1522=VECTOR('',#2525,1.);
#1523=VECTOR('',#2526,1.);
#1524=VECTOR('',#2527,1.);
#1525=VECTOR('',#2530,1.);
#1526=VECTOR('',#2531,1.);
#1527=VECTOR('',#2532,1.);
#1528=VECTOR('',#2535,1.);
#1529=VECTOR('',#2536,1.);
#1530=VECTOR('',#2537,1.);
#1531=VECTOR('',#2542,1.);
#1532=VECTOR('',#2549,1.);
#1533=VECTOR('',#2554,1.);
#1534=VECTOR('',#2555,1.);
#1535=VECTOR('',#2556,1.);
#1536=VECTOR('',#2559,1.);
#1537=VECTOR('',#2560,1.);
#1538=VECTOR('',#2561,1.);
#1539=VECTOR('',#2562,1.);
#1540=VECTOR('',#2565,1.);
#1541=VECTOR('',#2566,1.);
#1542=VECTOR('',#2567,1.);
#1543=VECTOR('',#2570,1.);
#1544=VECTOR('',#2571,1.);
#1545=VECTOR('',#2572,1.);
#1546=VECTOR('',#2575,1.);
#1547=VECTOR('',#2576,1.);
#1548=VECTOR('',#2577,1.);
#1549=VECTOR('',#2580,1.);
#1550=VECTOR('',#2581,1.);
#1551=VECTOR('',#2582,1.);
#1552=VECTOR('',#2585,1.);
#1553=VECTOR('',#2586,1.);
#1554=VECTOR('',#2587,1.);
#1555=VECTOR('',#2590,1.);
#1556=VECTOR('',#2591,1.);
#1557=VECTOR('',#2592,1.);
#1558=VECTOR('',#2595,1.);
#1559=VECTOR('',#2596,1.);
#1560=VECTOR('',#2597,1.);
#1561=VECTOR('',#2602,1.);
#1562=VECTOR('',#2607,1.);
#1563=VECTOR('',#2608,1.);
#1564=VECTOR('',#2609,1.);
#1565=VECTOR('',#2610,1.);
#1566=VECTOR('',#2613,1.);
#1567=VECTOR('',#2614,1.);
#1568=VECTOR('',#2615,1.);
#1569=VECTOR('',#2618,1.);
#1570=VECTOR('',#2619,1.);
#1571=VECTOR('',#2620,1.);
#1572=VECTOR('',#2623,1.);
#1573=VECTOR('',#2624,1.);
#1574=VECTOR('',#2625,1.);
#1575=VECTOR('',#2630,1.);
#1576=VECTOR('',#2637,1.);
#1577=VECTOR('',#2642,1.);
#1578=VECTOR('',#2643,1.);
#1579=VECTOR('',#2644,1.);
#1580=VECTOR('',#2647,1.);
#1581=VECTOR('',#2648,1.);
#1582=VECTOR('',#2649,1.);
#1583=VECTOR('',#2652,1.);
#1584=VECTOR('',#2653,1.);
#1585=VECTOR('',#2654,1.);
#1586=VECTOR('',#2657,1.);
#1587=VECTOR('',#2658,1.);
#1588=VECTOR('',#2659,1.);
#1589=VECTOR('',#2664,1.);
#1590=VECTOR('',#2671,1.);
#1591=VECTOR('',#2676,1.);
#1592=VECTOR('',#2677,1.);
#1593=VECTOR('',#2678,1.);
#1594=VECTOR('',#2681,1.);
#1595=VECTOR('',#2682,1.);
#1596=VECTOR('',#2683,1.);
#1597=VECTOR('',#2688,1.);
#1598=VECTOR('',#2699,1.);
#1599=VECTOR('',#2700,1.);
#1600=VECTOR('',#2703,1.);
#1601=VECTOR('',#2704,1.);
#1602=VECTOR('',#2707,1.);
#1603=VECTOR('',#2708,1.);
#1604=VECTOR('',#2711,1.);
#1605=VECTOR('',#2712,1.);
#1606=VECTOR('',#2727,1.);
#1607=VECTOR('',#2728,1.);
#1608=EDGE_LOOP('',(#120,#121,#122,#123));
#1609=EDGE_LOOP('',(#124,#125,#126,#127));
#1610=EDGE_LOOP('',(#128,#129,#130,#131));
#1611=EDGE_LOOP('',(#132,#133,#134,#135));
#1612=EDGE_LOOP('',(#136,#137,#138,#139));
#1613=EDGE_LOOP('',(#140,#141,#142,#143));
#1614=EDGE_LOOP('',(#144,#145,#146,#147));
#1615=EDGE_LOOP('',(#148,#149,#150,#151));
#1616=EDGE_LOOP('',(#152,#153,#154,#155));
#1617=EDGE_LOOP('',(#156,#157,#158,#159));
#1618=EDGE_LOOP('',(#160,#161,#162,#163));
#1619=EDGE_LOOP('',(#164,#165,#166,#167));
#1620=EDGE_LOOP('',(#168,#169,#170,#171));
#1621=EDGE_LOOP('',(#172,#173,#174,#175));
#1622=EDGE_LOOP('',(#176,#177,#178,#179));
#1623=EDGE_LOOP('',(#180,#181,#182,#183));
#1624=EDGE_LOOP('',(#184,#185,#186,#187));
#1625=EDGE_LOOP('',(#188,#189,#190,#191));
#1626=EDGE_LOOP('',(#192,#193,#194,#195));
#1627=EDGE_LOOP('',(#196,#197,#198,#199));
#1628=EDGE_LOOP('',(#200,#201,#202,#203));
#1629=EDGE_LOOP('',(#204,#205,#206,#207));
#1630=EDGE_LOOP('',(#208,#209,#210,#211));
#1631=EDGE_LOOP('',(#212,#213,#214,#215));
#1632=EDGE_LOOP('',(#216,#217,#218,#219));
#1633=EDGE_LOOP('',(#220,#221,#222,#223));
#1634=EDGE_LOOP('',(#224,#225,#226,#227));
#1635=EDGE_LOOP('',(#228,#229,#230,#231));
#1636=EDGE_LOOP('',(#232,#233,#234,#235));
#1637=EDGE_LOOP('',(#236,#237,#238,#239));
#1638=EDGE_LOOP('',(#240,#241,#242,#243));
#1639=EDGE_LOOP('',(#244,#245,#246,#247));
#1640=EDGE_LOOP('',(#248,#249,#250,#251));
#1641=EDGE_LOOP('',(#252,#253,#254,#255));
#1642=EDGE_LOOP('',(#256,#257,#258,#259));
#1643=EDGE_LOOP('',(#260,#261,#262,#263));
#1644=EDGE_LOOP('',(#264,#265,#266,#267));
#1645=EDGE_LOOP('',(#268,#269,#270,#271));
#1646=EDGE_LOOP('',(#272,#273,#274,#275));
#1647=EDGE_LOOP('',(#276,#277,#278,#279));
#1648=EDGE_LOOP('',(#280,#281,#282,#283));
#1649=EDGE_LOOP('',(#284,#285,#286,#287));
#1650=EDGE_LOOP('',(#288,#289,#290,#291));
#1651=EDGE_LOOP('',(#292,#293,#294,#295));
#1652=EDGE_LOOP('',(#296,#297,#298,#299));
#1653=EDGE_LOOP('',(#300,#301,#302,#303));
#1654=EDGE_LOOP('',(#304,#305,#306,#307));
#1655=EDGE_LOOP('',(#308,#309,#310,#311));
#1656=EDGE_LOOP('',(#312,#313,#314,#315));
#1657=EDGE_LOOP('',(#316,#317,#318,#319));
#1658=EDGE_LOOP('',(#320,#321,#322,#323));
#1659=EDGE_LOOP('',(#324,#325,#326,#327));
#1660=EDGE_LOOP('',(#328,#329,#330,#331));
#1661=EDGE_LOOP('',(#332,#333,#334,#335));
#1662=EDGE_LOOP('',(#336,#337,#338,#339));
#1663=EDGE_LOOP('',(#340,#341,#342,#343));
#1664=EDGE_LOOP('',(#344,#345,#346,#347));
#1665=EDGE_LOOP('',(#348,#349,#350,#351));
#1666=EDGE_LOOP('',(#352,#353,#354,#355));
#1667=EDGE_LOOP('',(#356,#357,#358,#359));
#1668=EDGE_LOOP('',(#360,#361,#362,#363));
#1669=EDGE_LOOP('',(#364,#365,#366,#367));
#1670=EDGE_LOOP('',(#368,#369,#370,#371));
#1671=EDGE_LOOP('',(#372,#373,#374,#375));
#1672=EDGE_LOOP('',(#376,#377,#378,#379));
#1673=EDGE_LOOP('',(#380,#381,#382,#383));
#1674=EDGE_LOOP('',(#384,#385,#386,#387));
#1675=EDGE_LOOP('',(#388,#389,#390,#391));
#1676=EDGE_LOOP('',(#392,#393,#394,#395));
#1677=EDGE_LOOP('',(#396,#397,#398,#399));
#1678=EDGE_LOOP('',(#400,#401,#402,#403));
#1679=EDGE_LOOP('',(#404,#405,#406,#407));
#1680=EDGE_LOOP('',(#408,#409,#410,#411));
#1681=EDGE_LOOP('',(#412,#413,#414,#415));
#1682=EDGE_LOOP('',(#416,#417,#418,#419));
#1683=EDGE_LOOP('',(#420,#421,#422,#423));
#1684=EDGE_LOOP('',(#424,#425,#426,#427));
#1685=EDGE_LOOP('',(#428,#429,#430,#431));
#1686=EDGE_LOOP('',(#432,#433,#434,#435));
#1687=EDGE_LOOP('',(#436,#437,#438,#439));
#1688=EDGE_LOOP('',(#440,#441,#442,#443));
#1689=EDGE_LOOP('',(#444,#445,#446,#447));
#1690=EDGE_LOOP('',(#448,#449,#450,#451));
#1691=EDGE_LOOP('',(#452,#453,#454,#455));
#1692=EDGE_LOOP('',(#456,#457,#458,#459));
#1693=EDGE_LOOP('',(#460,#461,#462,#463));
#1694=EDGE_LOOP('',(#464,#465,#466,#467));
#1695=EDGE_LOOP('',(#468,#469,#470,#471));
#1696=EDGE_LOOP('',(#472,#473,#474,#475));
#1697=EDGE_LOOP('',(#476,#477,#478,#479));
#1698=EDGE_LOOP('',(#480,#481,#482,#483));
#1699=EDGE_LOOP('',(#484,#485,#486,#487));
#1700=EDGE_LOOP('',(#488,#489,#490,#491));
#1701=EDGE_LOOP('',(#492,#493,#494,#495));
#1702=EDGE_LOOP('',(#496,#497,#498,#499));
#1703=EDGE_LOOP('',(#500,#501,#502,#503));
#1704=EDGE_LOOP('',(#504,#505,#506,#507,#508,#509,#510,#511,#512,#513,#514,
#515,#516,#517,#518,#519));
#1705=EDGE_LOOP('',(#520,#521,#522,#523,#524,#525,#526,#527,#528,#529));
#1706=EDGE_LOOP('',(#530,#531,#532,#533,#534,#535,#536,#537,#538,#539,#540,
#541,#542,#543));
#1707=EDGE_LOOP('',(#544,#545,#546,#547,#548,#549,#550,#551,#552,#553,#554,
#555));
#1708=EDGE_LOOP('',(#556,#557,#558,#559,#560,#561,#562,#563,#564,#565,#566,
#567,#568,#569));
#1709=EDGE_LOOP('',(#570,#571,#572,#573,#574,#575,#576,#577));
#1710=EDGE_LOOP('',(#578,#579,#580,#581,#582,#583,#584,#585,#586,#587,#588,
#589,#590,#591,#592,#593,#594,#595));
#1711=EDGE_LOOP('',(#596,#597,#598,#599));
#1712=EDGE_LOOP('',(#600,#601,#602,#603,#604,#605,#606,#607,#608,#609,#610,
#611,#612,#613,#614,#615));
#1713=EDGE_LOOP('',(#616,#617,#618,#619,#620,#621,#622,#623,#624,#625));
#1714=EDGE_LOOP('',(#626,#627,#628,#629,#630,#631,#632,#633,#634,#635,#636,
#637,#638,#639));
#1715=EDGE_LOOP('',(#640,#641,#642,#643,#644,#645,#646,#647,#648,#649,#650,
#651));
#1716=EDGE_LOOP('',(#652,#653,#654,#655,#656,#657,#658,#659,#660,#661,#662,
#663,#664,#665));
#1717=EDGE_LOOP('',(#666,#667,#668,#669,#670,#671,#672,#673));
#1718=EDGE_LOOP('',(#674,#675,#676,#677,#678,#679,#680,#681,#682,#683,#684,
#685,#686,#687,#688,#689,#690,#691));
#1719=EDGE_LOOP('',(#692,#693,#694,#695));
#1720=FACE_BOUND('',#1608,.T.);
#1721=FACE_BOUND('',#1609,.T.);
#1722=FACE_BOUND('',#1610,.T.);
#1723=FACE_BOUND('',#1611,.T.);
#1724=FACE_BOUND('',#1612,.T.);
#1725=FACE_BOUND('',#1613,.T.);
#1726=FACE_BOUND('',#1614,.T.);
#1727=FACE_BOUND('',#1615,.T.);
#1728=FACE_BOUND('',#1616,.T.);
#1729=FACE_BOUND('',#1617,.T.);
#1730=FACE_BOUND('',#1618,.T.);
#1731=FACE_BOUND('',#1619,.T.);
#1732=FACE_BOUND('',#1620,.T.);
#1733=FACE_BOUND('',#1621,.T.);
#1734=FACE_BOUND('',#1622,.T.);
#1735=FACE_BOUND('',#1623,.T.);
#1736=FACE_BOUND('',#1624,.T.);
#1737=FACE_BOUND('',#1625,.T.);
#1738=FACE_BOUND('',#1626,.T.);
#1739=FACE_BOUND('',#1627,.T.);
#1740=FACE_BOUND('',#1628,.T.);
#1741=FACE_BOUND('',#1629,.T.);
#1742=FACE_BOUND('',#1630,.T.);
#1743=FACE_BOUND('',#1631,.T.);
#1744=FACE_BOUND('',#1632,.T.);
#1745=FACE_BOUND('',#1633,.T.);
#1746=FACE_BOUND('',#1634,.T.);
#1747=FACE_BOUND('',#1635,.T.);
#1748=FACE_BOUND('',#1636,.T.);
#1749=FACE_BOUND('',#1637,.T.);
#1750=FACE_BOUND('',#1638,.T.);
#1751=FACE_BOUND('',#1639,.T.);
#1752=FACE_BOUND('',#1640,.T.);
#1753=FACE_BOUND('',#1641,.T.);
#1754=FACE_BOUND('',#1642,.T.);
#1755=FACE_BOUND('',#1643,.T.);
#1756=FACE_BOUND('',#1644,.T.);
#1757=FACE_BOUND('',#1645,.T.);
#1758=FACE_BOUND('',#1646,.T.);
#1759=FACE_BOUND('',#1647,.T.);
#1760=FACE_BOUND('',#1648,.T.);
#1761=FACE_BOUND('',#1649,.T.);
#1762=FACE_BOUND('',#1650,.T.);
#1763=FACE_BOUND('',#1651,.T.);
#1764=FACE_BOUND('',#1652,.T.);
#1765=FACE_BOUND('',#1653,.T.);
#1766=FACE_BOUND('',#1654,.T.);
#1767=FACE_BOUND('',#1655,.T.);
#1768=FACE_BOUND('',#1656,.T.);
#1769=FACE_BOUND('',#1657,.T.);
#1770=FACE_BOUND('',#1658,.T.);
#1771=FACE_BOUND('',#1659,.T.);
#1772=FACE_BOUND('',#1660,.T.);
#1773=FACE_BOUND('',#1661,.T.);
#1774=FACE_BOUND('',#1662,.T.);
#1775=FACE_BOUND('',#1663,.T.);
#1776=FACE_BOUND('',#1664,.T.);
#1777=FACE_BOUND('',#1665,.T.);
#1778=FACE_BOUND('',#1666,.T.);
#1779=FACE_BOUND('',#1667,.T.);
#1780=FACE_BOUND('',#1668,.T.);
#1781=FACE_BOUND('',#1669,.T.);
#1782=FACE_BOUND('',#1670,.T.);
#1783=FACE_BOUND('',#1671,.T.);
#1784=FACE_BOUND('',#1672,.T.);
#1785=FACE_BOUND('',#1673,.T.);
#1786=FACE_BOUND('',#1674,.T.);
#1787=FACE_BOUND('',#1675,.T.);
#1788=FACE_BOUND('',#1676,.T.);
#1789=FACE_BOUND('',#1677,.T.);
#1790=FACE_BOUND('',#1678,.T.);
#1791=FACE_BOUND('',#1679,.T.);
#1792=FACE_BOUND('',#1680,.T.);
#1793=FACE_BOUND('',#1681,.T.);
#1794=FACE_BOUND('',#1682,.T.);
#1795=FACE_BOUND('',#1683,.T.);
#1796=FACE_BOUND('',#1684,.T.);
#1797=FACE_BOUND('',#1685,.T.);
#1798=FACE_BOUND('',#1686,.T.);
#1799=FACE_BOUND('',#1687,.T.);
#1800=FACE_BOUND('',#1688,.T.);
#1801=FACE_BOUND('',#1689,.T.);
#1802=FACE_BOUND('',#1690,.T.);
#1803=FACE_BOUND('',#1691,.T.);
#1804=FACE_BOUND('',#1692,.T.);
#1805=FACE_BOUND('',#1693,.T.);
#1806=FACE_BOUND('',#1694,.T.);
#1807=FACE_BOUND('',#1695,.T.);
#1808=FACE_BOUND('',#1696,.T.);
#1809=FACE_BOUND('',#1697,.T.);
#1810=FACE_BOUND('',#1698,.T.);
#1811=FACE_BOUND('',#1699,.T.);
#1812=FACE_BOUND('',#1700,.T.);
#1813=FACE_BOUND('',#1701,.T.);
#1814=FACE_BOUND('',#1702,.T.);
#1815=FACE_BOUND('',#1703,.T.);
#1816=FACE_BOUND('',#1704,.T.);
#1817=FACE_BOUND('',#1705,.T.);
#1818=FACE_BOUND('',#1706,.T.);
#1819=FACE_BOUND('',#1707,.T.);
#1820=FACE_BOUND('',#1708,.T.);
#1821=FACE_BOUND('',#1709,.T.);
#1822=FACE_BOUND('',#1710,.T.);
#1823=FACE_BOUND('',#1711,.T.);
#1824=FACE_BOUND('',#1712,.T.);
#1825=FACE_BOUND('',#1713,.T.);
#1826=FACE_BOUND('',#1714,.T.);
#1827=FACE_BOUND('',#1715,.T.);
#1828=FACE_BOUND('',#1716,.T.);
#1829=FACE_BOUND('',#1717,.T.);
#1830=FACE_BOUND('',#1718,.T.);
#1831=FACE_BOUND('',#1719,.T.);
#1832=PLANE('',#2005);
#1833=PLANE('',#2006);
#1834=PLANE('',#2007);
#1835=PLANE('',#2008);
#1836=PLANE('',#2033);
#1837=PLANE('',#2055);
#1838=PLANE('',#2056);
#1839=PLANE('',#2057);
#1840=PLANE('',#2058);
#1841=PLANE('',#2059);
#1842=PLANE('',#2060);
#1843=PLANE('',#2061);
#1844=PLANE('',#2062);
#1845=PLANE('',#2063);
#1846=PLANE('',#2073);
#1847=PLANE('',#2074);
#1848=PLANE('',#2075);
#1849=PLANE('',#2076);
#1850=PLANE('',#2086);
#1851=PLANE('',#2087);
#1852=PLANE('',#2088);
#1853=PLANE('',#2089);
#1854=PLANE('',#2090);
#1855=PLANE('',#2091);
#1856=PLANE('',#2092);
#1857=PLANE('',#2093);
#1858=PLANE('',#2094);
#1859=PLANE('',#2095);
#1860=PLANE('',#2096);
#1861=PLANE('',#2097);
#1862=PLANE('',#2098);
#1863=PLANE('',#2111);
#1864=PLANE('',#2112);
#1865=PLANE('',#2113);
#1866=PLANE('',#2114);
#1867=PLANE('',#2115);
#1868=PLANE('',#2122);
#1869=PLANE('',#2123);
#1870=PLANE('',#2124);
#1871=PLANE('',#2125);
#1872=PLANE('',#2126);
#1873=PLANE('',#2127);
#1874=PLANE('',#2128);
#1875=PLANE('',#2129);
#1876=PLANE('',#2130);
#1877=PLANE('',#2134);
#1878=PLANE('',#2135);
#1879=PLANE('',#2136);
#1880=PLANE('',#2137);
#1881=PLANE('',#2144);
#1882=PLANE('',#2145);
#1883=PLANE('',#2146);
#1884=PLANE('',#2147);
#1885=PLANE('',#2154);
#1886=PLANE('',#2155);
#1887=PLANE('',#2162);
#1888=PLANE('',#2163);
#1889=PLANE('',#2164);
#1890=PLANE('',#2165);
#1891=PLANE('',#2172);
#1892=PLANE('',#2173);
#1893=PLANE('',#2174);
#1894=ADVANCED_FACE('',(#1720),#1832,.T.);
#1895=ADVANCED_FACE('',(#1721),#1833,.F.);
#1896=ADVANCED_FACE('',(#1722),#1834,.F.);
#1897=ADVANCED_FACE('',(#1723),#1835,.F.);
#1898=ADVANCED_FACE('',(#1724),#84,.F.);
#1899=ADVANCED_FACE('',(#1725),#85,.F.);
#1900=ADVANCED_FACE('',(#1726),#86,.F.);
#1901=ADVANCED_FACE('',(#1727),#87,.F.);
#1902=ADVANCED_FACE('',(#1728),#88,.F.);
#1903=ADVANCED_FACE('',(#1729),#89,.F.);
#1904=ADVANCED_FACE('',(#1730),#90,.F.);
#1905=ADVANCED_FACE('',(#1731),#91,.F.);
#1906=ADVANCED_FACE('',(#1732),#1836,.T.);
#1907=ADVANCED_FACE('',(#1733),#92,.T.);
#1908=ADVANCED_FACE('',(#1734),#93,.T.);
#1909=ADVANCED_FACE('',(#1735),#94,.T.);
#1910=ADVANCED_FACE('',(#1736),#95,.T.);
#1911=ADVANCED_FACE('',(#1737),#96,.T.);
#1912=ADVANCED_FACE('',(#1738),#97,.T.);
#1913=ADVANCED_FACE('',(#1739),#98,.T.);
#1914=ADVANCED_FACE('',(#1740),#1837,.T.);
#1915=ADVANCED_FACE('',(#1741),#1838,.T.);
#1916=ADVANCED_FACE('',(#1742),#1839,.T.);
#1917=ADVANCED_FACE('',(#1743),#1840,.T.);
#1918=ADVANCED_FACE('',(#1744),#1841,.T.);
#1919=ADVANCED_FACE('',(#1745),#1842,.T.);
#1920=ADVANCED_FACE('',(#1746),#1843,.T.);
#1921=ADVANCED_FACE('',(#1747),#1844,.T.);
#1922=ADVANCED_FACE('',(#1748),#1845,.T.);
#1923=ADVANCED_FACE('',(#1749),#99,.F.);
#1924=ADVANCED_FACE('',(#1750),#100,.F.);
#1925=ADVANCED_FACE('',(#1751),#101,.F.);
#1926=ADVANCED_FACE('',(#1752),#1846,.T.);
#1927=ADVANCED_FACE('',(#1753),#1847,.T.);
#1928=ADVANCED_FACE('',(#1754),#1848,.T.);
#1929=ADVANCED_FACE('',(#1755),#1849,.T.);
#1930=ADVANCED_FACE('',(#1756),#102,.F.);
#1931=ADVANCED_FACE('',(#1757),#103,.F.);
#1932=ADVANCED_FACE('',(#1758),#104,.F.);
#1933=ADVANCED_FACE('',(#1759),#1850,.T.);
#1934=ADVANCED_FACE('',(#1760),#1851,.T.);
#1935=ADVANCED_FACE('',(#1761),#1852,.T.);
#1936=ADVANCED_FACE('',(#1762),#1853,.T.);
#1937=ADVANCED_FACE('',(#1763),#1854,.T.);
#1938=ADVANCED_FACE('',(#1764),#1855,.T.);
#1939=ADVANCED_FACE('',(#1765),#1856,.T.);
#1940=ADVANCED_FACE('',(#1766),#1857,.T.);
#1941=ADVANCED_FACE('',(#1767),#1858,.T.);
#1942=ADVANCED_FACE('',(#1768),#1859,.T.);
#1943=ADVANCED_FACE('',(#1769),#1860,.T.);
#1944=ADVANCED_FACE('',(#1770),#1861,.T.);
#1945=ADVANCED_FACE('',(#1771),#1862,.T.);
#1946=ADVANCED_FACE('',(#1772),#105,.F.);
#1947=ADVANCED_FACE('',(#1773),#106,.F.);
#1948=ADVANCED_FACE('',(#1774),#107,.F.);
#1949=ADVANCED_FACE('',(#1775),#108,.F.);
#1950=ADVANCED_FACE('',(#1776),#1863,.T.);
#1951=ADVANCED_FACE('',(#1777),#1864,.T.);
#1952=ADVANCED_FACE('',(#1778),#1865,.T.);
#1953=ADVANCED_FACE('',(#1779),#1866,.T.);
#1954=ADVANCED_FACE('',(#1780),#1867,.T.);
#1955=ADVANCED_FACE('',(#1781),#109,.T.);
#1956=ADVANCED_FACE('',(#1782),#110,.T.);
#1957=ADVANCED_FACE('',(#1783),#1868,.T.);
#1958=ADVANCED_FACE('',(#1784),#1869,.T.);
#1959=ADVANCED_FACE('',(#1785),#1870,.T.);
#1960=ADVANCED_FACE('',(#1786),#1871,.T.);
#1961=ADVANCED_FACE('',(#1787),#1872,.T.);
#1962=ADVANCED_FACE('',(#1788),#1873,.T.);
#1963=ADVANCED_FACE('',(#1789),#1874,.T.);
#1964=ADVANCED_FACE('',(#1790),#1875,.T.);
#1965=ADVANCED_FACE('',(#1791),#1876,.T.);
#1966=ADVANCED_FACE('',(#1792),#111,.F.);
#1967=ADVANCED_FACE('',(#1793),#1877,.T.);
#1968=ADVANCED_FACE('',(#1794),#1878,.T.);
#1969=ADVANCED_FACE('',(#1795),#1879,.T.);
#1970=ADVANCED_FACE('',(#1796),#1880,.T.);
#1971=ADVANCED_FACE('',(#1797),#112,.F.);
#1972=ADVANCED_FACE('',(#1798),#113,.F.);
#1973=ADVANCED_FACE('',(#1799),#1881,.T.);
#1974=ADVANCED_FACE('',(#1800),#1882,.T.);
#1975=ADVANCED_FACE('',(#1801),#1883,.T.);
#1976=ADVANCED_FACE('',(#1802),#1884,.T.);
#1977=ADVANCED_FACE('',(#1803),#114,.F.);
#1978=ADVANCED_FACE('',(#1804),#115,.F.);
#1979=ADVANCED_FACE('',(#1805),#1885,.T.);
#1980=ADVANCED_FACE('',(#1806),#1886,.T.);
#1981=ADVANCED_FACE('',(#1807),#116,.F.);
#1982=ADVANCED_FACE('',(#1808),#117,.T.);
#1983=ADVANCED_FACE('',(#1809),#1887,.T.);
#1984=ADVANCED_FACE('',(#1810),#1888,.T.);
#1985=ADVANCED_FACE('',(#1811),#1889,.T.);
#1986=ADVANCED_FACE('',(#1812),#1890,.T.);
#1987=ADVANCED_FACE('',(#1813),#118,.F.);
#1988=ADVANCED_FACE('',(#1814),#119,.F.);
#1989=ADVANCED_FACE('',(#1815),#1891,.T.);
#1990=ADVANCED_FACE('',(#1816,#1817,#1818,#1819,#1820,#1821,#1822,#1823),
#1892,.T.);
#1991=ADVANCED_FACE('',(#1824,#1825,#1826,#1827,#1828,#1829,#1830,#1831),
#1893,.F.);
#1992=CLOSED_SHELL('',(#1894,#1895,#1896,#1897,#1898,#1899,#1900,#1901,
#1902,#1903,#1904,#1905,#1906,#1907,#1908,#1909,#1910,#1911,#1912,#1913,
#1914,#1915,#1916,#1917,#1918,#1919,#1920,#1921,#1922,#1923,#1924,#1925,
#1926,#1927,#1928,#1929,#1930,#1931,#1932,#1933,#1934,#1935,#1936,#1937,
#1938,#1939,#1940,#1941,#1942,#1943,#1944,#1945,#1946,#1947,#1948,#1949,
#1950,#1951,#1952,#1953,#1954,#1955,#1956,#1957,#1958,#1959,#1960,#1961,
#1962,#1963,#1964,#1965,#1966,#1967,#1968,#1969,#1970,#1971,#1972,#1973,
#1974,#1975,#1976,#1977,#1978,#1979,#1980,#1981,#1982,#1983,#1984,#1985,
#1986,#1987,#1988,#1989,#1990,#1991));
#1993=STYLED_ITEM('',(#1994),#2001);
#1994=PRESENTATION_STYLE_ASSIGNMENT((#1995));
#1995=SURFACE_STYLE_USAGE(.BOTH.,#1996);
#1996=SURFACE_SIDE_STYLE('',(#1997));
#1997=SURFACE_STYLE_FILL_AREA(#1998);
#1998=FILL_AREA_STYLE('',(#1999));
#1999=FILL_AREA_STYLE_COLOUR('',#2000);
#2000=COLOUR_RGB('',0.615686274509804,0.811764705882353,0.929411764705882);
#2001=MANIFOLD_SOLID_BREP('Part 1',#1992);
#2002=SHAPE_DEFINITION_REPRESENTATION(#3318,#2003);
#2003=SHAPE_REPRESENTATION('Part 1',(#2004),#3313);
#2004=AXIS2_PLACEMENT_3D('',#2733,#2175,#2176);
#2005=AXIS2_PLACEMENT_3D('',#2734,#2177,#2178);
#2006=AXIS2_PLACEMENT_3D('',#2743,#2183,#2184);
#2007=AXIS2_PLACEMENT_3D('',#2749,#2188,#2189);
#2008=AXIS2_PLACEMENT_3D('',#2755,#2193,#2194);
#2009=AXIS2_PLACEMENT_3D('',#2764,#2199,#2200);
#2010=AXIS2_PLACEMENT_3D('',#2765,#2201,#2202);
#2011=AXIS2_PLACEMENT_3D('',#2769,#2204,#2205);
#2012=AXIS2_PLACEMENT_3D('',#2770,#2206,#2207);
#2013=AXIS2_PLACEMENT_3D('',#2771,#2208,#2209);
#2014=AXIS2_PLACEMENT_3D('',#2775,#2211,#2212);
#2015=AXIS2_PLACEMENT_3D('',#2776,#2213,#2214);
#2016=AXIS2_PLACEMENT_3D('',#2777,#2215,#2216);
#2017=AXIS2_PLACEMENT_3D('',#2781,#2218,#2219);
#2018=AXIS2_PLACEMENT_3D('',#2782,#2220,#2221);
#2019=AXIS2_PLACEMENT_3D('',#2783,#2222,#2223);
#2020=AXIS2_PLACEMENT_3D('',#2787,#2225,#2226);
#2021=AXIS2_PLACEMENT_3D('',#2788,#2227,#2228);
#2022=AXIS2_PLACEMENT_3D('',#2789,#2229,#2230);
#2023=AXIS2_PLACEMENT_3D('',#2793,#2232,#2233);
#2024=AXIS2_PLACEMENT_3D('',#2794,#2234,#2235);
#2025=AXIS2_PLACEMENT_3D('',#2795,#2236,#2237);
#2026=AXIS2_PLACEMENT_3D('',#2799,#2239,#2240);
#2027=AXIS2_PLACEMENT_3D('',#2800,#2241,#2242);
#2028=AXIS2_PLACEMENT_3D('',#2801,#2243,#2244);
#2029=AXIS2_PLACEMENT_3D('',#2805,#2246,#2247);
#2030=AXIS2_PLACEMENT_3D('',#2806,#2248,#2249);
#2031=AXIS2_PLACEMENT_3D('',#2807,#2250,#2251);
#2032=AXIS2_PLACEMENT_3D('',#2811,#2253,#2254);
#2033=AXIS2_PLACEMENT_3D('',#2812,#2255,#2256);
#2034=AXIS2_PLACEMENT_3D('',#2818,#2260,#2261);
#2035=AXIS2_PLACEMENT_3D('',#2819,#2262,#2263);
#2036=AXIS2_PLACEMENT_3D('',#2823,#2265,#2266);
#2037=AXIS2_PLACEMENT_3D('',#2824,#2267,#2268);
#2038=AXIS2_PLACEMENT_3D('',#2825,#2269,#2270);
#2039=AXIS2_PLACEMENT_3D('',#2829,#2272,#2273);
#2040=AXIS2_PLACEMENT_3D('',#2830,#2274,#2275);
#2041=AXIS2_PLACEMENT_3D('',#2831,#2276,#2277);
#2042=AXIS2_PLACEMENT_3D('',#2835,#2279,#2280);
#2043=AXIS2_PLACEMENT_3D('',#2836,#2281,#2282);
#2044=AXIS2_PLACEMENT_3D('',#2837,#2283,#2284);
#2045=AXIS2_PLACEMENT_3D('',#2841,#2286,#2287);
#2046=AXIS2_PLACEMENT_3D('',#2842,#2288,#2289);
#2047=AXIS2_PLACEMENT_3D('',#2843,#2290,#2291);
#2048=AXIS2_PLACEMENT_3D('',#2847,#2293,#2294);
#2049=AXIS2_PLACEMENT_3D('',#2848,#2295,#2296);
#2050=AXIS2_PLACEMENT_3D('',#2849,#2297,#2298);
#2051=AXIS2_PLACEMENT_3D('',#2853,#2300,#2301);
#2052=AXIS2_PLACEMENT_3D('',#2854,#2302,#2303);
#2053=AXIS2_PLACEMENT_3D('',#2855,#2304,#2305);
#2054=AXIS2_PLACEMENT_3D('',#2859,#2307,#2308);
#2055=AXIS2_PLACEMENT_3D('',#2860,#2309,#2310);
#2056=AXIS2_PLACEMENT_3D('',#2869,#2315,#2316);
#2057=AXIS2_PLACEMENT_3D('',#2875,#2320,#2321);
#2058=AXIS2_PLACEMENT_3D('',#2881,#2325,#2326);
#2059=AXIS2_PLACEMENT_3D('',#2887,#2330,#2331);
#2060=AXIS2_PLACEMENT_3D('',#2893,#2335,#2336);
#2061=AXIS2_PLACEMENT_3D('',#2899,#2340,#2341);
#2062=AXIS2_PLACEMENT_3D('',#2905,#2345,#2346);
#2063=AXIS2_PLACEMENT_3D('',#2914,#2351,#2352);
#2064=AXIS2_PLACEMENT_3D('',#2920,#2356,#2357);
#2065=AXIS2_PLACEMENT_3D('',#2921,#2358,#2359);
#2066=AXIS2_PLACEMENT_3D('',#2925,#2361,#2362);
#2067=AXIS2_PLACEMENT_3D('',#2926,#2363,#2364);
#2068=AXIS2_PLACEMENT_3D('',#2927,#2365,#2366);
#2069=AXIS2_PLACEMENT_3D('',#2931,#2368,#2369);
#2070=AXIS2_PLACEMENT_3D('',#2932,#2370,#2371);
#2071=AXIS2_PLACEMENT_3D('',#2933,#2372,#2373);
#2072=AXIS2_PLACEMENT_3D('',#2937,#2375,#2376);
#2073=AXIS2_PLACEMENT_3D('',#2938,#2377,#2378);
#2074=AXIS2_PLACEMENT_3D('',#2944,#2382,#2383);
#2075=AXIS2_PLACEMENT_3D('',#2950,#2387,#2388);
#2076=AXIS2_PLACEMENT_3D('',#2956,#2392,#2393);
#2077=AXIS2_PLACEMENT_3D('',#2962,#2397,#2398);
#2078=AXIS2_PLACEMENT_3D('',#2963,#2399,#2400);
#2079=AXIS2_PLACEMENT_3D('',#2967,#2402,#2403);
#2080=AXIS2_PLACEMENT_3D('',#2968,#2404,#2405);
#2081=AXIS2_PLACEMENT_3D('',#2969,#2406,#2407);
#2082=AXIS2_PLACEMENT_3D('',#2973,#2409,#2410);
#2083=AXIS2_PLACEMENT_3D('',#2974,#2411,#2412);
#2084=AXIS2_PLACEMENT_3D('',#2975,#2413,#2414);
#2085=AXIS2_PLACEMENT_3D('',#2979,#2416,#2417);
#2086=AXIS2_PLACEMENT_3D('',#2980,#2418,#2419);
#2087=AXIS2_PLACEMENT_3D('',#2986,#2423,#2424);
#2088=AXIS2_PLACEMENT_3D('',#2995,#2429,#2430);
#2089=AXIS2_PLACEMENT_3D('',#3001,#2434,#2435);
#2090=AXIS2_PLACEMENT_3D('',#3007,#2439,#2440);
#2091=AXIS2_PLACEMENT_3D('',#3013,#2444,#2445);
#2092=AXIS2_PLACEMENT_3D('',#3019,#2449,#2450);
#2093=AXIS2_PLACEMENT_3D('',#3025,#2454,#2455);
#2094=AXIS2_PLACEMENT_3D('',#3031,#2459,#2460);
#2095=AXIS2_PLACEMENT_3D('',#3037,#2464,#2465);
#2096=AXIS2_PLACEMENT_3D('',#3043,#2469,#2470);
#2097=AXIS2_PLACEMENT_3D('',#3049,#2474,#2475);
#2098=AXIS2_PLACEMENT_3D('',#3055,#2479,#2480);
#2099=AXIS2_PLACEMENT_3D('',#3064,#2485,#2486);
#2100=AXIS2_PLACEMENT_3D('',#3065,#2487,#2488);
#2101=AXIS2_PLACEMENT_3D('',#3069,#2490,#2491);
#2102=AXIS2_PLACEMENT_3D('',#3070,#2492,#2493);
#2103=AXIS2_PLACEMENT_3D('',#3071,#2494,#2495);
#2104=AXIS2_PLACEMENT_3D('',#3075,#2497,#2498);
#2105=AXIS2_PLACEMENT_3D('',#3076,#2499,#2500);
#2106=AXIS2_PLACEMENT_3D('',#3077,#2501,#2502);
#2107=AXIS2_PLACEMENT_3D('',#3081,#2504,#2505);
#2108=AXIS2_PLACEMENT_3D('',#3082,#2506,#2507);
#2109=AXIS2_PLACEMENT_3D('',#3083,#2508,#2509);
#2110=AXIS2_PLACEMENT_3D('',#3087,#2511,#2512);
#2111=AXIS2_PLACEMENT_3D('',#3088,#2513,#2514);
#2112=AXIS2_PLACEMENT_3D('',#3094,#2518,#2519);
#2113=AXIS2_PLACEMENT_3D('',#3100,#2523,#2524);
#2114=AXIS2_PLACEMENT_3D('',#3106,#2528,#2529);
#2115=AXIS2_PLACEMENT_3D('',#3112,#2533,#2534);
#2116=AXIS2_PLACEMENT_3D('',#3118,#2538,#2539);
#2117=AXIS2_PLACEMENT_3D('',#3119,#2540,#2541);
#2118=AXIS2_PLACEMENT_3D('',#3123,#2543,#2544);
#2119=AXIS2_PLACEMENT_3D('',#3124,#2545,#2546);
#2120=AXIS2_PLACEMENT_3D('',#3125,#2547,#2548);
#2121=AXIS2_PLACEMENT_3D('',#3129,#2550,#2551);
#2122=AXIS2_PLACEMENT_3D('',#3130,#2552,#2553);
#2123=AXIS2_PLACEMENT_3D('',#3136,#2557,#2558);
#2124=AXIS2_PLACEMENT_3D('',#3145,#2563,#2564);
#2125=AXIS2_PLACEMENT_3D('',#3151,#2568,#2569);
#2126=AXIS2_PLACEMENT_3D('',#3157,#2573,#2574);
#2127=AXIS2_PLACEMENT_3D('',#3163,#2578,#2579);
#2128=AXIS2_PLACEMENT_3D('',#3169,#2583,#2584);
#2129=AXIS2_PLACEMENT_3D('',#3175,#2588,#2589);
#2130=AXIS2_PLACEMENT_3D('',#3181,#2593,#2594);
#2131=AXIS2_PLACEMENT_3D('',#3187,#2598,#2599);
#2132=AXIS2_PLACEMENT_3D('',#3188,#2600,#2601);
#2133=AXIS2_PLACEMENT_3D('',#3192,#2603,#2604);
#2134=AXIS2_PLACEMENT_3D('',#3193,#2605,#2606);
#2135=AXIS2_PLACEMENT_3D('',#3202,#2611,#2612);
#2136=AXIS2_PLACEMENT_3D('',#3208,#2616,#2617);
#2137=AXIS2_PLACEMENT_3D('',#3214,#2621,#2622);
#2138=AXIS2_PLACEMENT_3D('',#3220,#2626,#2627);
#2139=AXIS2_PLACEMENT_3D('',#3221,#2628,#2629);
#2140=AXIS2_PLACEMENT_3D('',#3225,#2631,#2632);
#2141=AXIS2_PLACEMENT_3D('',#3226,#2633,#2634);
#2142=AXIS2_PLACEMENT_3D('',#3227,#2635,#2636);
#2143=AXIS2_PLACEMENT_3D('',#3231,#2638,#2639);
#2144=AXIS2_PLACEMENT_3D('',#3232,#2640,#2641);
#2145=AXIS2_PLACEMENT_3D('',#3238,#2645,#2646);
#2146=AXIS2_PLACEMENT_3D('',#3244,#2650,#2651);
#2147=AXIS2_PLACEMENT_3D('',#3250,#2655,#2656);
#2148=AXIS2_PLACEMENT_3D('',#3256,#2660,#2661);
#2149=AXIS2_PLACEMENT_3D('',#3257,#2662,#2663);
#2150=AXIS2_PLACEMENT_3D('',#3261,#2665,#2666);
#2151=AXIS2_PLACEMENT_3D('',#3262,#2667,#2668);
#2152=AXIS2_PLACEMENT_3D('',#3263,#2669,#2670);
#2153=AXIS2_PLACEMENT_3D('',#3267,#2672,#2673);
#2154=AXIS2_PLACEMENT_3D('',#3268,#2674,#2675);
#2155=AXIS2_PLACEMENT_3D('',#3274,#2679,#2680);
#2156=AXIS2_PLACEMENT_3D('',#3280,#2684,#2685);
#2157=AXIS2_PLACEMENT_3D('',#3281,#2686,#2687);
#2158=AXIS2_PLACEMENT_3D('',#3285,#2689,#2690);
#2159=AXIS2_PLACEMENT_3D('',#3286,#2691,#2692);
#2160=AXIS2_PLACEMENT_3D('',#3287,#2693,#2694);
#2161=AXIS2_PLACEMENT_3D('',#3288,#2695,#2696);
#2162=AXIS2_PLACEMENT_3D('',#3289,#2697,#2698);
#2163=AXIS2_PLACEMENT_3D('',#3292,#2701,#2702);
#2164=AXIS2_PLACEMENT_3D('',#3295,#2705,#2706);
#2165=AXIS2_PLACEMENT_3D('',#3298,#2709,#2710);
#2166=AXIS2_PLACEMENT_3D('',#3301,#2713,#2714);
#2167=AXIS2_PLACEMENT_3D('',#3302,#2715,#2716);
#2168=AXIS2_PLACEMENT_3D('',#3303,#2717,#2718);
#2169=AXIS2_PLACEMENT_3D('',#3304,#2719,#2720);
#2170=AXIS2_PLACEMENT_3D('',#3305,#2721,#2722);
#2171=AXIS2_PLACEMENT_3D('',#3306,#2723,#2724);
#2172=AXIS2_PLACEMENT_3D('',#3307,#2725,#2726);
#2173=AXIS2_PLACEMENT_3D('',#3310,#2729,#2730);
#2174=AXIS2_PLACEMENT_3D('',#3311,#2731,#2732);
#2175=DIRECTION('',(0.,0.,1.));
#2176=DIRECTION('',(1.,0.,0.));
#2177=DIRECTION('',(-1.,0.,0.));
#2178=DIRECTION('',(0.,0.,1.));
#2179=DIRECTION('',(0.,1.,0.));
#2180=DIRECTION('',(0.,0.,-1.));
#2181=DIRECTION('',(0.,1.,0.));
#2182=DIRECTION('',(0.,0.,-1.));
#2183=DIRECTION('',(0.,1.,0.));
#2184=DIRECTION('',(0.,0.,1.));
#2185=DIRECTION('',(1.,0.,0.));
#2186=DIRECTION('',(0.,0.,-1.));
#2187=DIRECTION('',(1.,0.,0.));
#2188=DIRECTION('',(-1.,0.,0.));
#2189=DIRECTION('',(0.,0.,1.));
#2190=DIRECTION('',(0.,1.,0.));
#2191=DIRECTION('',(0.,0.,-1.));
#2192=DIRECTION('',(0.,1.,0.));
#2193=DIRECTION('',(1.,0.,0.));
#2194=DIRECTION('',(0.,0.,-1.));
#2195=DIRECTION('',(0.,-1.,0.));
#2196=DIRECTION('',(0.,0.,-1.));
#2197=DIRECTION('',(0.,-1.,0.));
#2198=DIRECTION('',(0.,0.,-1.));
#2199=DIRECTION('',(0.,0.,-1.));
#2200=DIRECTION('',(-1.,0.,0.));
#2201=DIRECTION('',(0.,0.,1.));
#2202=DIRECTION('',(-0.171029274863341,-0.985265947417102,0.));
#2203=DIRECTION('',(0.,0.,-1.));
#2204=DIRECTION('',(0.,0.,1.));
#2205=DIRECTION('',(-0.171029274863341,-0.985265947417102,0.));
#2206=DIRECTION('',(0.,0.,-1.));
#2207=DIRECTION('',(-1.,0.,0.));
#2208=DIRECTION('',(0.,0.,1.));
#2209=DIRECTION('',(-0.998369153713076,0.0570879401821131,0.));
#2210=DIRECTION('',(0.,0.,-1.));
#2211=DIRECTION('',(0.,0.,1.));
#2212=DIRECTION('',(-0.998369153713076,0.0570879401821131,0.));
#2213=DIRECTION('',(0.,0.,-1.));
#2214=DIRECTION('',(-1.,0.,0.));
#2215=DIRECTION('',(0.,0.,1.));
#2216=DIRECTION('',(-0.276225590869743,0.961092827435863,0.));
#2217=DIRECTION('',(0.,0.,-1.));
#2218=DIRECTION('',(0.,0.,1.));
#2219=DIRECTION('',(-0.276225590869743,0.961092827435863,0.));
#2220=DIRECTION('',(0.,0.,-1.));
#2221=DIRECTION('',(-1.,0.,0.));
#2222=DIRECTION('',(0.,0.,1.));
#2223=DIRECTION('',(0.0288805403227774,0.999582870196696,0.));
#2224=DIRECTION('',(0.,0.,-1.));
#2225=DIRECTION('',(0.,0.,1.));
#2226=DIRECTION('',(0.0288805403227774,0.999582870196696,0.));
#2227=DIRECTION('',(0.,0.,-1.));
#2228=DIRECTION('',(-1.,0.,0.));
#2229=DIRECTION('',(0.,0.,1.));
#2230=DIRECTION('',(0.169389819028278,0.985549130794385,0.));
#2231=DIRECTION('',(0.,0.,-1.));
#2232=DIRECTION('',(0.,0.,1.));
#2233=DIRECTION('',(0.169389819028278,0.985549130794385,0.));
#2234=DIRECTION('',(0.,0.,-1.));
#2235=DIRECTION('',(-1.,0.,0.));
#2236=DIRECTION('',(0.,0.,1.));
#2237=DIRECTION('',(0.998607452327673,-0.0527556267675301,0.));
#2238=DIRECTION('',(0.,0.,-1.));
#2239=DIRECTION('',(0.,0.,1.));
#2240=DIRECTION('',(0.998607452327673,-0.0527556267675301,0.));
#2241=DIRECTION('',(0.,0.,-1.));
#2242=DIRECTION('',(-1.,0.,0.));
#2243=DIRECTION('',(0.,0.,1.));
#2244=DIRECTION('',(0.283182222960744,-0.959066123163055,0.));
#2245=DIRECTION('',(0.,0.,-1.));
#2246=DIRECTION('',(0.,0.,1.));
#2247=DIRECTION('',(0.283182222960744,-0.959066123163055,0.));
#2248=DIRECTION('',(0.,0.,-1.));
#2249=DIRECTION('',(-1.,0.,0.));
#2250=DIRECTION('',(0.,0.,1.));
#2251=DIRECTION('',(0.0406241806882753,-0.999174497244303,0.));
#2252=DIRECTION('',(0.,0.,-1.));
#2253=DIRECTION('',(0.,0.,1.));
#2254=DIRECTION('',(0.0406241806882753,-0.999174497244303,0.));
#2255=DIRECTION('',(1.,0.,0.));
#2256=DIRECTION('',(0.,0.,-1.));
#2257=DIRECTION('',(0.,-1.,0.));
#2258=DIRECTION('',(0.,0.,-1.));
#2259=DIRECTION('',(0.,-1.,0.));
#2260=DIRECTION('',(0.,0.,-1.));
#2261=DIRECTION('',(-1.,0.,0.));
#2262=DIRECTION('',(0.,0.,1.));
#2263=DIRECTION('',(0.0426444106208482,-0.999090313356506,0.));
#2264=DIRECTION('',(0.,0.,-1.));
#2265=DIRECTION('',(0.,0.,1.));
#2266=DIRECTION('',(0.0426444106208482,-0.999090313356506,0.));
#2267=DIRECTION('',(0.,0.,-1.));
#2268=DIRECTION('',(-1.,0.,0.));
#2269=DIRECTION('',(0.,0.,1.));
#2270=DIRECTION('',(-0.146576441626326,-0.989199346320126,0.));
#2271=DIRECTION('',(0.,0.,-1.));
#2272=DIRECTION('',(0.,0.,1.));
#2273=DIRECTION('',(-0.146576441626326,-0.989199346320126,0.));
#2274=DIRECTION('',(0.,0.,-1.));
#2275=DIRECTION('',(-1.,0.,0.));
#2276=DIRECTION('',(0.,0.,1.));
#2277=DIRECTION('',(0.980342641738348,-0.197302571674768,0.));
#2278=DIRECTION('',(0.,0.,-1.));
#2279=DIRECTION('',(0.,0.,1.));
#2280=DIRECTION('',(0.980342641738348,-0.197302571674768,0.));
#2281=DIRECTION('',(0.,0.,-1.));
#2282=DIRECTION('',(-1.,0.,0.));
#2283=DIRECTION('',(0.,0.,1.));
#2284=DIRECTION('',(0.210436458108089,0.977607537357872,0.));
#2285=DIRECTION('',(0.,0.,-1.));
#2286=DIRECTION('',(0.,0.,1.));
#2287=DIRECTION('',(0.210436458108089,0.977607537357872,0.));
#2288=DIRECTION('',(0.,0.,-1.));
#2289=DIRECTION('',(-1.,0.,0.));
#2290=DIRECTION('',(0.,0.,1.));
#2291=DIRECTION('',(0.00949636620766355,0.999954908497803,0.));
#2292=DIRECTION('',(0.,0.,-1.));
#2293=DIRECTION('',(0.,0.,1.));
#2294=DIRECTION('',(0.00949636620766355,0.999954908497803,0.));
#2295=DIRECTION('',(0.,0.,-1.));
#2296=DIRECTION('',(-1.,0.,0.));
#2297=DIRECTION('',(0.,0.,1.));
#2298=DIRECTION('',(0.147051700773563,0.98912880723372,0.));
#2299=DIRECTION('',(0.,0.,-1.));
#2300=DIRECTION('',(0.,0.,1.));
#2301=DIRECTION('',(0.147051700773563,0.98912880723372,0.));
#2302=DIRECTION('',(0.,0.,-1.));
#2303=DIRECTION('',(-1.,0.,0.));
#2304=DIRECTION('',(0.,0.,1.));
#2305=DIRECTION('',(-0.981632215165931,0.190783107607638,0.));
#2306=DIRECTION('',(0.,0.,-1.));
#2307=DIRECTION('',(0.,0.,1.));
#2308=DIRECTION('',(-0.981632215165931,0.190783107607638,0.));
#2309=DIRECTION('',(-1.,0.,0.));
#2310=DIRECTION('',(0.,0.,1.));
#2311=DIRECTION('',(0.,1.,0.));
#2312=DIRECTION('',(0.,0.,-1.));
#2313=DIRECTION('',(0.,1.,0.));
#2314=DIRECTION('',(0.,0.,-1.));
#2315=DIRECTION('',(0.,1.,0.));
#2316=DIRECTION('',(0.,0.,1.));
#2317=DIRECTION('',(1.,0.,0.));
#2318=DIRECTION('',(0.,0.,-1.));
#2319=DIRECTION('',(1.,0.,0.));
#2320=DIRECTION('',(1.,0.,0.));
#2321=DIRECTION('',(0.,0.,-1.));
#2322=DIRECTION('',(0.,-1.,0.));
#2323=DIRECTION('',(0.,0.,-1.));
#2324=DIRECTION('',(0.,-1.,0.));
#2325=DIRECTION('',(0.,1.,0.));
#2326=DIRECTION('',(0.,0.,1.));
#2327=DIRECTION('',(1.,0.,0.));
#2328=DIRECTION('',(0.,0.,-1.));
#2329=DIRECTION('',(1.,0.,0.));
#2330=DIRECTION('',(0.78788705617386,-0.615819768043937,0.));
#2331=DIRECTION('',(0.615819768043937,0.78788705617386,0.));
#2332=DIRECTION('',(-0.615819768043937,-0.78788705617386,0.));
#2333=DIRECTION('',(0.,0.,-1.));
#2334=DIRECTION('',(-0.615819768043937,-0.78788705617386,0.));
#2335=DIRECTION('',(0.,-1.,0.));
#2336=DIRECTION('',(0.,0.,-1.));
#2337=DIRECTION('',(-1.,0.,0.));
#2338=DIRECTION('',(0.,0.,-1.));
#2339=DIRECTION('',(-1.,0.,0.));
#2340=DIRECTION('',(-0.78788705617386,0.615819768043937,0.));
#2341=DIRECTION('',(-0.615819768043937,-0.78788705617386,0.));
#2342=DIRECTION('',(0.615819768043937,0.78788705617386,0.));
#2343=DIRECTION('',(0.,0.,-1.));
#2344=DIRECTION('',(0.615819768043937,0.78788705617386,0.));
#2345=DIRECTION('',(0.,1.,0.));
#2346=DIRECTION('',(0.,0.,1.));
#2347=DIRECTION('',(1.,0.,0.));
#2348=DIRECTION('',(0.,0.,-1.));
#2349=DIRECTION('',(1.,0.,0.));
#2350=DIRECTION('',(0.,0.,-1.));
#2351=DIRECTION('',(1.,0.,0.));
#2352=DIRECTION('',(0.,0.,-1.));
#2353=DIRECTION('',(0.,-1.,0.));
#2354=DIRECTION('',(0.,0.,-1.));
#2355=DIRECTION('',(0.,-1.,0.));
#2356=DIRECTION('',(0.,0.,-1.));
#2357=DIRECTION('',(-1.,0.,0.));
#2358=DIRECTION('',(0.,0.,1.));
#2359=DIRECTION('',(0.0269309923475762,0.999637295048146,0.));
#2360=DIRECTION('',(0.,0.,-1.));
#2361=DIRECTION('',(0.,0.,1.));
#2362=DIRECTION('',(0.0269309923475762,0.999637295048146,0.));
#2363=DIRECTION('',(0.,0.,-1.));
#2364=DIRECTION('',(-1.,0.,0.));
#2365=DIRECTION('',(0.,0.,1.));
#2366=DIRECTION('',(0.539942064739366,0.841702184103731,0.));
#2367=DIRECTION('',(0.,0.,-1.));
#2368=DIRECTION('',(0.,0.,1.));
#2369=DIRECTION('',(0.539942064739366,0.841702184103731,0.));
#2370=DIRECTION('',(0.,0.,-1.));
#2371=DIRECTION('',(-1.,0.,0.));
#2372=DIRECTION('',(0.,0.,1.));
#2373=DIRECTION('',(0.686090202731114,0.72751648346713,0.));
#2374=DIRECTION('',(0.,0.,-1.));
#2375=DIRECTION('',(0.,0.,1.));
#2376=DIRECTION('',(0.686090202731114,0.72751648346713,0.));
#2377=DIRECTION('',(-0.674138331086769,-0.738605111381952,0.));
#2378=DIRECTION('',(0.738605111381952,-0.674138331086769,0.));
#2379=DIRECTION('',(-0.738605111381952,0.674138331086769,0.));
#2380=DIRECTION('',(0.,0.,-1.));
#2381=DIRECTION('',(-0.738605111381952,0.674138331086769,0.));
#2382=DIRECTION('',(1.,0.,0.));
#2383=DIRECTION('',(0.,0.,-1.));
#2384=DIRECTION('',(0.,-1.,0.));
#2385=DIRECTION('',(0.,0.,-1.));
#2386=DIRECTION('',(0.,-1.,0.));
#2387=DIRECTION('',(0.,-1.,0.));
#2388=DIRECTION('',(0.,0.,-1.));
#2389=DIRECTION('',(-1.,0.,0.));
#2390=DIRECTION('',(0.,0.,-1.));
#2391=DIRECTION('',(-1.,0.,0.));
#2392=DIRECTION('',(-1.,0.,0.));
#2393=DIRECTION('',(0.,0.,1.));
#2394=DIRECTION('',(0.,1.,0.));
#2395=DIRECTION('',(0.,0.,-1.));
#2396=DIRECTION('',(0.,1.,0.));
#2397=DIRECTION('',(0.,0.,-1.));
#2398=DIRECTION('',(-1.,0.,0.));
#2399=DIRECTION('',(0.,0.,1.));
#2400=DIRECTION('',(-0.0218452399341226,-0.999761364272605,0.));
#2401=DIRECTION('',(0.,0.,-1.));
#2402=DIRECTION('',(0.,0.,1.));
#2403=DIRECTION('',(-0.0218452399341226,-0.999761364272605,0.));
#2404=DIRECTION('',(0.,0.,-1.));
#2405=DIRECTION('',(-1.,0.,0.));
#2406=DIRECTION('',(0.,0.,1.));
#2407=DIRECTION('',(-0.514758683123218,-0.857335114263525,0.));
#2408=DIRECTION('',(0.,0.,-1.));
#2409=DIRECTION('',(0.,0.,1.));
#2410=DIRECTION('',(-0.514758683123218,-0.857335114263525,0.));
#2411=DIRECTION('',(0.,0.,-1.));
#2412=DIRECTION('',(-1.,0.,0.));
#2413=DIRECTION('',(0.,0.,1.));
#2414=DIRECTION('',(-0.690523234857856,-0.723310211542352,0.));
#2415=DIRECTION('',(0.,0.,-1.));
#2416=DIRECTION('',(0.,0.,1.));
#2417=DIRECTION('',(-0.690523234857856,-0.723310211542352,0.));
#2418=DIRECTION('',(0.673961987522216,0.738766024783967,0.));
#2419=DIRECTION('',(-0.738766024783967,0.673961987522216,0.));
#2420=DIRECTION('',(0.738766024783967,-0.673961987522216,0.));
#2421=DIRECTION('',(0.,0.,-1.));
#2422=DIRECTION('',(0.738766024783967,-0.673961987522216,0.));
#2423=DIRECTION('',(0.,-1.,0.));
#2424=DIRECTION('',(0.,0.,-1.));
#2425=DIRECTION('',(-1.,0.,0.));
#2426=DIRECTION('',(0.,0.,-1.));
#2427=DIRECTION('',(-1.,0.,0.));
#2428=DIRECTION('',(0.,0.,-1.));
#2429=DIRECTION('',(-1.,0.,0.));
#2430=DIRECTION('',(0.,0.,1.));
#2431=DIRECTION('',(0.,1.,0.));
#2432=DIRECTION('',(0.,0.,-1.));
#2433=DIRECTION('',(0.,1.,0.));
#2434=DIRECTION('',(0.,-1.,0.));
#2435=DIRECTION('',(0.,0.,-1.));
#2436=DIRECTION('',(-1.,0.,0.));
#2437=DIRECTION('',(0.,0.,-1.));
#2438=DIRECTION('',(-1.,0.,0.));
#2439=DIRECTION('',(1.,0.,0.));
#2440=DIRECTION('',(0.,0.,-1.));
#2441=DIRECTION('',(0.,-1.,0.));
#2442=DIRECTION('',(0.,0.,-1.));
#2443=DIRECTION('',(0.,-1.,0.));
#2444=DIRECTION('',(0.,-1.,0.));
#2445=DIRECTION('',(0.,0.,-1.));
#2446=DIRECTION('',(-1.,0.,0.));
#2447=DIRECTION('',(0.,0.,-1.));
#2448=DIRECTION('',(-1.,0.,0.));
#2449=DIRECTION('',(-1.,0.,0.));
#2450=DIRECTION('',(0.,0.,1.));
#2451=DIRECTION('',(0.,1.,0.));
#2452=DIRECTION('',(0.,0.,-1.));
#2453=DIRECTION('',(0.,1.,0.));
#2454=DIRECTION('',(0.,1.,0.));
#2455=DIRECTION('',(0.,0.,1.));
#2456=DIRECTION('',(1.,0.,0.));
#2457=DIRECTION('',(0.,0.,-1.));
#2458=DIRECTION('',(1.,0.,0.));
#2459=DIRECTION('',(1.,0.,0.));
#2460=DIRECTION('',(0.,0.,-1.));
#2461=DIRECTION('',(0.,-1.,0.));
#2462=DIRECTION('',(0.,0.,-1.));
#2463=DIRECTION('',(0.,-1.,0.));
#2464=DIRECTION('',(0.,1.,0.));
#2465=DIRECTION('',(0.,0.,1.));
#2466=DIRECTION('',(1.,0.,0.));
#2467=DIRECTION('',(0.,0.,-1.));
#2468=DIRECTION('',(1.,0.,0.));
#2469=DIRECTION('',(-1.,0.,0.));
#2470=DIRECTION('',(0.,0.,1.));
#2471=DIRECTION('',(0.,1.,0.));
#2472=DIRECTION('',(0.,0.,-1.));
#2473=DIRECTION('',(0.,1.,0.));
#2474=DIRECTION('',(0.,1.,0.));
#2475=DIRECTION('',(0.,0.,1.));
#2476=DIRECTION('',(1.,0.,0.));
#2477=DIRECTION('',(0.,0.,-1.));
#2478=DIRECTION('',(1.,0.,0.));
#2479=DIRECTION('',(0.,-1.,0.));
#2480=DIRECTION('',(0.,0.,-1.));
#2481=DIRECTION('',(-1.,0.,0.));
#2482=DIRECTION('',(0.,0.,-1.));
#2483=DIRECTION('',(-1.,0.,0.));
#2484=DIRECTION('',(0.,0.,-1.));
#2485=DIRECTION('',(0.,0.,-1.));
#2486=DIRECTION('',(-1.,0.,0.));
#2487=DIRECTION('',(0.,0.,1.));
#2488=DIRECTION('',(0.107252359790951,0.99423182976571,0.));
#2489=DIRECTION('',(0.,0.,-1.));
#2490=DIRECTION('',(0.,0.,1.));
#2491=DIRECTION('',(0.107252359790951,0.99423182976571,0.));
#2492=DIRECTION('',(0.,0.,-1.));
#2493=DIRECTION('',(-1.,0.,0.));
#2494=DIRECTION('',(0.,0.,1.));
#2495=DIRECTION('',(0.999487978313391,0.0319965811769206,0.));
#2496=DIRECTION('',(0.,0.,-1.));
#2497=DIRECTION('',(0.,0.,1.));
#2498=DIRECTION('',(0.999487978313391,0.0319965811769206,0.));
#2499=DIRECTION('',(0.,0.,-1.));
#2500=DIRECTION('',(-1.,0.,0.));
#2501=DIRECTION('',(0.,0.,1.));
#2502=DIRECTION('',(0.69616930844557,-0.71787763161866,0.));
#2503=DIRECTION('',(0.,0.,-1.));
#2504=DIRECTION('',(0.,0.,1.));
#2505=DIRECTION('',(0.69616930844557,-0.71787763161866,0.));
#2506=DIRECTION('',(0.,0.,-1.));
#2507=DIRECTION('',(-1.,0.,0.));
#2508=DIRECTION('',(0.,0.,1.));
#2509=DIRECTION('',(-0.0619392430459018,-0.998079921735179,0.));
#2510=DIRECTION('',(0.,0.,-1.));
#2511=DIRECTION('',(0.,0.,1.));
#2512=DIRECTION('',(-0.0619392430459018,-0.998079921735179,0.));
#2513=DIRECTION('',(0.,1.,0.));
#2514=DIRECTION('',(0.,0.,1.));
#2515=DIRECTION('',(1.,0.,0.));
#2516=DIRECTION('',(0.,0.,-1.));
#2517=DIRECTION('',(1.,0.,0.));
#2518=DIRECTION('',(-1.,0.,0.));
#2519=DIRECTION('',(0.,0.,1.));
#2520=DIRECTION('',(0.,1.,0.));
#2521=DIRECTION('',(0.,0.,-1.));
#2522=DIRECTION('',(0.,1.,0.));
#2523=DIRECTION('',(0.,1.,0.));
#2524=DIRECTION('',(0.,0.,1.));
#2525=DIRECTION('',(1.,0.,0.));
#2526=DIRECTION('',(0.,0.,-1.));
#2527=DIRECTION('',(1.,0.,0.));
#2528=DIRECTION('',(1.,0.,0.));
#2529=DIRECTION('',(0.,0.,-1.));
#2530=DIRECTION('',(0.,-1.,0.));
#2531=DIRECTION('',(0.,0.,-1.));
#2532=DIRECTION('',(0.,-1.,0.));
#2533=DIRECTION('',(0.,-1.,0.));
#2534=DIRECTION('',(0.,0.,-1.));
#2535=DIRECTION('',(-1.,0.,0.));
#2536=DIRECTION('',(0.,0.,-1.));
#2537=DIRECTION('',(-1.,0.,0.));
#2538=DIRECTION('',(0.,0.,-1.));
#2539=DIRECTION('',(-1.,0.,0.));
#2540=DIRECTION('',(0.,0.,-1.));
#2541=DIRECTION('',(0.999984872436605,-0.00550044524986193,0.));
#2542=DIRECTION('',(0.,0.,-1.));
#2543=DIRECTION('',(0.,0.,-1.));
#2544=DIRECTION('',(0.999984872436605,-0.00550044524986193,0.));
#2545=DIRECTION('',(0.,0.,-1.));
#2546=DIRECTION('',(-1.,0.,0.));
#2547=DIRECTION('',(0.,0.,-1.));
#2548=DIRECTION('',(-0.157241336141959,0.987560206877683,0.));
#2549=DIRECTION('',(0.,0.,-1.));
#2550=DIRECTION('',(0.,0.,-1.));
#2551=DIRECTION('',(-0.157241336141959,0.987560206877683,0.));
#2552=DIRECTION('',(0.,1.,0.));
#2553=DIRECTION('',(0.,0.,1.));
#2554=DIRECTION('',(1.,0.,0.));
#2555=DIRECTION('',(0.,0.,-1.));
#2556=DIRECTION('',(1.,0.,0.));
#2557=DIRECTION('',(-0.822094343477782,-0.569351289119323,0.));
#2558=DIRECTION('',(0.569351289119323,-0.822094343477782,0.));
#2559=DIRECTION('',(-0.569351289119323,0.822094343477782,0.));
#2560=DIRECTION('',(0.,0.,-1.));
#2561=DIRECTION('',(-0.569351289119323,0.822094343477782,0.));
#2562=DIRECTION('',(0.,0.,-1.));
#2563=DIRECTION('',(0.,1.,0.));
#2564=DIRECTION('',(0.,0.,1.));
#2565=DIRECTION('',(1.,0.,0.));
#2566=DIRECTION('',(0.,0.,-1.));
#2567=DIRECTION('',(1.,0.,0.));
#2568=DIRECTION('',(0.814365457194035,-0.580352394781955,0.));
#2569=DIRECTION('',(0.580352394781955,0.814365457194035,0.));
#2570=DIRECTION('',(-0.580352394781955,-0.814365457194035,0.));
#2571=DIRECTION('',(0.,0.,-1.));
#2572=DIRECTION('',(-0.580352394781955,-0.814365457194035,0.));
#2573=DIRECTION('',(0.,-1.,0.));
#2574=DIRECTION('',(0.,0.,-1.));
#2575=DIRECTION('',(-1.,0.,0.));
#2576=DIRECTION('',(0.,0.,-1.));
#2577=DIRECTION('',(-1.,0.,0.));
#2578=DIRECTION('',(0.822192191643779,0.569209978830308,0.));
#2579=DIRECTION('',(-0.569209978830308,0.822192191643779,0.));
#2580=DIRECTION('',(0.569209978830308,-0.822192191643779,0.));
#2581=DIRECTION('',(0.,0.,-1.));
#2582=DIRECTION('',(0.569209978830308,-0.822192191643779,0.));
#2583=DIRECTION('',(-0.815701579456023,0.578472932186934,0.));
#2584=DIRECTION('',(-0.578472932186934,-0.815701579456023,0.));
#2585=DIRECTION('',(0.578472932186934,0.815701579456023,0.));
#2586=DIRECTION('',(0.,0.,-1.));
#2587=DIRECTION('',(0.578472932186934,0.815701579456023,0.));
#2588=DIRECTION('',(0.,1.,0.));
#2589=DIRECTION('',(0.,0.,1.));
#2590=DIRECTION('',(1.,0.,0.));
#2591=DIRECTION('',(0.,0.,-1.));
#2592=DIRECTION('',(1.,0.,0.));
#2593=DIRECTION('',(0.81573289107529,-0.578428777307933,0.));
#2594=DIRECTION('',(0.578428777307933,0.81573289107529,0.));
#2595=DIRECTION('',(-0.578428777307933,-0.81573289107529,0.));
#2596=DIRECTION('',(0.,0.,-1.));
#2597=DIRECTION('',(-0.578428777307933,-0.81573289107529,0.));
#2598=DIRECTION('',(0.,0.,-1.));
#2599=DIRECTION('',(-1.,0.,0.));
#2600=DIRECTION('',(0.,0.,1.));
#2601=DIRECTION('',(-0.0117201320214831,0.999931316894015,0.));
#2602=DIRECTION('',(0.,0.,-1.));
#2603=DIRECTION('',(0.,0.,1.));
#2604=DIRECTION('',(-0.0117201320214831,0.999931316894015,0.));
#2605=DIRECTION('',(-0.960529752790726,-0.278177270825252,0.));
#2606=DIRECTION('',(0.278177270825252,-0.960529752790727,0.));
#2607=DIRECTION('',(-0.278177270825252,0.960529752790727,0.));
#2608=DIRECTION('',(0.,0.,-1.));
#2609=DIRECTION('',(-0.278177270825252,0.960529752790727,0.));
#2610=DIRECTION('',(0.,0.,-1.));
#2611=DIRECTION('',(0.,1.,0.));
#2612=DIRECTION('',(0.,0.,1.));
#2613=DIRECTION('',(1.,0.,0.));
#2614=DIRECTION('',(0.,0.,-1.));
#2615=DIRECTION('',(1.,0.,0.));
#2616=DIRECTION('',(0.964648981398104,0.263538123784018,0.));
#2617=DIRECTION('',(-0.263538123784018,0.964648981398104,0.));
#2618=DIRECTION('',(0.263538123784018,-0.964648981398104,0.));
#2619=DIRECTION('',(0.,0.,-1.));
#2620=DIRECTION('',(0.263538123784018,-0.964648981398104,0.));
#2621=DIRECTION('',(-0.880994429298894,0.473126637956813,0.));
#2622=DIRECTION('',(-0.473126637956812,-0.880994429298894,0.));
#2623=DIRECTION('',(0.473126637956812,0.880994429298894,0.));
#2624=DIRECTION('',(0.,0.,-1.));
#2625=DIRECTION('',(0.473126637956812,0.880994429298894,0.));
#2626=DIRECTION('',(0.,0.,-1.));
#2627=DIRECTION('',(-1.,0.,0.));
#2628=DIRECTION('',(0.,0.,1.));
#2629=DIRECTION('',(-0.0905655913014674,-0.995890492811441,0.));
#2630=DIRECTION('',(0.,0.,-1.));
#2631=DIRECTION('',(0.,0.,1.));
#2632=DIRECTION('',(-0.0905655913014674,-0.995890492811441,0.));
#2633=DIRECTION('',(0.,0.,-1.));
#2634=DIRECTION('',(-1.,0.,0.));
#2635=DIRECTION('',(0.,0.,1.));
#2636=DIRECTION('',(-0.92768541236273,-0.373362793659722,0.));
#2637=DIRECTION('',(0.,0.,-1.));
#2638=DIRECTION('',(0.,0.,1.));
#2639=DIRECTION('',(-0.92768541236273,-0.373362793659722,0.));
#2640=DIRECTION('',(0.885510359403994,0.464619633020614,0.));
#2641=DIRECTION('',(-0.464619633020614,0.885510359403994,0.));
#2642=DIRECTION('',(0.464619633020614,-0.885510359403994,0.));
#2643=DIRECTION('',(0.,0.,-1.));
#2644=DIRECTION('',(0.464619633020614,-0.885510359403994,0.));
#2645=DIRECTION('',(-0.962731734914947,0.270458142025075,0.));
#2646=DIRECTION('',(-0.270458142025075,-0.962731734914947,0.));
#2647=DIRECTION('',(0.270458142025075,0.962731734914947,0.));
#2648=DIRECTION('',(0.,0.,-1.));
#2649=DIRECTION('',(0.270458142025075,0.962731734914947,0.));
#2650=DIRECTION('',(0.,1.,0.));
#2651=DIRECTION('',(0.,0.,1.));
#2652=DIRECTION('',(1.,0.,0.));
#2653=DIRECTION('',(0.,0.,-1.));
#2654=DIRECTION('',(1.,0.,0.));
#2655=DIRECTION('',(0.958765151286278,-0.284199550807176,0.));
#2656=DIRECTION('',(0.284199550807176,0.958765151286278,0.));
#2657=DIRECTION('',(-0.284199550807176,-0.958765151286278,0.));
#2658=DIRECTION('',(0.,0.,-1.));
#2659=DIRECTION('',(-0.284199550807176,-0.958765151286278,0.));
#2660=DIRECTION('',(0.,0.,-1.));
#2661=DIRECTION('',(-1.,0.,0.));
#2662=DIRECTION('',(0.,0.,1.));
#2663=DIRECTION('',(0.0203725492180263,0.999792458082356,0.));
#2664=DIRECTION('',(0.,0.,-1.));
#2665=DIRECTION('',(0.,0.,1.));
#2666=DIRECTION('',(0.0203725492180263,0.999792458082356,0.));
#2667=DIRECTION('',(0.,0.,-1.));
#2668=DIRECTION('',(-1.,0.,0.));
#2669=DIRECTION('',(0.,0.,1.));
#2670=DIRECTION('',(0.899850051445371,0.43619936372462,0.));
#2671=DIRECTION('',(0.,0.,-1.));
#2672=DIRECTION('',(0.,0.,1.));
#2673=DIRECTION('',(0.899850051445371,0.43619936372462,0.));
#2674=DIRECTION('',(-0.881182821929293,-0.47277567020388,0.));
#2675=DIRECTION('',(0.47277567020388,-0.881182821929293,0.));
#2676=DIRECTION('',(-0.47277567020388,0.881182821929293,0.));
#2677=DIRECTION('',(0.,0.,-1.));
#2678=DIRECTION('',(-0.47277567020388,0.881182821929293,0.));
#2679=DIRECTION('',(0.880257420041275,-0.474496443044918,0.));
#2680=DIRECTION('',(0.474496443044918,0.880257420041275,0.));
#2681=DIRECTION('',(-0.474496443044918,-0.880257420041275,0.));
#2682=DIRECTION('',(0.,0.,-1.));
#2683=DIRECTION('',(-0.474496443044918,-0.880257420041275,0.));
#2684=DIRECTION('',(0.,0.,-1.));
#2685=DIRECTION('',(-1.,0.,0.));
#2686=DIRECTION('',(0.,0.,1.));
#2687=DIRECTION('',(0.00764179953745578,0.999970801023625,0.));
#2688=DIRECTION('',(0.,0.,-1.));
#2689=DIRECTION('',(0.,0.,1.));
#2690=DIRECTION('',(0.00764179953745578,0.999970801023625,0.));
#2691=DIRECTION('',(0.,0.,-1.));
#2692=DIRECTION('',(-1.,0.,0.));
#2693=DIRECTION('',(0.,0.,1.));
#2694=DIRECTION('',(-0.220885355368547,-0.9752997794441,0.));
#2695=DIRECTION('',(0.,0.,1.));
#2696=DIRECTION('',(-0.220885355368547,-0.9752997794441,0.));
#2697=DIRECTION('',(0.,1.,0.));
#2698=DIRECTION('',(0.,0.,1.));
#2699=DIRECTION('',(1.,0.,0.));
#2700=DIRECTION('',(1.,0.,0.));
#2701=DIRECTION('',(-1.,0.,0.));
#2702=DIRECTION('',(0.,0.,1.));
#2703=DIRECTION('',(0.,1.,0.));
#2704=DIRECTION('',(0.,1.,0.));
#2705=DIRECTION('',(1.,0.,0.));
#2706=DIRECTION('',(0.,0.,-1.));
#2707=DIRECTION('',(0.,-1.,0.));
#2708=DIRECTION('',(0.,-1.,0.));
#2709=DIRECTION('',(0.781306692400349,-0.624147300250852,0.));
#2710=DIRECTION('',(0.624147300250852,0.781306692400349,0.));
#2711=DIRECTION('',(-0.624147300250852,-0.781306692400349,0.));
#2712=DIRECTION('',(-0.624147300250852,-0.781306692400349,0.));
#2713=DIRECTION('',(0.,0.,-1.));
#2714=DIRECTION('',(-1.,0.,0.));
#2715=DIRECTION('',(0.,0.,1.));
#2716=DIRECTION('',(0.85620801092742,0.516631243754878,0.));
#2717=DIRECTION('',(0.,0.,1.));
#2718=DIRECTION('',(0.85620801092742,0.516631243754878,0.));
#2719=DIRECTION('',(0.,0.,-1.));
#2720=DIRECTION('',(-1.,0.,0.));
#2721=DIRECTION('',(0.,0.,1.));
#2722=DIRECTION('',(0.973766920983572,0.227547761136367,0.));
#2723=DIRECTION('',(0.,0.,1.));
#2724=DIRECTION('',(0.973766920983572,0.227547761136367,0.));
#2725=DIRECTION('',(0.,1.,0.));
#2726=DIRECTION('',(0.,0.,1.));
#2727=DIRECTION('',(1.,0.,0.));
#2728=DIRECTION('',(1.,0.,0.));
#2729=DIRECTION('',(0.,0.,1.));
#2730=DIRECTION('',(1.,0.,0.));
#2731=DIRECTION('',(0.,0.,1.));
#2732=DIRECTION('',(1.,0.,0.));
#2733=CARTESIAN_POINT('',(0.,0.,0.));
#2734=CARTESIAN_POINT('',(-0.1,0.,0.0002));
#2735=CARTESIAN_POINT('',(-0.1,0.,0.));
#2736=CARTESIAN_POINT('',(-0.1,-0.0175,0.));
#2737=CARTESIAN_POINT('',(-0.1,0.0175,0.));
#2738=CARTESIAN_POINT('',(-0.1,-0.0175,0.0002));
#2739=CARTESIAN_POINT('',(-0.1,-0.0175,0.0002));
#2740=CARTESIAN_POINT('',(-0.1,0.,0.0002));
#2741=CARTESIAN_POINT('',(-0.1,0.0175,0.0002));
#2742=CARTESIAN_POINT('',(-0.1,0.0175,0.0002));
#2743=CARTESIAN_POINT('',(0.,-0.0175,0.0002));
#2744=CARTESIAN_POINT('',(0.,-0.0175,0.));
#2745=CARTESIAN_POINT('',(0.1,-0.0175,0.));
#2746=CARTESIAN_POINT('',(0.1,-0.0175,0.0002));
#2747=CARTESIAN_POINT('',(0.1,-0.0175,0.0002));
#2748=CARTESIAN_POINT('',(0.,-0.0175,0.0002));
#2749=CARTESIAN_POINT('',(0.1,0.,0.0002));
#2750=CARTESIAN_POINT('',(0.1,0.,0.));
#2751=CARTESIAN_POINT('',(0.1,0.0175,0.));
#2752=CARTESIAN_POINT('',(0.1,0.0175,0.0002));
#2753=CARTESIAN_POINT('',(0.1,0.0175,0.0002));
#2754=CARTESIAN_POINT('',(0.1,0.,0.0002));
#2755=CARTESIAN_POINT('',(0.0423089758430362,-0.00644384022858367,0.0002));
#2756=CARTESIAN_POINT('',(0.0423089758430362,-0.00644384022858367,0.));
#2757=CARTESIAN_POINT('',(0.0423089758430362,-0.0042790609587658,0.));
#2758=CARTESIAN_POINT('',(0.0423089758430362,-0.00860861949840155,0.));
#2759=CARTESIAN_POINT('',(0.0423089758430362,-0.00860861949840155,0.0002));
#2760=CARTESIAN_POINT('',(0.0423089758430362,-0.00860861949840155,0.0002));
#2761=CARTESIAN_POINT('',(0.0423089758430362,-0.00644384022858367,0.0002));
#2762=CARTESIAN_POINT('',(0.0423089758430362,-0.0042790609587658,0.0002));
#2763=CARTESIAN_POINT('',(0.0423089758430362,-0.0042790609587658,0.0002));
#2764=CARTESIAN_POINT('',(0.0433717746637676,0.0172828454275465,0.0002));
#2765=CARTESIAN_POINT('',(0.0433717746637676,0.0172828454275465,0.));
#2766=CARTESIAN_POINT('',(0.0389398471,-0.00824861585876579,0.));
#2767=CARTESIAN_POINT('',(0.0389398471,-0.00824861585876579,0.0002));
#2768=CARTESIAN_POINT('',(0.0389398471,-0.00824861585876579,0.0002));
#2769=CARTESIAN_POINT('',(0.0433717746637676,0.0172828454275465,0.0002));
#2770=CARTESIAN_POINT('',(0.0392536421394937,-0.000425997198149674,0.0002));
#2771=CARTESIAN_POINT('',(0.0392536421394937,-0.000425997198149674,0.));
#2772=CARTESIAN_POINT('',(0.0314375,2.09391412342082E-5,0.));
#2773=CARTESIAN_POINT('',(0.0314375,2.09391412342082E-5,0.0002));
#2774=CARTESIAN_POINT('',(0.0314375,2.09391412342082E-5,0.0002));
#2775=CARTESIAN_POINT('',(0.0392536421394937,-0.000425997198149674,0.0002));
#2776=CARTESIAN_POINT('',(0.0387775696773584,0.000617320637252778,0.0002));
#2777=CARTESIAN_POINT('',(0.0387775696773584,0.000617320637252778,0.));
#2778=CARTESIAN_POINT('',(0.0367433732,0.00769505604123421,0.));
#2779=CARTESIAN_POINT('',(0.0367433732,0.00769505604123421,0.0002));
#2780=CARTESIAN_POINT('',(0.0367433732,0.00769505604123421,0.0002));
#2781=CARTESIAN_POINT('',(0.0387775696773584,0.000617320637252778,0.0002));
#2782=CARTESIAN_POINT('',(0.0430291210145844,-0.0124106340950153,0.0002));
#2783=CARTESIAN_POINT('',(0.0430291210145844,-0.0124106340950153,0.));
#2784=CARTESIAN_POINT('',(0.0436375,0.00864593914123421,0.));
#2785=CARTESIAN_POINT('',(0.0436375,0.00864593914123421,0.0002));
#2786=CARTESIAN_POINT('',(0.0436375,0.00864593914123421,0.0002));
#2787=CARTESIAN_POINT('',(0.0430291210145844,-0.0124106340950153,0.0002));
#2788=CARTESIAN_POINT('',(0.043900689552186,-0.0175127119792465,0.0002));
#2789=CARTESIAN_POINT('',(0.043900689552186,-0.0175127119792465,0.));
#2790=CARTESIAN_POINT('',(0.048331923,0.00826922874123421,0.));
#2791=CARTESIAN_POINT('',(0.048331923,0.00826922874123421,0.0002));
#2792=CARTESIAN_POINT('',(0.048331923,0.00826922874123421,0.0002));
#2793=CARTESIAN_POINT('',(0.043900689552186,-0.0175127119792465,0.0002));
#2794=CARTESIAN_POINT('',(0.048058949282347,0.000434515165355112,0.0002));
#2795=CARTESIAN_POINT('',(0.048058949282347,0.000434515165355112,0.));
#2796=CARTESIAN_POINT('',(0.0558875,2.09391412342084E-5,0.));
#2797=CARTESIAN_POINT('',(0.0558875,2.09391412342084E-5,0.0002));
#2798=CARTESIAN_POINT('',(0.0558875,2.09391412342084E-5,0.0002));
#2799=CARTESIAN_POINT('',(0.048058949282347,0.000434515165355112,0.0002));
#2800=CARTESIAN_POINT('',(0.0485135840342214,-0.000555455375127447,0.0002));
#2801=CARTESIAN_POINT('',(0.0485135840342214,-0.000555455375127447,0.));
#2802=CARTESIAN_POINT('',(0.0506081156,-0.0076491007587658,0.));
#2803=CARTESIAN_POINT('',(0.0506081156,-0.0076491007587658,0.0002));
#2804=CARTESIAN_POINT('',(0.0506081156,-0.0076491007587658,0.0002));
#2805=CARTESIAN_POINT('',(0.0485135840342214,-0.000555455375127447,0.0002));
#2806=CARTESIAN_POINT('',(0.0442510867245655,0.0122879383395367,0.0002));
#2807=CARTESIAN_POINT('',(0.0442510867245655,0.0122879383395367,0.));
#2808=CARTESIAN_POINT('',(0.0451011882016474,-0.0086207840415418,0.));
#2809=CARTESIAN_POINT('',(0.0451011882016474,-0.0086207840415418,0.0002));
#2810=CARTESIAN_POINT('',(0.0451011882016474,-0.0086207840415418,0.0002));
#2811=CARTESIAN_POINT('',(0.0442510867245655,0.0122879383395367,0.0002));
#2812=CARTESIAN_POINT('',(0.0451011882016474,-0.00643779461208982,0.0002));
#2813=CARTESIAN_POINT('',(0.0451011882016474,-0.00643779461208982,0.));
#2814=CARTESIAN_POINT('',(0.0451011882016474,-0.00425480518263782,0.));
#2815=CARTESIAN_POINT('',(0.0451011882016474,-0.00425480518263782,0.0002));
#2816=CARTESIAN_POINT('',(0.0451011882016474,-0.00425480518263782,0.0002));
#2817=CARTESIAN_POINT('',(0.0451011882016474,-0.00643779461208982,0.0002));
#2818=CARTESIAN_POINT('',(0.0439045511837697,0.0237804856271037,0.0002));
#2819=CARTESIAN_POINT('',(0.0439045511837697,0.0237804856271037,0.));
#2820=CARTESIAN_POINT('',(0.0465616197,-0.00415425005876579,0.));
#2821=CARTESIAN_POINT('',(0.0465616197,-0.00415425005876579,0.0002));
#2822=CARTESIAN_POINT('',(0.0465616197,-0.00415425005876579,0.0002));
#2823=CARTESIAN_POINT('',(0.0439045511837697,0.0237804856271037,0.0002));
#2824=CARTESIAN_POINT('',(0.0470977194642705,-0.000536277549031521,0.0002));
#2825=CARTESIAN_POINT('',(0.0470977194642705,-0.000536277549031521,0.));
#2826=CARTESIAN_POINT('',(0.0507124999,2.09391412342078E-5,0.));
#2827=CARTESIAN_POINT('',(0.0507124999,2.09391412342078E-5,0.0002));
#2828=CARTESIAN_POINT('',(0.0507124999,2.09391412342078E-5,0.0002));
#2829=CARTESIAN_POINT('',(0.0470977194642705,-0.000536277549031521,0.0002));
#2830=CARTESIAN_POINT('',(0.0474821131449566,0.000671082863580099,0.0002));
#2831=CARTESIAN_POINT('',(0.0474821131449566,0.000671082863580099,0.));
#2832=CARTESIAN_POINT('',(0.048140481,0.0038998035412342,0.));
#2833=CARTESIAN_POINT('',(0.048140481,0.0038998035412342,0.0002));
#2834=CARTESIAN_POINT('',(0.048140481,0.0038998035412342,0.0002));
#2835=CARTESIAN_POINT('',(0.0474821131449566,0.000671082863580099,0.0002));
#2836=CARTESIAN_POINT('',(0.0443034223946439,-0.0139257075303942,0.0002));
#2837=CARTESIAN_POINT('',(0.0443034223946439,-0.0139257075303942,0.));
#2838=CARTESIAN_POINT('',(0.0436375,0.00429593924123421,0.));
#2839=CARTESIAN_POINT('',(0.0436375,0.00429593924123421,0.0002));
#2840=CARTESIAN_POINT('',(0.0436375,0.00429593924123421,0.0002));
#2841=CARTESIAN_POINT('',(0.0443034223946439,-0.0139257075303942,0.0002));
#2842=CARTESIAN_POINT('',(0.0433725964889687,-0.0235980530860943,0.0002));
#2843=CARTESIAN_POINT('',(0.0433725964889687,-0.0235980530860943,0.));
#2844=CARTESIAN_POINT('',(0.0407257297,0.0041713379412342,0.));
#2845=CARTESIAN_POINT('',(0.0407257297,0.0041713379412342,0.0002));
#2846=CARTESIAN_POINT('',(0.0407257297,0.0041713379412342,0.0002));
#2847=CARTESIAN_POINT('',(0.0433725964889687,-0.0235980530860943,0.0002));
#2848=CARTESIAN_POINT('',(0.0401899280812915,0.000567321032629144,0.0002));
#2849=CARTESIAN_POINT('',(0.0401899280812915,0.000567321032629144,0.));
#2850=CARTESIAN_POINT('',(0.0365875,2.09391412342109E-5,0.));
#2851=CARTESIAN_POINT('',(0.0365875,2.09391412342109E-5,0.0002));
#2852=CARTESIAN_POINT('',(0.0365875,2.09391412342109E-5,0.0002));
#2853=CARTESIAN_POINT('',(0.0401899280812915,0.000567321032629144,0.0002));
#2854=CARTESIAN_POINT('',(0.0398550030039109,-0.000614109676003351,0.0002));
#2855=CARTESIAN_POINT('',(0.0398550030039109,-0.000614109676003351,0.));
#2856=CARTESIAN_POINT('',(0.039122158,-0.00386107765876579,0.));
#2857=CARTESIAN_POINT('',(0.039122158,-0.00386107765876579,0.0002));
#2858=CARTESIAN_POINT('',(0.039122158,-0.00386107765876579,0.0002));
#2859=CARTESIAN_POINT('',(0.0398550030039109,-0.000614109676003351,0.0002));
#2860=CARTESIAN_POINT('',(0.0242125,-0.00216656085876579,0.0002));
#2861=CARTESIAN_POINT('',(0.0242125,-0.00216656085876579,0.));
#2862=CARTESIAN_POINT('',(0.0242125,-0.00835406085876579,0.));
#2863=CARTESIAN_POINT('',(0.0242125,0.00402093914123421,0.));
#2864=CARTESIAN_POINT('',(0.0242125,-0.00835406085876579,0.0002));
#2865=CARTESIAN_POINT('',(0.0242125,-0.00835406085876579,0.0002));
#2866=CARTESIAN_POINT('',(0.0242125,-0.00216656085876579,0.0002));
#2867=CARTESIAN_POINT('',(0.0242125,0.00402093914123421,0.0002));
#2868=CARTESIAN_POINT('',(0.0242125,0.00402093914123421,0.0002));
#2869=CARTESIAN_POINT('',(0.0216375,-0.00835406085876579,0.0002));
#2870=CARTESIAN_POINT('',(0.0216375,-0.00835406085876579,0.));
#2871=CARTESIAN_POINT('',(0.0190625,-0.00835406085876579,0.));
#2872=CARTESIAN_POINT('',(0.0190625,-0.00835406085876579,0.0002));
#2873=CARTESIAN_POINT('',(0.0190625,-0.00835406085876579,0.0002));
#2874=CARTESIAN_POINT('',(0.0216375,-0.00835406085876579,0.0002));
#2875=CARTESIAN_POINT('',(0.0190625,-0.00216656085876579,0.0002));
#2876=CARTESIAN_POINT('',(0.0190625,-0.00216656085876579,0.));
#2877=CARTESIAN_POINT('',(0.0190625,0.00402093914123421,0.));
#2878=CARTESIAN_POINT('',(0.0190625,0.00402093914123421,0.0002));
#2879=CARTESIAN_POINT('',(0.0190625,0.00402093914123421,0.0002));
#2880=CARTESIAN_POINT('',(0.0190625,-0.00216656085876579,0.0002));
#2881=CARTESIAN_POINT('',(0.014925,0.00402093914123421,0.0002));
#2882=CARTESIAN_POINT('',(0.014925,0.00402093914123421,0.));
#2883=CARTESIAN_POINT('',(0.0107875,0.00402093914123421,0.));
#2884=CARTESIAN_POINT('',(0.0107875,0.00402093914123421,0.0002));
#2885=CARTESIAN_POINT('',(0.0107875,0.00402093914123421,0.0002));
#2886=CARTESIAN_POINT('',(0.014925,0.00402093914123421,0.0002));
#2887=CARTESIAN_POINT('',(0.0124875,0.00619593914123421,0.0002));
#2888=CARTESIAN_POINT('',(0.0124875,0.00619593914123421,0.));
#2889=CARTESIAN_POINT('',(0.0141875,0.00837093914123421,0.));
#2890=CARTESIAN_POINT('',(0.0141875,0.00837093914123421,0.0002));
#2891=CARTESIAN_POINT('',(0.0141875,0.00837093914123421,0.0002));
#2892=CARTESIAN_POINT('',(0.0124875,0.00619593914123421,0.0002));
#2893=CARTESIAN_POINT('',(0.0235375,0.00837093914123421,0.0002));
#2894=CARTESIAN_POINT('',(0.0235375,0.00837093914123421,0.));
#2895=CARTESIAN_POINT('',(0.0328875,0.00837093914123421,0.));
#2896=CARTESIAN_POINT('',(0.0328875,0.00837093914123421,0.0002));
#2897=CARTESIAN_POINT('',(0.0328875,0.00837093914123421,0.0002));
#2898=CARTESIAN_POINT('',(0.0235375,0.00837093914123421,0.0002));
#2899=CARTESIAN_POINT('',(0.0311875,0.00619593914123421,0.0002));
#2900=CARTESIAN_POINT('',(0.0311875,0.00619593914123421,0.));
#2901=CARTESIAN_POINT('',(0.0294875,0.00402093914123421,0.));
#2902=CARTESIAN_POINT('',(0.0294875,0.00402093914123421,0.0002));
#2903=CARTESIAN_POINT('',(0.0294875,0.00402093914123421,0.0002));
#2904=CARTESIAN_POINT('',(0.0311875,0.00619593914123421,0.0002));
#2905=CARTESIAN_POINT('',(-0.008175,-0.00835406085876579,0.0002));
#2906=CARTESIAN_POINT('',(-0.008175,-0.00835406085876579,0.));
#2907=CARTESIAN_POINT('',(-0.0106625,-0.00835406085876579,0.));
#2908=CARTESIAN_POINT('',(-0.0056875,-0.00835406085876579,0.));
#2909=CARTESIAN_POINT('',(-0.0106625,-0.00835406085876579,0.0002));
#2910=CARTESIAN_POINT('',(-0.0106625,-0.00835406085876579,0.0002));
#2911=CARTESIAN_POINT('',(-0.008175,-0.00835406085876579,0.0002));
#2912=CARTESIAN_POINT('',(-0.0056875,-0.00835406085876579,0.0002));
#2913=CARTESIAN_POINT('',(-0.0056875,-0.00835406085876579,0.0002));
#2914=CARTESIAN_POINT('',(-0.0106625,-0.00142906085876579,0.0002));
#2915=CARTESIAN_POINT('',(-0.0106625,-0.00142906085876579,0.));
#2916=CARTESIAN_POINT('',(-0.0106625,0.00549593914123421,0.));
#2917=CARTESIAN_POINT('',(-0.0106625,0.00549593914123421,0.0002));
#2918=CARTESIAN_POINT('',(-0.0106625,0.00549593914123421,0.0002));
#2919=CARTESIAN_POINT('',(-0.0106625,-0.00142906085876579,0.0002));
#2920=CARTESIAN_POINT('',(-0.00791225321885639,0.00587121385338319,0.0002));
#2921=CARTESIAN_POINT('',(-0.00791225321885639,0.00587121385338319,0.));
#2922=CARTESIAN_POINT('',(-0.0078375,0.00864593914123421,0.));
#2923=CARTESIAN_POINT('',(-0.0078375,0.00864593914123421,0.0002));
#2924=CARTESIAN_POINT('',(-0.0078375,0.00864593914123421,0.0002));
#2925=CARTESIAN_POINT('',(-0.00791225321885639,0.00587121385338319,0.0002));
#2926=CARTESIAN_POINT('',(-0.00778319608851179,0.00605049515662096,0.0002));
#2927=CARTESIAN_POINT('',(-0.00778319608851179,0.00605049515662096,0.));
#2928=CARTESIAN_POINT('',(-0.0063815,0.00823556414123421,0.));
#2929=CARTESIAN_POINT('',(-0.0063815,0.00823556414123421,0.0002));
#2930=CARTESIAN_POINT('',(-0.0063815,0.00823556414123421,0.0002));
#2931=CARTESIAN_POINT('',(-0.00778319608851179,0.00605049515662096,0.0002));
#2932=CARTESIAN_POINT('',(-0.00859399273038609,0.0047949897486341,0.0002));
#2933=CARTESIAN_POINT('',(-0.00859399273038609,0.0047949897486341,0.));
#2934=CARTESIAN_POINT('',(-0.0057875,0.00777093914123421,0.));
#2935=CARTESIAN_POINT('',(-0.0057875,0.00777093914123421,0.0002));
#2936=CARTESIAN_POINT('',(-0.0057875,0.00777093914123421,0.0002));
#2937=CARTESIAN_POINT('',(-0.00859399273038609,0.0047949897486341,0.0002));
#2938=CARTESIAN_POINT('',(-0.000775,0.00319593914123421,0.0002));
#2939=CARTESIAN_POINT('',(-0.000775,0.00319593914123421,0.));
#2940=CARTESIAN_POINT('',(0.0042375,-0.00137906085876579,0.));
#2941=CARTESIAN_POINT('',(0.0042375,-0.00137906085876579,0.0002));
#2942=CARTESIAN_POINT('',(0.0042375,-0.00137906085876579,0.0002));
#2943=CARTESIAN_POINT('',(-0.000775,0.00319593914123421,0.0002));
#2944=CARTESIAN_POINT('',(0.0042375,0.00349593914123421,0.0002));
#2945=CARTESIAN_POINT('',(0.0042375,0.00349593914123421,0.));
#2946=CARTESIAN_POINT('',(0.0042375,0.00837093914123421,0.));
#2947=CARTESIAN_POINT('',(0.0042375,0.00837093914123421,0.0002));
#2948=CARTESIAN_POINT('',(0.0042375,0.00837093914123421,0.0002));
#2949=CARTESIAN_POINT('',(0.0042375,0.00349593914123421,0.0002));
#2950=CARTESIAN_POINT('',(0.0067125,0.00837093914123421,0.0002));
#2951=CARTESIAN_POINT('',(0.0067125,0.00837093914123421,0.));
#2952=CARTESIAN_POINT('',(0.0091875,0.00837093914123421,0.));
#2953=CARTESIAN_POINT('',(0.0091875,0.00837093914123421,0.0002));
#2954=CARTESIAN_POINT('',(0.0091875,0.00837093914123421,0.0002));
#2955=CARTESIAN_POINT('',(0.0067125,0.00837093914123421,0.0002));
#2956=CARTESIAN_POINT('',(0.0091875,0.00143343914123421,0.0002));
#2957=CARTESIAN_POINT('',(0.0091875,0.00143343914123421,0.));
#2958=CARTESIAN_POINT('',(0.0091875,-0.00550406085876579,0.));
#2959=CARTESIAN_POINT('',(0.0091875,-0.00550406085876579,0.0002));
#2960=CARTESIAN_POINT('',(0.0091875,-0.00550406085876579,0.0002));
#2961=CARTESIAN_POINT('',(0.0091875,0.00143343914123421,0.0002));
#2962=CARTESIAN_POINT('',(0.00642340046702253,-0.00586691207125425,0.0002));
#2963=CARTESIAN_POINT('',(0.00642340046702253,-0.00586691207125425,0.));
#2964=CARTESIAN_POINT('',(0.0063625,-0.00865406085876579,0.));
#2965=CARTESIAN_POINT('',(0.0063625,-0.00865406085876579,0.0002));
#2966=CARTESIAN_POINT('',(0.0063625,-0.00865406085876579,0.0002));
#2967=CARTESIAN_POINT('',(0.00642340046702253,-0.00586691207125425,0.0002));
#2968=CARTESIAN_POINT('',(0.00632417777628649,-0.00612989180436319,0.0002));
#2969=CARTESIAN_POINT('',(0.00632417777628649,-0.00612989180436319,0.));
#2970=CARTESIAN_POINT('',(0.0050246901,-0.00829419995876579,0.));
#2971=CARTESIAN_POINT('',(0.0050246901,-0.00829419995876579,0.0002));
#2972=CARTESIAN_POINT('',(0.0050246901,-0.00829419995876579,0.0002));
#2973=CARTESIAN_POINT('',(0.00632417777628649,-0.00612989180436319,0.0002));
#2974=CARTESIAN_POINT('',(0.00725832601149047,-0.00461717601209726,0.0002));
#2975=CARTESIAN_POINT('',(0.00725832601149047,-0.00461717601209726,0.));
#2976=CARTESIAN_POINT('',(0.0042875,-0.0077290608587658,0.));
#2977=CARTESIAN_POINT('',(0.0042875,-0.0077290608587658,0.0002));
#2978=CARTESIAN_POINT('',(0.0042875,-0.0077290608587658,0.0002));
#2979=CARTESIAN_POINT('',(0.00725832601149047,-0.00461717601209726,0.0002));
#2980=CARTESIAN_POINT('',(-0.0007,-0.00317906085876579,0.0002));
#2981=CARTESIAN_POINT('',(-0.0007,-0.00317906085876579,0.));
#2982=CARTESIAN_POINT('',(-0.0056875,0.00137093914123421,0.));
#2983=CARTESIAN_POINT('',(-0.0056875,0.00137093914123421,0.0002));
#2984=CARTESIAN_POINT('',(-0.0056875,0.00137093914123421,0.0002));
#2985=CARTESIAN_POINT('',(-0.0007,-0.00317906085876579,0.0002));
#2986=CARTESIAN_POINT('',(-0.059775,0.00837093914123421,0.0002));
#2987=CARTESIAN_POINT('',(-0.059775,0.00837093914123421,0.));
#2988=CARTESIAN_POINT('',(-0.0571875,0.00837093914123421,0.));
#2989=CARTESIAN_POINT('',(-0.0623625,0.00837093914123421,0.));
#2990=CARTESIAN_POINT('',(-0.0571875,0.00837093914123421,0.0002));
#2991=CARTESIAN_POINT('',(-0.0571875,0.00837093914123421,0.0002));
#2992=CARTESIAN_POINT('',(-0.059775,0.00837093914123421,0.0002));
#2993=CARTESIAN_POINT('',(-0.0623625,0.00837093914123421,0.0002));
#2994=CARTESIAN_POINT('',(-0.0623625,0.00837093914123421,0.0002));
#2995=CARTESIAN_POINT('',(-0.0571875,0.00540843914123421,0.0002));
#2996=CARTESIAN_POINT('',(-0.0571875,0.00540843914123421,0.));
#2997=CARTESIAN_POINT('',(-0.0571875,0.00244593914123421,0.));
#2998=CARTESIAN_POINT('',(-0.0571875,0.00244593914123421,0.0002));
#2999=CARTESIAN_POINT('',(-0.0571875,0.00244593914123421,0.0002));
#3000=CARTESIAN_POINT('',(-0.0571875,0.00540843914123421,0.0002));
#3001=CARTESIAN_POINT('',(-0.0522125,0.00244593914123421,0.0002));
#3002=CARTESIAN_POINT('',(-0.0522125,0.00244593914123421,0.));
#3003=CARTESIAN_POINT('',(-0.0472375,0.00244593914123421,0.));
#3004=CARTESIAN_POINT('',(-0.0472375,0.00244593914123421,0.0002));
#3005=CARTESIAN_POINT('',(-0.0472375,0.00244593914123421,0.0002));
#3006=CARTESIAN_POINT('',(-0.0522125,0.00244593914123421,0.0002));
#3007=CARTESIAN_POINT('',(-0.0472375,0.00540843914123421,0.0002));
#3008=CARTESIAN_POINT('',(-0.0472375,0.00540843914123421,0.));
#3009=CARTESIAN_POINT('',(-0.0472375,0.00837093914123421,0.));
#3010=CARTESIAN_POINT('',(-0.0472375,0.00837093914123421,0.0002));
#3011=CARTESIAN_POINT('',(-0.0472375,0.00837093914123421,0.0002));
#3012=CARTESIAN_POINT('',(-0.0472375,0.00540843914123421,0.0002));
#3013=CARTESIAN_POINT('',(-0.0446625,0.00837093914123421,0.0002));
#3014=CARTESIAN_POINT('',(-0.0446625,0.00837093914123421,0.));
#3015=CARTESIAN_POINT('',(-0.0420875,0.00837093914123421,0.));
#3016=CARTESIAN_POINT('',(-0.0420875,0.00837093914123421,0.0002));
#3017=CARTESIAN_POINT('',(-0.0420875,0.00837093914123421,0.0002));
#3018=CARTESIAN_POINT('',(-0.0446625,0.00837093914123421,0.0002));
#3019=CARTESIAN_POINT('',(-0.0420875,8.4391412342108E-6,0.0002));
#3020=CARTESIAN_POINT('',(-0.0420875,8.4391412342108E-6,0.));
#3021=CARTESIAN_POINT('',(-0.0420875,-0.00835406085876579,0.));
#3022=CARTESIAN_POINT('',(-0.0420875,-0.00835406085876579,0.0002));
#3023=CARTESIAN_POINT('',(-0.0420875,-0.00835406085876579,0.0002));
#3024=CARTESIAN_POINT('',(-0.0420875,8.4391412342108E-6,0.0002));
#3025=CARTESIAN_POINT('',(-0.0446625,-0.00835406085876579,0.0002));
#3026=CARTESIAN_POINT('',(-0.0446625,-0.00835406085876579,0.));
#3027=CARTESIAN_POINT('',(-0.0472375,-0.00835406085876579,0.));
#3028=CARTESIAN_POINT('',(-0.0472375,-0.00835406085876579,0.0002));
#3029=CARTESIAN_POINT('',(-0.0472375,-0.00835406085876579,0.0002));
#3030=CARTESIAN_POINT('',(-0.0446625,-0.00835406085876579,0.0002));
#3031=CARTESIAN_POINT('',(-0.0472375,-0.00512906085876579,0.0002));
#3032=CARTESIAN_POINT('',(-0.0472375,-0.00512906085876579,0.));
#3033=CARTESIAN_POINT('',(-0.0472375,-0.00190406085876579,0.));
#3034=CARTESIAN_POINT('',(-0.0472375,-0.00190406085876579,0.0002));
#3035=CARTESIAN_POINT('',(-0.0472375,-0.00190406085876579,0.0002));
#3036=CARTESIAN_POINT('',(-0.0472375,-0.00512906085876579,0.0002));
#3037=CARTESIAN_POINT('',(-0.0522125,-0.00190406085876579,0.0002));
#3038=CARTESIAN_POINT('',(-0.0522125,-0.00190406085876579,0.));
#3039=CARTESIAN_POINT('',(-0.0571875,-0.00190406085876579,0.));
#3040=CARTESIAN_POINT('',(-0.0571875,-0.00190406085876579,0.0002));
#3041=CARTESIAN_POINT('',(-0.0571875,-0.00190406085876579,0.0002));
#3042=CARTESIAN_POINT('',(-0.0522125,-0.00190406085876579,0.0002));
#3043=CARTESIAN_POINT('',(-0.0571875,-0.00512906085876579,0.0002));
#3044=CARTESIAN_POINT('',(-0.0571875,-0.00512906085876579,0.));
#3045=CARTESIAN_POINT('',(-0.0571875,-0.00835406085876579,0.));
#3046=CARTESIAN_POINT('',(-0.0571875,-0.00835406085876579,0.0002));
#3047=CARTESIAN_POINT('',(-0.0571875,-0.00835406085876579,0.0002));
#3048=CARTESIAN_POINT('',(-0.0571875,-0.00512906085876579,0.0002));
#3049=CARTESIAN_POINT('',(-0.059775,-0.00835406085876579,0.0002));
#3050=CARTESIAN_POINT('',(-0.059775,-0.00835406085876579,0.));
#3051=CARTESIAN_POINT('',(-0.0623625,-0.00835406085876579,0.));
#3052=CARTESIAN_POINT('',(-0.0623625,-0.00835406085876579,0.0002));
#3053=CARTESIAN_POINT('',(-0.0623625,-0.00835406085876579,0.0002));
#3054=CARTESIAN_POINT('',(-0.059775,-0.00835406085876579,0.0002));
#3055=CARTESIAN_POINT('',(-0.0783125,0.00837093914123421,0.0002));
#3056=CARTESIAN_POINT('',(-0.0783125,0.00837093914123421,0.));
#3057=CARTESIAN_POINT('',(-0.0729875,0.00837093914123421,0.));
#3058=CARTESIAN_POINT('',(-0.0836375,0.00837093914123421,0.));
#3059=CARTESIAN_POINT('',(-0.0729875,0.00837093914123421,0.0002));
#3060=CARTESIAN_POINT('',(-0.0729875,0.00837093914123421,0.0002));
#3061=CARTESIAN_POINT('',(-0.0783125,0.00837093914123421,0.0002));
#3062=CARTESIAN_POINT('',(-0.0836375,0.00837093914123421,0.0002));
#3063=CARTESIAN_POINT('',(-0.0836375,0.00837093914123421,0.0002));
#3064=CARTESIAN_POINT('',(-0.0729666583127033,-0.0048239150333827,0.0002));
#3065=CARTESIAN_POINT('',(-0.0729666583127033,-0.0048239150333827,0.));
#3066=CARTESIAN_POINT('',(-0.0715514773,0.00829484534123421,0.));
#3067=CARTESIAN_POINT('',(-0.0715514773,0.00829484534123421,0.0002));
#3068=CARTESIAN_POINT('',(-0.0715514773,0.00829484534123421,0.0002));
#3069=CARTESIAN_POINT('',(-0.0729666583127033,-0.0048239150333827,0.0002));
#3070=CARTESIAN_POINT('',(-0.0713893415856003,0.00191679748683399,0.0002));
#3071=CARTESIAN_POINT('',(-0.0713893415856003,0.00191679748683399,0.));
#3072=CARTESIAN_POINT('',(-0.0650125,0.00212093914123421,0.));
#3073=CARTESIAN_POINT('',(-0.0650125,0.00212093914123421,0.0002));
#3074=CARTESIAN_POINT('',(-0.0650125,0.00212093914123421,0.0002));
#3075=CARTESIAN_POINT('',(-0.0713893415856003,0.00191679748683399,0.0002));
#3076=CARTESIAN_POINT('',(-0.0704845228928165,0.00199110170932296,0.0002));
#3077=CARTESIAN_POINT('',(-0.0704845228928165,0.00199110170932296,0.));
#3078=CARTESIAN_POINT('',(-0.0666739963,-0.00193824675876579,0.));
#3079=CARTESIAN_POINT('',(-0.0666739963,-0.00193824675876579,0.0002));
#3080=CARTESIAN_POINT('',(-0.0666739963,-0.00193824675876579,0.0002));
#3081=CARTESIAN_POINT('',(-0.0704845228928165,0.00199110170932296,0.0002));
#3082=CARTESIAN_POINT('',(-0.0724346653500086,0.0048792359989639,0.0002));
#3083=CARTESIAN_POINT('',(-0.0724346653500086,0.0048792359989639,0.));
#3084=CARTESIAN_POINT('',(-0.0729875,-0.0040290608587658,0.));
#3085=CARTESIAN_POINT('',(-0.0729875,-0.0040290608587658,0.0002));
#3086=CARTESIAN_POINT('',(-0.0729875,-0.0040290608587658,0.0002));
#3087=CARTESIAN_POINT('',(-0.0724346653500086,0.0048792359989639,0.0002));
#3088=CARTESIAN_POINT('',(-0.077475,-0.00402906085876579,0.0002));
#3089=CARTESIAN_POINT('',(-0.077475,-0.00402906085876579,0.));
#3090=CARTESIAN_POINT('',(-0.0819625,-0.00402906085876579,0.));
#3091=CARTESIAN_POINT('',(-0.0819625,-0.00402906085876579,0.0002));
#3092=CARTESIAN_POINT('',(-0.0819625,-0.00402906085876579,0.0002));
#3093=CARTESIAN_POINT('',(-0.077475,-0.00402906085876579,0.0002));
#3094=CARTESIAN_POINT('',(-0.0819625,-0.00619156085876579,0.0002));
#3095=CARTESIAN_POINT('',(-0.0819625,-0.00619156085876579,0.));
#3096=CARTESIAN_POINT('',(-0.0819625,-0.00835406085876579,0.));
#3097=CARTESIAN_POINT('',(-0.0819625,-0.00835406085876579,0.0002));
#3098=CARTESIAN_POINT('',(-0.0819625,-0.00835406085876579,0.0002));
#3099=CARTESIAN_POINT('',(-0.0819625,-0.00619156085876579,0.0002));
#3100=CARTESIAN_POINT('',(-0.0845375,-0.00835406085876579,0.0002));
#3101=CARTESIAN_POINT('',(-0.0845375,-0.00835406085876579,0.));
#3102=CARTESIAN_POINT('',(-0.0871125,-0.00835406085876579,0.));
#3103=CARTESIAN_POINT('',(-0.0871125,-0.00835406085876579,0.0002));
#3104=CARTESIAN_POINT('',(-0.0871125,-0.00835406085876579,0.0002));
#3105=CARTESIAN_POINT('',(-0.0845375,-0.00835406085876579,0.0002));
#3106=CARTESIAN_POINT('',(-0.0871125,-0.00405406085876579,0.0002));
#3107=CARTESIAN_POINT('',(-0.0871125,-0.00405406085876579,0.));
#3108=CARTESIAN_POINT('',(-0.0871125,0.000245939141234208,0.));
#3109=CARTESIAN_POINT('',(-0.0871125,0.000245939141234208,0.0002));
#3110=CARTESIAN_POINT('',(-0.0871125,0.000245939141234208,0.0002));
#3111=CARTESIAN_POINT('',(-0.0871125,-0.00405406085876579,0.0002));
#3112=CARTESIAN_POINT('',(-0.0797625,0.000245939141234208,0.0002));
#3113=CARTESIAN_POINT('',(-0.0797625,0.000245939141234208,0.));
#3114=CARTESIAN_POINT('',(-0.0724125,0.000245939141234208,0.));
#3115=CARTESIAN_POINT('',(-0.0724125,0.000245939141234208,0.0002));
#3116=CARTESIAN_POINT('',(-0.0724125,0.000245939141234208,0.0002));
#3117=CARTESIAN_POINT('',(-0.0797625,0.000245939141234208,0.0002));
#3118=CARTESIAN_POINT('',(-0.0720987157326704,0.0021565893509754,0.0002));
#3119=CARTESIAN_POINT('',(-0.0720987157326704,0.0021565893509754,0.));
#3120=CARTESIAN_POINT('',(-0.0701625,0.00214593914123421,0.));
#3121=CARTESIAN_POINT('',(-0.0701625,0.00214593914123421,0.0002));
#3122=CARTESIAN_POINT('',(-0.0701625,0.00214593914123421,0.0002));
#3123=CARTESIAN_POINT('',(-0.0720987157326704,0.0021565893509754,0.0002));
#3124=CARTESIAN_POINT('',(-0.0721067064914349,0.00210039135151234,0.0002));
#3125=CARTESIAN_POINT('',(-0.0721067064914349,0.00210039135151234,0.));
#3126=CARTESIAN_POINT('',(-0.0724125,0.00402093914123421,0.));
#3127=CARTESIAN_POINT('',(-0.0724125,0.00402093914123421,0.0002));
#3128=CARTESIAN_POINT('',(-0.0724125,0.00402093914123421,0.0002));
#3129=CARTESIAN_POINT('',(-0.0721067064914349,0.00210039135151234,0.0002));
#3130=CARTESIAN_POINT('',(-0.0797625,0.00402093914123421,0.0002));
#3131=CARTESIAN_POINT('',(-0.0797625,0.00402093914123421,0.));
#3132=CARTESIAN_POINT('',(-0.0871125,0.00402093914123421,0.));
#3133=CARTESIAN_POINT('',(-0.0871125,0.00402093914123421,0.0002));
#3134=CARTESIAN_POINT('',(-0.0871125,0.00402093914123421,0.0002));
#3135=CARTESIAN_POINT('',(-0.0797625,0.00402093914123421,0.0002));
#3136=CARTESIAN_POINT('',(-0.017625,-0.000791560858765794,0.0002));
#3137=CARTESIAN_POINT('',(-0.017625,-0.000791560858765794,0.));
#3138=CARTESIAN_POINT('',(-0.0123875,-0.00835406085876579,0.));
#3139=CARTESIAN_POINT('',(-0.0228625,0.00677093914123421,0.));
#3140=CARTESIAN_POINT('',(-0.0123875,-0.00835406085876579,0.0002));
#3141=CARTESIAN_POINT('',(-0.0123875,-0.00835406085876579,0.0002));
#3142=CARTESIAN_POINT('',(-0.017625,-0.000791560858765794,0.0002));
#3143=CARTESIAN_POINT('',(-0.0228625,0.00677093914123421,0.0002));
#3144=CARTESIAN_POINT('',(-0.0228625,0.00677093914123421,0.0002));
#3145=CARTESIAN_POINT('',(-0.0221,-0.00835406085876579,0.0002));
#3146=CARTESIAN_POINT('',(-0.0221,-0.00835406085876579,0.));
#3147=CARTESIAN_POINT('',(-0.0318125,-0.00835406085876579,0.));
#3148=CARTESIAN_POINT('',(-0.0318125,-0.00835406085876579,0.0002));
#3149=CARTESIAN_POINT('',(-0.0318125,-0.00835406085876579,0.0002));
#3150=CARTESIAN_POINT('',(-0.0221,-0.00835406085876579,0.0002));
#3151=CARTESIAN_POINT('',(-0.0302625,-0.00617906085876579,0.0002));
#3152=CARTESIAN_POINT('',(-0.0302625,-0.00617906085876579,0.));
#3153=CARTESIAN_POINT('',(-0.0287125,-0.00400406085876579,0.));
#3154=CARTESIAN_POINT('',(-0.0287125,-0.00400406085876579,0.0002));
#3155=CARTESIAN_POINT('',(-0.0287125,-0.00400406085876579,0.0002));
#3156=CARTESIAN_POINT('',(-0.0302625,-0.00617906085876579,0.0002));
#3157=CARTESIAN_POINT('',(-0.0251125,-0.00400406085876579,0.0002));
#3158=CARTESIAN_POINT('',(-0.0251125,-0.00400406085876579,0.));
#3159=CARTESIAN_POINT('',(-0.0215125,-0.00400406085876579,0.));
#3160=CARTESIAN_POINT('',(-0.0215125,-0.00400406085876579,0.0002));
#3161=CARTESIAN_POINT('',(-0.0215125,-0.00400406085876579,0.0002));
#3162=CARTESIAN_POINT('',(-0.0251125,-0.00400406085876579,0.0002));
#3163=CARTESIAN_POINT('',(-0.023875,-0.00059156085876579,0.0002));
#3164=CARTESIAN_POINT('',(-0.023875,-0.00059156085876579,0.));
#3165=CARTESIAN_POINT('',(-0.0262375,0.00282093914123421,0.));
#3166=CARTESIAN_POINT('',(-0.0262375,0.00282093914123421,0.0002));
#3167=CARTESIAN_POINT('',(-0.0262375,0.00282093914123421,0.0002));
#3168=CARTESIAN_POINT('',(-0.023875,-0.00059156085876579,0.0002));
#3169=CARTESIAN_POINT('',(-0.0302,-0.00276656085876579,0.0002));
#3170=CARTESIAN_POINT('',(-0.0302,-0.00276656085876579,0.));
#3171=CARTESIAN_POINT('',(-0.0341625,-0.00835406085876579,0.));
#3172=CARTESIAN_POINT('',(-0.0341625,-0.00835406085876579,0.0002));
#3173=CARTESIAN_POINT('',(-0.0341625,-0.00835406085876579,0.0002));
#3174=CARTESIAN_POINT('',(-0.0302,-0.00276656085876579,0.0002));
#3175=CARTESIAN_POINT('',(-0.0371875,-0.00835406085876579,0.0002));
#3176=CARTESIAN_POINT('',(-0.0371875,-0.00835406085876579,0.));
#3177=CARTESIAN_POINT('',(-0.0402125,-0.00835406085876579,0.));
#3178=CARTESIAN_POINT('',(-0.0402125,-0.00835406085876579,0.0002));
#3179=CARTESIAN_POINT('',(-0.0402125,-0.00835406085876579,0.0002));
#3180=CARTESIAN_POINT('',(-0.0371875,-0.00835406085876579,0.0002));
#3181=CARTESIAN_POINT('',(-0.03485,-0.000791560858765791,0.0002));
#3182=CARTESIAN_POINT('',(-0.03485,-0.000791560858765791,0.));
#3183=CARTESIAN_POINT('',(-0.0294875,0.00677093914123421,0.));
#3184=CARTESIAN_POINT('',(-0.0294875,0.00677093914123421,0.0002));
#3185=CARTESIAN_POINT('',(-0.0294875,0.00677093914123421,0.0002));
#3186=CARTESIAN_POINT('',(-0.03485,-0.000791560858765791,0.0002));
#3187=CARTESIAN_POINT('',(-0.0261159896214058,0.00467779406986055,0.0002));
#3188=CARTESIAN_POINT('',(-0.0261159896214058,0.00467779406986055,0.));
#3189=CARTESIAN_POINT('',(-0.0261625,0.00864593914123421,0.));
#3190=CARTESIAN_POINT('',(-0.0261625,0.00864593914123421,0.0002));
#3191=CARTESIAN_POINT('',(-0.0261625,0.00864593914123421,0.0002));
#3192=CARTESIAN_POINT('',(-0.0261159896214058,0.00467779406986055,0.0002));
#3193=CARTESIAN_POINT('',(0.0849875,-0.00101656085876579,0.0002));
#3194=CARTESIAN_POINT('',(0.0849875,-0.00101656085876579,0.));
#3195=CARTESIAN_POINT('',(0.0871125,-0.00835406085876579,0.));
#3196=CARTESIAN_POINT('',(0.0828625,0.0063209391412342,0.));
#3197=CARTESIAN_POINT('',(0.0871125,-0.00835406085876579,0.0002));
#3198=CARTESIAN_POINT('',(0.0871125,-0.00835406085876579,0.0002));
#3199=CARTESIAN_POINT('',(0.0849875,-0.00101656085876579,0.0002));
#3200=CARTESIAN_POINT('',(0.0828625,0.0063209391412342,0.0002));
#3201=CARTESIAN_POINT('',(0.0828625,0.0063209391412342,0.0002));
#3202=CARTESIAN_POINT('',(0.0844375,-0.00835406085876579,0.0002));
#3203=CARTESIAN_POINT('',(0.0844375,-0.00835406085876579,0.));
#3204=CARTESIAN_POINT('',(0.0817625,-0.00835406085876579,0.));
#3205=CARTESIAN_POINT('',(0.0817625,-0.00835406085876579,0.0002));
#3206=CARTESIAN_POINT('',(0.0817625,-0.00835406085876579,0.0002));
#3207=CARTESIAN_POINT('',(0.0844375,-0.00835406085876579,0.0002));
#3208=CARTESIAN_POINT('',(0.0804375,-0.00350406085876579,0.0002));
#3209=CARTESIAN_POINT('',(0.0804375,-0.00350406085876579,0.));
#3210=CARTESIAN_POINT('',(0.0791125,0.00134593914123421,0.));
#3211=CARTESIAN_POINT('',(0.0791125,0.00134593914123421,0.0002));
#3212=CARTESIAN_POINT('',(0.0791125,0.00134593914123421,0.0002));
#3213=CARTESIAN_POINT('',(0.0804375,-0.00350406085876579,0.0002));
#3214=CARTESIAN_POINT('',(0.0769375,-0.00270406085876579,0.0002));
#3215=CARTESIAN_POINT('',(0.0769375,-0.00270406085876579,0.));
#3216=CARTESIAN_POINT('',(0.0747625,-0.00675406085876579,0.));
#3217=CARTESIAN_POINT('',(0.0747625,-0.00675406085876579,0.0002));
#3218=CARTESIAN_POINT('',(0.0747625,-0.00675406085876579,0.0002));
#3219=CARTESIAN_POINT('',(0.0769375,-0.00270406085876579,0.0002));
#3220=CARTESIAN_POINT('',(0.0719392000517264,-0.00558637161095338,0.0002));
#3221=CARTESIAN_POINT('',(0.0719392000517264,-0.00558637161095338,0.));
#3222=CARTESIAN_POINT('',(0.0716625,-0.00862906085876579,0.));
#3223=CARTESIAN_POINT('',(0.0716625,-0.00862906085876579,0.0002));
#3224=CARTESIAN_POINT('',(0.0716625,-0.00862906085876579,0.0002));
#3225=CARTESIAN_POINT('',(0.0719392000517264,-0.00558637161095338,0.0002));
#3226=CARTESIAN_POINT('',(0.0713606940677997,-0.00562788000000368,0.0002));
#3227=CARTESIAN_POINT('',(0.0713606940677997,-0.00562788000000368,0.));
#3228=CARTESIAN_POINT('',(0.0685625,-0.00675406085876579,0.));
#3229=CARTESIAN_POINT('',(0.0685625,-0.00675406085876579,0.0002));
#3230=CARTESIAN_POINT('',(0.0685625,-0.00675406085876579,0.0002));
#3231=CARTESIAN_POINT('',(0.0713606940677997,-0.00562788000000368,0.0002));
#3232=CARTESIAN_POINT('',(0.0664375,-0.00270406085876579,0.0002));
#3233=CARTESIAN_POINT('',(0.0664375,-0.00270406085876579,0.));
#3234=CARTESIAN_POINT('',(0.0643125,0.00134593914123421,0.));
#3235=CARTESIAN_POINT('',(0.0643125,0.00134593914123421,0.0002));
#3236=CARTESIAN_POINT('',(0.0643125,0.00134593914123421,0.0002));
#3237=CARTESIAN_POINT('',(0.0664375,-0.00270406085876579,0.0002));
#3238=CARTESIAN_POINT('',(0.06295,-0.00350406085876579,0.0002));
#3239=CARTESIAN_POINT('',(0.06295,-0.00350406085876579,0.));
#3240=CARTESIAN_POINT('',(0.0615875,-0.00835406085876579,0.));
#3241=CARTESIAN_POINT('',(0.0615875,-0.00835406085876579,0.0002));
#3242=CARTESIAN_POINT('',(0.0615875,-0.00835406085876579,0.0002));
#3243=CARTESIAN_POINT('',(0.06295,-0.00350406085876579,0.0002));
#3244=CARTESIAN_POINT('',(0.0589625,-0.00835406085876579,0.0002));
#3245=CARTESIAN_POINT('',(0.0589625,-0.00835406085876579,0.));
#3246=CARTESIAN_POINT('',(0.0563375,-0.00835406085876579,0.));
#3247=CARTESIAN_POINT('',(0.0563375,-0.00835406085876579,0.0002));
#3248=CARTESIAN_POINT('',(0.0563375,-0.00835406085876579,0.0002));
#3249=CARTESIAN_POINT('',(0.0589625,-0.00835406085876579,0.0002));
#3250=CARTESIAN_POINT('',(0.0585125,-0.00101656085876579,0.0002));
#3251=CARTESIAN_POINT('',(0.0585125,-0.00101656085876579,0.));
#3252=CARTESIAN_POINT('',(0.0606875,0.00632093914123421,0.));
#3253=CARTESIAN_POINT('',(0.0606875,0.00632093914123421,0.0002));
#3254=CARTESIAN_POINT('',(0.0606875,0.00632093914123421,0.0002));
#3255=CARTESIAN_POINT('',(0.0585125,-0.00101656085876579,0.0002));
#3256=CARTESIAN_POINT('',(0.0635772348645545,0.00568839920556289,0.0002));
#3257=CARTESIAN_POINT('',(0.0635772348645545,0.00568839920556289,0.));
#3258=CARTESIAN_POINT('',(0.0636375,0.00864593914123421,0.));
#3259=CARTESIAN_POINT('',(0.0636375,0.00864593914123421,0.0002));
#3260=CARTESIAN_POINT('',(0.0636375,0.00864593914123421,0.0002));
#3261=CARTESIAN_POINT('',(0.0635772348645545,0.00568839920556289,0.0002));
#3262=CARTESIAN_POINT('',(0.0636444124883682,0.00554199912262329,0.0002));
#3263=CARTESIAN_POINT('',(0.0636444124883682,0.00554199912262329,0.));
#3264=CARTESIAN_POINT('',(0.0664375,0.00689593914123421,0.));
#3265=CARTESIAN_POINT('',(0.0664375,0.00689593914123421,0.0002));
#3266=CARTESIAN_POINT('',(0.0664375,0.00689593914123421,0.0002));
#3267=CARTESIAN_POINT('',(0.0636444124883682,0.00554199912262329,0.0002));
#3268=CARTESIAN_POINT('',(0.0691,0.00193343914123421,0.0002));
#3269=CARTESIAN_POINT('',(0.0691,0.00193343914123421,0.));
#3270=CARTESIAN_POINT('',(0.0717625,-0.00302906085876579,0.));
#3271=CARTESIAN_POINT('',(0.0717625,-0.00302906085876579,0.0002));
#3272=CARTESIAN_POINT('',(0.0717625,-0.00302906085876579,0.0002));
#3273=CARTESIAN_POINT('',(0.0691,0.00193343914123421,0.0002));
#3274=CARTESIAN_POINT('',(0.0744375,0.00193343914123421,0.0002));
#3275=CARTESIAN_POINT('',(0.0744375,0.00193343914123421,0.));
#3276=CARTESIAN_POINT('',(0.0771125,0.00689593914123421,0.));
#3277=CARTESIAN_POINT('',(0.0771125,0.00689593914123421,0.0002));
#3278=CARTESIAN_POINT('',(0.0771125,0.00689593914123421,0.0002));
#3279=CARTESIAN_POINT('',(0.0744375,0.00193343914123421,0.0002));
#3280=CARTESIAN_POINT('',(0.0798889826515385,0.00556856689877264,0.0002));
#3281=CARTESIAN_POINT('',(0.0798889826515385,0.00556856689877264,0.));
#3282=CARTESIAN_POINT('',(0.0799125,0.00864593914123421,0.));
#3283=CARTESIAN_POINT('',(0.0799125,0.00864593914123421,0.0002));
#3284=CARTESIAN_POINT('',(0.0799125,0.00864593914123421,0.0002));
#3285=CARTESIAN_POINT('',(0.0798889826515385,0.00556856689877264,0.0002));
#3286=CARTESIAN_POINT('',(0.0429732379215181,0.0131430256318817,0.0002));
#3287=CARTESIAN_POINT('',(0.0429732379215181,0.0131430256318817,0.));
#3288=CARTESIAN_POINT('',(0.0429732379215181,0.0131430256318817,0.0002));
#3289=CARTESIAN_POINT('',(0.02685,0.00402093914123421,0.0002));
#3290=CARTESIAN_POINT('',(0.02685,0.00402093914123421,0.));
#3291=CARTESIAN_POINT('',(0.02685,0.00402093914123421,0.0002));
#3292=CARTESIAN_POINT('',(-0.0056875,-0.00349156085876579,0.0002));
#3293=CARTESIAN_POINT('',(-0.0056875,-0.00349156085876579,0.));
#3294=CARTESIAN_POINT('',(-0.0056875,-0.00349156085876579,0.0002));
#3295=CARTESIAN_POINT('',(-0.0623625,8.43914123420907E-6,0.0002));
#3296=CARTESIAN_POINT('',(-0.0623625,8.43914123420907E-6,0.));
#3297=CARTESIAN_POINT('',(-0.0623625,8.43914123420907E-6,0.0002));
#3298=CARTESIAN_POINT('',(-0.085375,0.00619593914123421,0.0002));
#3299=CARTESIAN_POINT('',(-0.085375,0.00619593914123421,0.));
#3300=CARTESIAN_POINT('',(-0.085375,0.00619593914123421,0.0002));
#3301=CARTESIAN_POINT('',(-0.026183857326846,0.00476685024598527,0.0002));
#3302=CARTESIAN_POINT('',(-0.026183857326846,0.00476685024598527,0.));
#3303=CARTESIAN_POINT('',(-0.026183857326846,0.00476685024598527,0.0002));
#3304=CARTESIAN_POINT('',(0.0799314884741959,0.00563602666763328,0.0002));
#3305=CARTESIAN_POINT('',(0.0799314884741959,0.00563602666763328,0.));
#3306=CARTESIAN_POINT('',(0.0799314884741959,0.00563602666763328,0.0002));
#3307=CARTESIAN_POINT('',(0.,0.0175,0.0002));
#3308=CARTESIAN_POINT('',(0.,0.0175,0.));
#3309=CARTESIAN_POINT('',(0.,0.0175,0.0002));
#3310=CARTESIAN_POINT('',(0.,0.,0.0002));
#3311=CARTESIAN_POINT('',(0.,0.,0.));
#3312=MECHANICAL_DESIGN_GEOMETRIC_PRESENTATION_REPRESENTATION('',(#1993),
#3313);
#3313=(
GEOMETRIC_REPRESENTATION_CONTEXT(3)
GLOBAL_UNCERTAINTY_ASSIGNED_CONTEXT((#3314))
GLOBAL_UNIT_ASSIGNED_CONTEXT((#3317,#3316,#3315))
REPRESENTATION_CONTEXT('Part 1','TOP_LEVEL_ASSEMBLY_PART')
);
#3314=UNCERTAINTY_MEASURE_WITH_UNIT(LENGTH_MEASURE(1.E-8),#3317,
'DISTANCE_ACCURACY_VALUE','Maximum Tolerance applied to model');
#3315=(
NAMED_UNIT(*)
SI_UNIT($,.STERADIAN.)
SOLID_ANGLE_UNIT()
);
#3316=(
NAMED_UNIT(*)
PLANE_ANGLE_UNIT()
SI_UNIT($,.RADIAN.)
);
#3317=(
LENGTH_UNIT()
NAMED_UNIT(*)
SI_UNIT($,.METRE.)
);
#3318=PRODUCT_DEFINITION_SHAPE('','',#3319);
#3319=PRODUCT_DEFINITION('','',#3321,#3320);
#3320=PRODUCT_DEFINITION_CONTEXT('',#3327,'design');
#3321=PRODUCT_DEFINITION_FORMATION_WITH_SPECIFIED_SOURCE('','',#3323,
 .NOT_KNOWN.);
#3322=PRODUCT_RELATED_PRODUCT_CATEGORY('','',(#3323));
#3323=PRODUCT('Part 1','Part 1','Part 1',(#3325));
#3324=PRODUCT_CATEGORY('','');
#3325=PRODUCT_CONTEXT('',#3327,'mechanical');
#3326=APPLICATION_PROTOCOL_DEFINITION('international standard',
'ap242_managed_model_based_3d_engineering',2020,#3327);
#3327=APPLICATION_CONTEXT('managed model based 3d engineering');
ENDSEC;
END-ISO-10303-21;
