ISO-10303-21;
HEADER;
/* Generated by software containing ST-Developer
 * from STEP Tools, Inc. (www.steptools.com) 
 */
/* OPTION: using custom renumber hook */

FILE_DESCRIPTION(
/* description */ ('STEP AP242 Edition 2',
'CAx-IF Rec.Pracs.---Representation and Presentation of Product Manufa
cturing Information (PMI)---4.0---2014-10-13',
'CAx-IF Rec.Pracs.---3D Tessellated Geometry---0.4---2014-09-14','2;1',
'CAx-IF Rec.Pracs.---User Defined Attributes---1.5---2016-08-15'),
/* implementation_level */ '2;1');

FILE_NAME(
/* name */ 'Part Studio 1',
/* time_stamp */ '2026-10-07T08:38:47Z',
/* author */ (''),
/* organization */ (''),
/* preprocessor_version */ 'ST-DEVELOPER v20',
/* originating_system */ 'ONSHAPE BY PTC INC, 1.221',
/* authorisation */ '  ');

FILE_SCHEMA (('AP242_MANAGED_MODEL_BASED_3D_ENGINEERING_MIM_LF { 1 0 10303 442 3 1 4 }'));
ENDSEC;

DATA;
#10=GEOMETRICALLY_BOUNDED_WIREFRAME_SHAPE_REPRESENTATION('',(#18),#2811);
#11=DRAUGHTING_PRE_DEFINED_COLOUR('black');
#12=CURVE_STYLE('',#14,POSITIVE_LENGTH_MEASURE(0.352777777777778),#1001);
#13=CURVE_STYLE('',#15,POSITIVE_LENGTH_MEASURE(0.352777777777778),#11);
#14=DRAUGHTING_PRE_DEFINED_CURVE_FONT('continuous');
#15=DRAUGHTING_PRE_DEFINED_CURVE_FONT('continuous');
#16=TRIMMED_CURVE('',#17,(PARAMETER_VALUE(0.)),(PARAMETER_VALUE(1.)),.T.,
 .PARAMETER.);
#17=(
BOUNDED_CURVE()
B_SPLINE_CURVE(2,(#1487,#1488,#1489,#1490,#1491,#1492,#1493,#1494,#1495,
#1496,#1497,#1498,#1499,#1500,#1501,#1502,#1503,#1504,#1505,#1506,#1507,
#1508,#1509,#1510,#1511,#1512,#1513,#1514,#1515,#1516,#1517,#1518,#1519,
#1520,#1521,#1522,#1523,#1524,#1525,#1526,#1527,#1528,#1529,#1530,#1531,
#1532,#1533,#1534,#1535,#1536,#1537,#1538,#1539,#1540,#1541,#1542,#1543,
#1544,#1545,#1546,#1547,#1548,#1549,#1550,#1551,#1552,#1553,#1554,#1555,
#1556,#1557,#1558,#1559,#1560,#1561,#1562,#1563,#1564,#1565,#1566,#1567,
#1568,#1569,#1570,#1571,#1572,#1573,#1574,#1575,#1576,#1577,#1578,#1579,
#1580,#1581,#1582,#1583,#1584,#1585,#1586,#1587,#1588,#1589,#1590,#1591,
#1592,#1593,#1594,#1595,#1596,#1597,#1598,#1599,#1600,#1601,#1602,#1603,
#1604,#1605,#1606,#1607,#1608,#1609,#1610,#1611,#1612,#1613,#1614,#1615,
#1616,#1617,#1618,#1619,#1620,#1621,#1622,#1623,#1624,#1625,#1626,#1627,
#1628,#1629,#1630,#1631,#1632,#1633,#1634,#1635,#1636,#1637,#1638,#1639,
#1640,#1641,#1642,#1643,#1644,#1645,#1646,#1647,#1648,#1649,#1650,#1651,
#1652,#1653,#1654,#1655,#1656,#1657,#1658,#1659,#1660,#1661,#1662,#1663,
#1664,#1665,#1666,#1667,#1668,#1669,#1670,#1671,#1672,#1673,#1674,#1675,
#1676,#1677,#1678,#1679,#1680,#1681,#1682,#1683,#1684,#1685,#1686,#1687,
#1688,#1689,#1690,#1691,#1692,#1693,#1694,#1695,#1696,#1697,#1698,#1699,
#1700,#1701,#1702,#1703,#1704,#1705,#1706,#1707,#1708,#1709,#1710,#1711,
#1712,#1713,#1714,#1715,#1716,#1717,#1718,#1719,#1720,#1721,#1722,#1723,
#1724,#1725,#1726,#1727,#1728,#1729,#1730,#1731,#1732,#1733,#1734,#1735,
#1736,#1737,#1738,#1739,#1740,#1741,#1742,#1743,#1744,#1745,#1746,#1747,
#1748,#1749,#1750,#1751,#1752,#1753,#1754,#1755,#1756,#1757,#1758,#1759,
#1760,#1761,#1762,#1763,#1764,#1765,#1766,#1767,#1768,#1769,#1770,#1771,
#1772,#1773,#1774,#1775,#1776,#1777,#1778,#1779,#1780,#1781,#1782,#1783,
#1784,#1785,#1786,#1787,#1788,#1789,#1790,#1791,#1792,#1793,#1794,#1795,
#1796,#1797,#1798,#1799,#1800,#1801,#1802,#1803,#1804,#1805,#1806,#1807,
#1808,#1809,#1810,#1811,#1812,#1813,#1814,#1815,#1816,#1817,#1818,#1819,
#1820,#1821,#1822,#1823,#1824,#1825,#1826,#1827,#1828,#1829,#1830,#1831,
#1832,#1833,#1834,#1835,#1836,#1837,#1838,#1839,#1840,#1841,#1842,#1843,
#1844,#1845,#1846,#1847,#1848,#1849,#1850,#1851,#1852,#1853,#1854,#1855,
#1856,#1857,#1858,#1859,#1860,#1861,#1862,#1863,#1864,#1865,#1866,#1867,
#1868,#1869,#1870,#1871,#1872,#1873,#1874,#1875,#1876,#1877,#1878,#1879,
#1880,#1881,#1882,#1883,#1884,#1885,#1886,#1887,#1888,#1889,#1890,#1891,
#1892,#1893,#1894,#1895,#1896,#1897,#1898,#1899,#1900,#1901,#1902,#1903,
#1904,#1905,#1906,#1907,#1908,#1909,#1910,#1911,#1912,#1913,#1914,#1915,
#1916,#1917,#1918,#1919,#1920,#1921,#1922,#1923,#1924,#1925,#1926,#1927,
#1928,#1929,#1930,#1931,#1932,#1933,#1934,#1935,#1936,#1937,#1938,#1939,
#1940,#1941,#1942,#1943,#1944,#1945,#1946,#1947,#1948,#1949,#1950,#1951,
#1952,#1953,#1954,#1955,#1956,#1957,#1958,#1959,#1960,#1961,#1962,#1963,
#1964,#1965,#1966,#1967,#1968,#1969,#1970,#1971,#1972,#1973,#1974,#1975,
#1976,#1977,#1978,#1979,#1980,#1981,#1982,#1983,#1984,#1985,#1986,#1987,
#1988,#1989,#1990,#1991,#1992,#1993,#1994,#1995,#1996,#1997,#1998,#1999,
#2000,#2001,#2002,#2003,#2004,#2005,#2006,#2007,#2008,#2009,#2010,#2011,
#2012,#2013,#2014,#2015,#2016,#2017,#2018,#2019,#2020,#2021,#2022,#2023,
#2024,#2025,#2026,#2027,#2028,#2029,#2030,#2031,#2032,#2033,#2034,#2035,
#2036,#2037,#2038,#2039,#2040,#2041,#2042,#2043,#2044,#2045,#2046,#2047,
#2048,#2049,#2050,#2051,#2052,#2053,#2054,#2055,#2056,#2057,#2058,#2059,
#2060,#2061,#2062,#2063,#2064,#2065,#2066,#2067,#2068,#2069,#2070,#2071,
#2072,#2073,#2074,#2075,#2076,#2077,#2078,#2079,#2080,#2081,#2082,#2083,
#2084,#2085,#2086,#2087,#2088,#2089,#2090,#2091,#2092,#2093,#2094,#2095,
#2096,#2097,#2098,#2099,#2100,#2101,#2102,#2103,#2104,#2105,#2106,#2107,
#2108,#2109,#2110,#2111,#2112,#2113,#2114,#2115,#2116,#2117,#2118,#2119,
#2120,#2121,#2122,#2123,#2124,#2125,#2126,#2127,#2128,#2129,#2130,#2131,
#2132,#2133,#2134,#2135,#2136,#2137,#2138,#2139,#2140,#2141,#2142,#2143,
#2144,#2145,#2146,#2147,#2148,#2149,#2150,#2151,#2152,#2153,#2154,#2155,
#2156,#2157,#2158,#2159,#2160,#2161,#2162,#2163,#2164,#2165,#2166,#2167,
#2168,#2169,#2170,#2171,#2172,#2173,#2174,#2175,#2176,#2177,#2178,#2179,
#2180,#2181,#2182,#2183,#2184,#2185,#2186,#2187,#2188,#2189,#2190,#2191,
#2192,#2193,#2194,#2195,#2196,#2197,#2198,#2199,#2200,#2201,#2202,#2203,
#2204,#2205,#2206,#2207,#2208,#2209,#2210,#2211,#2212,#2213,#2214,#2215,
#2216,#2217,#2218,#2219,#2220,#2221,#2222,#2223,#2224,#2225,#2226,#2227,
#2228,#2229,#2230,#2231,#2232,#2233,#2234,#2235,#2236,#2237,#2238,#2239,
#2240,#2241,#2242,#2243,#2244,#2245,#2246,#2247,#2248,#2249,#2250,#2251,
#2252,#2253,#2254,#2255,#2256,#2257,#2258,#2259,#2260,#2261,#2262,#2263,
#2264,#2265,#2266,#2267,#2268,#2269,#2270,#2271,#2272,#2273,#2274,#2275,
#2276,#2277,#2278,#2279,#2280,#2281,#2282,#2283,#2284,#2285,#2286,#2287,
#2288,#2289,#2290,#2291,#2292,#2293,#2294,#2295,#2296,#2297,#2298,#2299,
#2300,#2301,#2302,#2303,#2304,#2305,#2306,#2307,#2308,#2309,#2310,#2311,
#2312,#2313,#2314,#2315,#2316,#2317,#2318,#2319,#2320,#2321,#2322,#2323,
#2324,#2325,#2326,#2327,#2328,#2329,#2330,#2331,#2332,#2333,#2334,#2335,
#2336,#2337,#2338,#2339,#2340,#2341,#2342,#2343,#2344,#2345,#2346,#2347,
#2348,#2349,#2350,#2351,#2352,#2353,#2354,#2355,#2356,#2357,#2358,#2359,
#2360,#2361,#2362,#2363,#2364,#2365,#2366,#2367,#2368,#2369,#2370,#2371,
#2372,#2373,#2374,#2375,#2376,#2377,#2378,#2379,#2380,#2381,#2382,#2383,
#2384,#2385,#2386,#2387,#2388,#2389,#2390,#2391,#2392,#2393,#2394,#2395,
#2396,#2397,#2398,#2399,#2400,#2401,#2402,#2403,#2404,#2405,#2406,#2407,
#2408,#2409,#2410,#2411,#2412,#2413,#2414,#2415,#2416,#2417,#2418,#2419,
#2420,#2421,#2422,#2423,#2424,#2425,#2426,#2427,#2428,#2429,#2430,#2431,
#2432,#2433,#2434,#2435,#2436,#2437,#2438,#2439,#2440,#2441,#2442,#2443,
#2444,#2445,#2446,#2447,#2448,#2449,#2450,#2451,#2452,#2453,#2454,#2455,
#2456,#2457,#2458,#2459,#2460,#2461,#2462,#2463,#2464,#2465,#2466,#2467,
#2468,#2469,#2470,#2471,#2472,#2473,#2474,#2475,#2476,#2477,#2478,#2479,
#2480,#2481,#2482,#2483,#2484,#2485,#2486,#2487,#2488,#2489,#2490,#2491,
#2492,#2493,#2494,#2495,#2496,#2497,#2498,#2499,#2500,#2501,#2502,#2503,
#2504,#2505,#2506,#2507,#2508,#2509,#2510,#2511,#2512,#2513,#2514,#2515,
#2516,#2517,#2518,#2519,#2520,#2521,#2522,#2523,#2524,#2525,#2526,#2527,
#2528,#2529,#2530,#2531,#2532,#2533,#2534,#2535,#2536,#2537,#2538,#2539,
#2540,#2541,#2542,#2543,#2544,#2545,#2546,#2547,#2548,#2549,#2550,#2551,
#2552,#2553,#2554,#2555,#2556,#2557,#2558,#2559,#2560,#2561,#2562,#2563,
#2564,#2565,#2566,#2567,#2568,#2569,#2570,#2571,#2572,#2573,#2574,#2575,
#2576,#2577,#2578,#2579,#2580,#2581,#2582,#2583,#2584,#2585,#2586,#2587,
#2588,#2589,#2590,#2591),.UNSPECIFIED.,.F.,.F.)
B_SPLINE_CURVE_WITH_KNOTS((3,2,2,2,2,2,2,2,2,2,2,2,2,2,2,2,2,2,2,2,2,2,
2,2,2,2,2,2,2,2,2,2,2,2,2,2,2,2,2,2,2,2,2,2,2,2,2,2,2,2,2,2,2,2,2,2,2,2,
2,2,2,2,2,2,2,2,2,2,2,2,2,2,2,2,2,2,2,2,2,2,2,2,2,2,2,2,2,2,2,2,2,2,2,2,
2,2,2,2,2,2,2,2,2,2,2,2,2,2,2,2,2,2,2,2,2,2,2,2,2,2,2,2,2,2,2,2,2,2,2,2,
2,2,2,2,2,2,2,2,2,2,2,2,2,2,2,2,2,2,2,2,2,2,2,2,2,2,2,2,2,2,2,2,2,2,2,2,
2,2,2,2,2,2,2,2,2,2,2,2,2,2,2,2,2,2,2,2,2,2,2,2,2,2,2,2,2,2,2,2,2,2,2,2,
2,2,2,2,2,2,2,2,2,2,2,2,2,2,2,2,2,2,2,2,2,2,2,2,2,2,2,2,2,2,2,2,2,2,2,2,
2,2,2,2,2,2,2,2,2,2,2,2,2,2,2,2,2,2,2,2,2,2,2,2,2,2,2,2,2,2,2,2,2,2,2,2,
2,2,2,2,2,2,2,2,2,2,2,2,2,2,2,2,2,2,2,2,2,2,2,2,2,2,2,2,2,2,2,2,2,2,2,2,
2,2,2,2,2,2,2,2,2,2,2,2,2,2,2,2,2,2,2,2,2,2,2,2,2,2,2,2,2,2,2,2,2,2,2,2,
2,2,2,2,2,2,2,2,2,2,2,2,2,2,2,2,2,2,2,2,2,2,2,2,2,2,2,2,2,2,2,2,2,2,2,2,
2,2,2,2,2,2,2,2,2,2,2,2,2,2,2,2,2,2,2,2,2,2,2,2,2,2,2,2,2,2,2,2,2,2,2,2,
2,2,2,2,2,2,2,2,2,2,2,2,2,2,2,2,2,2,2,2,2,2,2,2,2,2,2,2,2,2,2,2,2,2,2,2,
2,2,2,2,2,2,2,2,2,2,2,2,2,2,2,2,2,2,2,2,2,2,2,2,2,2,2,2,2,2,2,2,2,2,2,2,
2,2,2,2,2,2,2,2,2,2,2,2,2,2,2,2,2,2,2,2,2,2,2,2,2,2,2,2,2,2,2,2,2,2,2,2,
2,2,2,2,2,2,2,2,2,2,2,2,2,2,2,2,2,2,2,2,2,2,2,2,2,2,3),(0.,0.00181159420289855,
0.0036231884057971,0.00543478260869565,0.0072463768115942,0.00905797101449275,
0.0108695652173913,0.0126811594202899,0.0144927536231884,0.0163043478260869,
0.0181159420289855,0.019927536231884,0.0217391304347826,0.0235507246376811,
0.0253623188405797,0.0271739130434782,0.0289855072463768,0.0307971014492753,
0.0326086956521739,0.0344202898550724,0.036231884057971,0.0380434782608696,
0.0398550724637681,0.0416666666666667,0.0434782608695652,0.0452898550724638,
0.0471014492753623,0.0489130434782609,0.0507246376811594,0.052536231884058,
0.0543478260869565,0.0561594202898551,0.0579710144927536,0.0597826086956522,
0.0615942028985507,0.0634057971014493,0.0652173913043478,0.0670289855072464,
0.0688405797101449,0.0706521739130435,0.072463768115942,0.0742753623188406,
0.0760869565217391,0.0778985507246377,0.0797101449275362,0.0815217391304348,
0.0833333333333333,0.0851449275362319,0.0869565217391304,0.088768115942029,
0.0905797101449275,0.0923913043478261,0.0942028985507246,0.0960144927536232,
0.0978260869565217,0.0996376811594203,0.101449275362319,0.103260869565217,
0.105072463768116,0.106884057971014,0.108695652173913,0.110507246376812,
0.11231884057971,0.114130434782609,0.115942028985507,0.117753623188406,
0.119565217391304,0.121376811594203,0.123188405797101,0.125,0.126811594202899,
0.128623188405797,0.130434782608696,0.132246376811594,0.134057971014493,
0.135869565217391,0.13768115942029,0.139492753623188,0.141304347826087,
0.143115942028985,0.144927536231884,0.146739130434783,0.148550724637681,
0.15036231884058,0.152173913043478,0.153985507246377,0.155797101449275,
0.157608695652174,0.159420289855073,0.161231884057971,0.16304347826087,
0.164855072463768,0.166666666666667,0.168478260869565,0.170289855072464,
0.172101449275363,0.173913043478261,0.17572463768116,0.177536231884058,
0.179347826086956,0.181159420289855,0.182971014492753,0.184782608695652,
0.18659420289855,0.18840579710145,0.190217391304348,0.192028985507247,0.193840579710145,
0.195652173913044,0.197463768115942,0.199275362318841,0.201086956521739,
0.202898550724637,0.204710144927536,0.206521739130435,0.208333333333334,
0.210144927536232,0.211956521739131,0.213768115942029,0.215579710144927,
0.217391304347826,0.219202898550725,0.221014492753623,0.222826086956522,
0.224637681159421,0.226449275362319,0.228260869565218,0.230072463768116,
0.231884057971014,0.233695652173913,0.235507246376812,0.23731884057971,
0.239130434782609,0.240942028985508,0.242753623188406,0.244565217391304,
0.246376811594203,0.248188405797101,0.25,0.251811594202899,0.253623188405797,
0.255434782608696,0.257246376811594,0.259057971014493,0.260869565217392,
0.26268115942029,0.264492753623189,0.266304347826087,0.268115942028985,
0.269927536231884,0.271739130434782,0.273550724637681,0.275362318840579,
0.277173913043478,0.278985507246377,0.280797101449275,0.282608695652174,
0.284420289855073,0.286231884057971,0.28804347826087,0.289855072463768,
0.291666666666667,0.293478260869565,0.295289855072464,0.297101449275363,
0.298913043478261,0.30072463768116,0.302536231884058,0.304347826086956,
0.306159420289855,0.307971014492753,0.309782608695652,0.31159420289855,
0.31340579710145,0.315217391304348,0.317028985507247,0.318840579710145,
0.320652173913043,0.322463768115942,0.324275362318841,0.326086956521739,
0.327898550724638,0.329710144927536,0.331521739130435,0.333333333333334,
0.335144927536232,0.33695652173913,0.338768115942029,0.340579710144927,
0.342391304347826,0.344202898550725,0.346014492753623,0.347826086956522,
0.34963768115942,0.351449275362319,0.353260869565217,0.355072463768116,
0.356884057971014,0.358695652173913,0.360507246376812,0.36231884057971,
0.364130434782608,0.365942028985507,0.367753623188406,0.369565217391304,
0.371376811594203,0.373188405797101,0.375,0.376811594202899,0.378623188405797,
0.380434782608696,0.382246376811594,0.384057971014493,0.385869565217392,
0.38768115942029,0.389492753623189,0.391304347826087,0.393115942028985,
0.394927536231884,0.396739130434782,0.398550724637681,0.400362318840579,
0.402173913043478,0.403985507246377,0.405797101449275,0.407608695652174,
0.409420289855073,0.411231884057971,0.41304347826087,0.414855072463768,
0.416666666666667,0.418478260869565,0.420289855072464,0.422101449275363,
0.423913043478261,0.42572463768116,0.427536231884058,0.429347826086956,
0.431159420289855,0.432971014492753,0.434782608695652,0.43659420289855,
0.43840579710145,0.440217391304348,0.442028985507247,0.443840579710145,
0.445652173913043,0.447463768115942,0.449275362318841,0.451086956521739,
0.452898550724638,0.454710144927536,0.456521739130435,0.458333333333333,
0.460144927536232,0.46195652173913,0.463768115942029,0.465579710144928,
0.467391304347826,0.469202898550725,0.471014492753623,0.472826086956522,
0.47463768115942,0.476449275362319,0.478260869565217,0.480072463768116,
0.481884057971015,0.483695652173913,0.485507246376812,0.48731884057971,
0.489130434782609,0.490942028985507,0.492753623188406,0.494565217391304,
0.496376811594203,0.498188405797101,0.5,0.501811594202899,0.503623188405797,
0.505434782608696,0.507246376811594,0.509057971014493,0.510869565217391,
0.51268115942029,0.514492753623188,0.516304347826087,0.518115942028986,
0.519927536231884,0.521739130434783,0.523550724637681,0.52536231884058,
0.527173913043478,0.528985507246377,0.530797101449275,0.532608695652174,
0.534420289855073,0.536231884057971,0.53804347826087,0.539855072463768,
0.541666666666667,0.543478260869565,0.545289855072464,0.547101449275362,
0.548913043478261,0.550724637681159,0.552536231884058,0.554347826086957,
0.556159420289855,0.557971014492754,0.559782608695652,0.561594202898551,
0.563405797101449,0.565217391304348,0.567028985507246,0.568840579710145,
0.570652173913044,0.572463768115942,0.574275362318841,0.576086956521739,
0.577898550724638,0.579710144927536,0.581521739130435,0.583333333333333,
0.585144927536232,0.586956521739131,0.588768115942029,0.590579710144928,
0.592391304347826,0.594202898550725,0.596014492753623,0.597826086956522,
0.59963768115942,0.601449275362319,0.603260869565217,0.605072463768116,
0.606884057971015,0.608695652173913,0.610507246376812,0.61231884057971,
0.614130434782609,0.615942028985507,0.617753623188406,0.619565217391304,
0.621376811594203,0.623188405797101,0.625,0.626811594202899,0.628623188405797,
0.630434782608696,0.632246376811594,0.634057971014493,0.635869565217391,
0.63768115942029,0.639492753623188,0.641304347826087,0.643115942028986,
0.644927536231884,0.646739130434783,0.648550724637681,0.65036231884058,
0.652173913043478,0.653985507246377,0.655797101449275,0.657608695652174,
0.659420289855073,0.661231884057971,0.66304347826087,0.664855072463768,
0.666666666666667,0.668478260869565,0.670289855072464,0.672101449275362,
0.673913043478261,0.675724637681159,0.677536231884058,0.679347826086957,
0.681159420289855,0.682971014492754,0.684782608695652,0.686594202898551,
0.688405797101449,0.690217391304348,0.692028985507246,0.693840579710145,
0.695652173913044,0.697463768115942,0.699275362318841,0.701086956521739,
0.702898550724638,0.704710144927536,0.706521739130435,0.708333333333333,
0.710144927536232,0.711956521739131,0.713768115942029,0.715579710144928,
0.717391304347826,0.719202898550725,0.721014492753623,0.722826086956522,
0.72463768115942,0.726449275362319,0.728260869565217,0.730072463768116,
0.731884057971015,0.733695652173913,0.735507246376812,0.73731884057971,
0.739130434782609,0.740942028985507,0.742753623188406,0.744565217391304,
0.746376811594203,0.748188405797101,0.75,0.751811594202899,0.753623188405797,
0.755434782608696,0.757246376811594,0.759057971014493,0.760869565217391,
0.76268115942029,0.764492753623188,0.766304347826087,0.768115942028986,
0.769927536231884,0.771739130434783,0.773550724637681,0.77536231884058,
0.777173913043478,0.778985507246377,0.780797101449275,0.782608695652174,
0.784420289855073,0.786231884057971,0.78804347826087,0.789855072463768,
0.791666666666667,0.793478260869565,0.795289855072464,0.797101449275362,
0.798913043478261,0.800724637681159,0.802536231884058,0.804347826086957,
0.806159420289855,0.807971014492754,0.809782608695652,0.811594202898551,
0.813405797101449,0.815217391304348,0.817028985507246,0.818840579710145,
0.820652173913044,0.822463768115942,0.824275362318841,0.826086956521739,
0.827898550724638,0.829710144927536,0.831521739130435,0.833333333333333,
0.835144927536232,0.836956521739131,0.838768115942029,0.840579710144928,
0.842391304347826,0.844202898550725,0.846014492753623,0.847826086956522,
0.84963768115942,0.851449275362319,0.853260869565217,0.855072463768116,
0.856884057971015,0.858695652173913,0.860507246376812,0.86231884057971,
0.864130434782609,0.865942028985507,0.867753623188406,0.869565217391304,
0.871376811594203,0.873188405797101,0.875,0.876811594202899,0.878623188405797,
0.880434782608696,0.882246376811594,0.884057971014493,0.885869565217391,
0.88768115942029,0.889492753623188,0.891304347826087,0.893115942028986,
0.894927536231884,0.896739130434783,0.898550724637681,0.90036231884058,
0.902173913043478,0.903985507246377,0.905797101449275,0.907608695652174,
0.909420289855073,0.911231884057971,0.91304347826087,0.914855072463768,
0.916666666666667,0.918478260869565,0.920289855072464,0.922101449275362,
0.923913043478261,0.925724637681159,0.927536231884058,0.929347826086957,
0.931159420289855,0.932971014492754,0.934782608695652,0.936594202898551,
0.938405797101449,0.940217391304348,0.942028985507246,0.943840579710145,
0.945652173913043,0.947463768115942,0.949275362318841,0.951086956521739,
0.952898550724638,0.954710144927536,0.956521739130435,0.958333333333333,
0.960144927536232,0.96195652173913,0.963768115942029,0.965579710144927,
0.967391304347826,0.969202898550725,0.971014492753623,0.972826086956522,
0.97463768115942,0.976449275362319,0.978260869565217,0.980072463768116,
0.981884057971015,0.983695652173913,0.985507246376812,0.98731884057971,
0.989130434782609,0.990942028985507,0.992753623188406,0.994565217391304,
0.996376811594203,0.998188405797101,1.),.UNSPECIFIED.)
CURVE()
GEOMETRIC_REPRESENTATION_ITEM()
RATIONAL_B_SPLINE_CURVE((1.,0.999740884841349,1.,0.999740884841349,1.,0.999740884841349,
1.,0.999740884841349,1.,0.999740884841349,1.,0.999740884841349,1.,0.999740884841349,
1.,0.999740884841349,1.,0.999740884841349,1.,0.999740884841349,1.,0.999740884841349,
1.,0.999740884841349,1.,0.999740884841349,1.,0.999740884841349,1.,0.999740884841349,
1.,0.999740884841349,1.,0.999740884841349,1.,0.999740884841349,1.,0.999740884841349,
1.,0.999740884841349,1.,0.999740884841349,1.,0.999740884841349,1.,0.999740884841349,
1.,0.999740884841349,1.,0.999740884841349,1.,0.999740884841349,1.,0.999740884841349,
1.,0.999740884841349,1.,0.999740884841349,1.,0.999740884841349,1.,0.999740884841349,
1.,0.999740884841349,1.,0.999740884841349,1.,0.999740884841349,1.,0.999740884841349,
1.,0.999740884841349,1.,0.999740884841349,1.,0.999740884841349,1.,0.999740884841349,
1.,0.999740884841349,1.,0.999740884841349,1.,0.999740884841349,1.,0.999740884841349,
1.,0.999740884841349,1.,0.999740884841349,1.,0.999740884841349,1.,0.999740884841349,
1.,0.999740884841349,1.,0.999740884841349,1.,0.999740884841349,1.,0.999740884841349,
1.,0.999740884841349,1.,0.999740884841349,1.,0.999740884841349,1.,0.999740884841349,
1.,0.999740884841349,1.,0.999740884841349,1.,0.999740884841349,1.,0.999740884841349,
1.,0.999740884841349,1.,0.999740884841349,1.,0.999740884841349,1.,0.999740884841349,
1.,0.999740884841349,1.,0.999740884841349,1.,0.999740884841349,1.,0.999740884841349,
1.,0.999740884841349,1.,0.999740884841349,1.,0.999740884841349,1.,0.999740884841349,
1.,0.999740884841349,1.,0.999740884841349,1.,0.999740884841349,1.,0.999740884841349,
1.,0.999740884841349,1.,0.999740884841349,1.,0.999740884841349,1.,0.999740884841349,
1.,0.999740884841349,1.,0.999740884841349,1.,0.999740884841349,1.,0.999740884841349,
1.,0.999740884841349,1.,0.999740884841349,1.,0.999740884841349,1.,0.999740884841349,
1.,0.999740884841349,1.,0.999740884841349,1.,0.999740884841349,1.,0.999740884841349,
1.,0.999740884841349,1.,0.999740884841349,1.,0.999740884841349,1.,0.999740884841349,
1.,0.999740884841349,1.,0.999740884841349,1.,0.999740884841349,1.,0.999740884841349,
1.,0.999740884841349,1.,0.999740884841349,1.,0.999740884841349,1.,0.999740884841349,
1.,0.999740884841349,1.,0.999740884841349,1.,0.999740884841349,1.,0.999740884841349,
1.,0.999740884841349,1.,0.999740884841349,1.,0.999740884841349,1.,0.999740884841349,
1.,0.999740884841349,1.,0.999740884841349,1.,0.999740884841349,1.,0.999740884841349,
1.,0.999740884841349,1.,0.999740884841349,1.,0.999740884841349,1.,0.999740884841349,
1.,0.999740884841349,1.,0.999740884841349,1.,0.999740884841349,1.,0.999740884841349,
1.,0.999740884841349,1.,0.999740884841349,1.,0.999740884841349,1.,0.999740884841349,
1.,0.999740884841349,1.,0.999740884841349,1.,0.999740884841349,1.,0.999740884841349,
1.,0.999740884841349,1.,0.999740884841349,1.,0.999740884841349,1.,0.999740884841349,
1.,0.999740884841349,1.,0.999740884841349,1.,0.999740884841349,1.,0.999740884841349,
1.,0.999740884841349,1.,0.999740884841349,1.,0.999740884841349,1.,0.999740884841349,
1.,0.999740884841349,1.,0.999740884841349,1.,0.999740884841349,1.,0.999740884841349,
1.,0.999740884841349,1.,0.999740884841349,1.,0.999740884841349,1.,0.999740884841349,
1.,0.999740884841349,1.,0.999740884841349,1.,0.999740884841349,1.,0.999740884841349,
1.,0.999740884841349,1.,0.999740884841349,1.,0.999740884841349,1.,0.999740884841349,
1.,0.999740884841349,1.,0.999740884841349,1.,0.999740884841349,1.,0.999740884841349,
1.,0.999740884841349,1.,0.999740884841349,1.,0.999740884841349,1.,0.999740884841349,
1.,0.999740884841349,1.,0.999740884841349,1.,0.999740884841349,1.,0.999740884841349,
1.,0.999740884841349,1.,0.999740884841349,1.,0.999740884841349,1.,0.999740884841349,
1.,0.999740884841349,1.,0.999740884841349,1.,0.999740884841349,1.,0.999740884841349,
1.,0.999740884841349,1.,0.999740884841349,1.,0.999740884841349,1.,0.999740884841349,
1.,0.999740884841349,1.,0.999740884841349,1.,0.999740884841349,1.,0.999740884841349,
1.,0.999740884841349,1.,0.999740884841349,1.,0.999740884841349,1.,0.999740884841349,
1.,0.999740884841349,1.,0.999740884841349,1.,0.999740884841349,1.,0.999740884841349,
1.,0.999740884841349,1.,0.999740884841349,1.,0.999740884841349,1.,0.999740884841349,
1.,0.999740884841349,1.,0.999740884841349,1.,0.999740884841349,1.,0.999740884841349,
1.,0.999740884841349,1.,0.999740884841349,1.,0.999740884841349,1.,0.999740884841349,
1.,0.999740884841349,1.,0.999740884841349,1.,0.999740884841349,1.,0.999740884841349,
1.,0.999740884841349,1.,0.999740884841349,1.,0.999740884841349,1.,0.999740884841349,
1.,0.999740884841349,1.,0.999740884841349,1.,0.999740884841349,1.,0.999740884841349,
1.,0.999740884841349,1.,0.999740884841349,1.,0.999740884841349,1.,0.999740884841349,
1.,0.999740884841349,1.,0.999740884841349,1.,0.999740884841349,1.,0.999740884841349,
1.,0.999740884841349,1.,0.999740884841349,1.,0.999740884841349,1.,0.999740884841349,
1.,0.999740884841349,1.,0.999740884841349,1.,0.999740884841349,1.,0.999740884841349,
1.,0.999740884841349,1.,0.999740884841349,1.,0.999740884841349,1.,0.999740884841349,
1.,0.999740884841349,1.,0.999740884841349,1.,0.999740884841349,1.,0.999740884841349,
1.,0.999740884841349,1.,0.999740884841349,1.,0.999740884841349,1.,0.999740884841349,
1.,0.999740884841349,1.,0.999740884841349,1.,0.999740884841349,1.,0.999740884841349,
1.,0.999740884841349,1.,0.999740884841349,1.,0.999740884841349,1.,0.999740884841349,
1.,0.999740884841349,1.,0.999740884841349,1.,0.999740884841349,1.,0.999740884841349,
1.,0.999740884841349,1.,0.999740884841349,1.,0.999740884841349,1.,0.999740884841349,
1.,0.999740884841349,1.,0.999740884841349,1.,0.999740884841349,1.,0.999740884841349,
1.,0.999740884841349,1.,0.999740884841349,1.,0.999740884841349,1.,0.999740884841349,
1.,0.999740884841349,1.,0.999740884841349,1.,0.999740884841349,1.,0.999740884841349,
1.,0.999740884841349,1.,0.999740884841349,1.,0.999740884841349,1.,0.999740884841349,
1.,0.999740884841349,1.,0.999740884841349,1.,0.999740884841349,1.,0.999740884841349,
1.,0.999740884841349,1.,0.999740884841349,1.,0.999740884841349,1.,0.999740884841349,
1.,0.999740884841349,1.,0.999740884841349,1.,0.999740884841349,1.,0.999740884841349,
1.,0.999740884841349,1.,0.999740884841349,1.,0.999740884841349,1.,0.999740884841349,
1.,0.999740884841349,1.,0.999740884841349,1.,0.999740884841349,1.,0.999740884841349,
1.,0.999740884841349,1.,0.999740884841349,1.,0.999740884841349,1.,0.999740884841349,
1.,0.999740884841349,1.,0.999740884841349,1.,0.999740884841349,1.,0.999740884841349,
1.,0.999740884841349,1.,0.999740884841349,1.,0.999740884841349,1.,0.999740884841349,
1.,0.999740884841349,1.,0.999740884841349,1.,0.999740884841349,1.,0.999740884841349,
1.,0.999740884841349,1.,0.999740884841349,1.,0.999740884841349,1.,0.999740884841349,
1.,0.999740884841349,1.,0.999740884841349,1.,0.999740884841349,1.,0.999740884841349,
1.,0.999740884841349,1.,0.999740884841349,1.,0.999740884841349,1.,0.999740884841349,
1.,0.999740884841349,1.,0.999740884841349,1.,0.999740884841349,1.,0.999740884841349,
1.,0.999740884841349,1.,0.999740884841349,1.,0.999740884841349,1.,0.999740884841349,
1.,0.999740884841349,1.,0.999740884841349,1.,0.999740884841349,1.,0.999740884841349,
1.,0.999740884841349,1.,0.999740884841349,1.,0.999740884841349,1.,0.999740884841349,
1.,0.999740884841349,1.,0.999740884841349,1.,0.999740884841349,1.,0.999740884841349,
1.,0.999740884841349,1.,0.999740884841349,1.,0.999740884841349,1.,0.999740884841349,
1.,0.999740884841349,1.,0.999740884841349,1.,0.999740884841349,1.,0.999740884841349,
1.,0.999740884841349,1.,0.999740884841349,1.,0.999740884841349,1.,0.999740884841349,
1.,0.999740884841349,1.,0.999740884841349,1.,0.999740884841349,1.,0.999740884841349,
1.,0.999740884841349,1.,0.999740884841349,1.,0.999740884841349,1.,0.999740884841349,
1.,0.999740884841349,1.,0.999740884841349,1.,0.999740884841349,1.,0.999740884841349,
1.,0.999740884841349,1.,0.999740884841349,1.,0.999740884841349,1.,0.999740884841349,
1.,0.999740884841349,1.,0.999740884841349,1.,0.999740884841349,1.,0.999740884841349,
1.,0.999740884841349,1.,0.999740884841349,1.,0.999740884841349,1.,0.999740884841349,
1.,0.999740884841349,1.,0.999740884841349,1.,0.999740884841349,1.,0.999740884841349,
1.,0.999740884841349,1.,0.999740884841349,1.,0.999740884841349,1.,0.999740884841349,
1.,0.999740884841349,1.,0.999740884841349,1.,0.999740884841349,1.,0.999740884841349,
1.,0.999740884841349,1.,0.999740884841349,1.,0.999740884841349,1.,0.999740884841349,
1.,0.999740884841349,1.,0.999740884841349,1.,0.999740884841349,1.,0.999740884841349,
1.,0.999740884841349,1.,0.999740884841349,1.,0.999740884841349,1.,0.999740884841349,
1.,0.999740884841349,1.,0.999740884841349,1.,0.999740884841349,1.,0.999740884841349,
1.,0.999740884841349,1.,0.999740884841349,1.,0.999740884841349,1.,0.999740884841349,
1.,0.999740884841349,1.,0.999740884841349,1.,0.999740884841349,1.,0.999740884841349,
1.,0.999740884841349,1.,0.999740884841349,1.,0.999740884841349,1.,0.999740884841349,
1.,0.999740884841349,1.,0.999740884841349,1.,0.999740884841349,1.,0.999740884841349,
1.,0.999740884841349,1.,0.999740884841349,1.,0.999740884841349,1.,0.999740884841349,
1.,0.999740884841349,1.,0.999740884841349,1.,0.999740884841349,1.,0.999740884841349,
1.,0.999740884841349,1.,0.999740884841349,1.,0.999740884841349,1.,0.999740884841349,
1.,0.999740884841349,1.,0.999740884841349,1.,0.999740884841349,1.,0.999740884841349,
1.,0.999740884841349,1.,0.999740884841349,1.,0.999740884841349,1.,0.999740884841349,
1.,0.999740884841349,1.,0.999740884841349,1.,0.999740884841349,1.,0.999740884841349,
1.,0.999740884841349,1.,0.999740884841349,1.,0.999740884841349,1.,0.999740884841349,
1.,0.999740884841349,1.,0.999740884841349,1.,0.999740884841349,1.,0.999740884841349,
1.,0.999740884841349,1.,0.999740884841349,1.,0.999740884841349,1.,0.999740884841349,
1.,0.999740884841349,1.,0.999740884841349,1.,0.999740884841349,1.,0.999740884841349,
1.,0.999740884841349,1.,0.999740884841349,1.,0.999740884841349,1.,0.999740884841349,
1.,0.999740884841349,1.,0.999740884841349,1.,0.999740884841349,1.,0.999740884841349,
1.,0.999740884841349,1.,0.999740884841349,1.,0.999740884841349,1.,0.999740884841349,
1.,0.999740884841349,1.,0.999740884841349,1.,0.999740884841349,1.,0.999740884841349,
1.,0.999740884841349,1.,0.999740884841349,1.,0.999740884841349,1.,0.999740884841349,
1.,0.999740884841349,1.,0.999740884841349,1.,0.999740884841349,1.,0.999740884841349,
1.,0.999740884841349,1.,0.999740884841349,1.,0.999740884841349,1.,0.999740884841349,
1.,0.999740884841349,1.,0.999740884841349,1.,0.999740884841349,1.,0.999740884841349,
1.,0.999740884841349,1.,0.999740884841349,1.,0.999740884841349,1.,0.999740884841349,
1.,0.999740884841349,1.,0.999740884841349,1.,0.999740884841349,1.,0.999740884841349,
1.,0.999740884841349,1.,0.999740884841349,1.,0.999740884841349,1.,0.999740884841349,
1.,0.999740884841349,1.,0.999740884841349,1.,0.999740884841349,1.,0.999740884841349,
1.,0.999740884841349,1.,0.999740884841349,1.,0.999740884841349,1.,0.999740884841349,
1.,0.999740884841349,1.,0.999740884841349,1.,0.999740884841349,1.,0.999740884841349,
1.,0.999740884841349,1.,0.999740884841349,1.,0.999740884841349,1.,0.999740884841349,
1.,0.999740884841349,1.,0.999740884841349,1.,0.999740884841349,1.,0.999740884841349,
1.,0.999740884841349,1.,0.999740884841349,1.,0.999740884841349,1.,0.999740884841349,
1.,0.999740884841349,1.,0.999740884841349,1.,0.999740884841349,1.,0.999740884841349,
1.,0.999740884841349,1.,0.999740884841349,1.,0.999740884841349,1.,0.999740884841349,
1.,0.999740884841349,1.,0.999740884841349,1.,0.999740884841349,1.,0.999740884841349,
1.,0.999740884841349,1.,0.999740884841349,1.,0.999740884841349,1.,0.999740884841349,
1.,0.999740884841349,1.))
REPRESENTATION_ITEM('')
);
#18=GEOMETRIC_CURVE_SET('',(#16));
#19=ELLIPSE('',#1045,0.000707548584904245,0.0006);
#20=ELLIPSE('',#1047,0.00113207773584679,0.0006);
#21=ELLIPSE('',#1048,0.00113207773584679,0.0006);
#22=ELLIPSE('',#1054,0.00113207773584679,0.0006);
#23=ELLIPSE('',#1069,0.000652565384997488,0.0006);
#24=ELLIPSE('',#1071,0.000611189929459757,0.0006);
#25=ELLIPSE('',#1073,0.00314997886721568,0.0006);
#26=ELLIPSE('',#1074,0.00314997886721568,0.0006);
#27=ELLIPSE('',#1078,0.000601615313690227,0.0006);
#28=ELLIPSE('',#1082,0.000707548584904245,0.0006);
#29=ELLIPSE('',#1084,0.00113207773584679,0.0006);
#30=ELLIPSE('',#1085,0.00113207773584679,0.0006);
#31=ELLIPSE('',#1091,0.00113207773584679,0.0006);
#32=ELLIPSE('',#1096,0.000652565384997488,0.0006);
#33=ELLIPSE('',#1098,0.000611189929459757,0.0006);
#34=ELLIPSE('',#1100,0.00314997886721567,0.0006);
#35=ELLIPSE('',#1101,0.00314997886721567,0.0006);
#36=ELLIPSE('',#1105,0.000601615313690227,0.0006);
#37=ELLIPSE('',#1109,0.000707548584904245,0.0006);
#38=ELLIPSE('',#1111,0.00113207773584679,0.0006);
#39=ELLIPSE('',#1112,0.00113207773584679,0.0006);
#40=ELLIPSE('',#1118,0.00113207773584679,0.0006);
#41=ELLIPSE('',#1123,0.000652565384997488,0.0006);
#42=ELLIPSE('',#1125,0.000611189929459757,0.0006);
#43=ELLIPSE('',#1127,0.00314997886721567,0.0006);
#44=ELLIPSE('',#1128,0.00314997886721567,0.0006);
#45=ELLIPSE('',#1132,0.000601615313690227,0.0006);
#46=LINE('',#1449,#127);
#47=LINE('',#1454,#128);
#48=LINE('',#1460,#129);
#49=LINE('',#1462,#130);
#50=LINE('',#1464,#131);
#51=LINE('',#1466,#132);
#52=LINE('',#1468,#133);
#53=LINE('',#1470,#134);
#54=LINE('',#1473,#135);
#55=LINE('',#1474,#136);
#56=LINE('',#1476,#137);
#57=LINE('',#1478,#138);
#58=LINE('',#1480,#139);
#59=LINE('',#1482,#140);
#60=LINE('',#2607,#141);
#61=LINE('',#2610,#142);
#62=LINE('',#2612,#143);
#63=LINE('',#2614,#144);
#64=LINE('',#2619,#145);
#65=LINE('',#2620,#146);
#66=LINE('',#2622,#147);
#67=LINE('',#2627,#148);
#68=LINE('',#2632,#149);
#69=LINE('',#2634,#150);
#70=LINE('',#2636,#151);
#71=LINE('',#2638,#152);
#72=LINE('',#2640,#153);
#73=LINE('',#2646,#154);
#74=LINE('',#2651,#155);
#75=LINE('',#2657,#156);
#76=LINE('',#2659,#157);
#77=LINE('',#2661,#158);
#78=LINE('',#2663,#159);
#79=LINE('',#2665,#160);
#80=LINE('',#2667,#161);
#81=LINE('',#2670,#162);
#82=LINE('',#2671,#163);
#83=LINE('',#2673,#164);
#84=LINE('',#2675,#165);
#85=LINE('',#2677,#166);
#86=LINE('',#2679,#167);
#87=LINE('',#2685,#168);
#88=LINE('',#2688,#169);
#89=LINE('',#2690,#170);
#90=LINE('',#2692,#171);
#91=LINE('',#2694,#172);
#92=LINE('',#2698,#173);
#93=LINE('',#2700,#174);
#94=LINE('',#2705,#175);
#95=LINE('',#2710,#176);
#96=LINE('',#2712,#177);
#97=LINE('',#2714,#178);
#98=LINE('',#2716,#179);
#99=LINE('',#2718,#180);
#100=LINE('',#2724,#181);
#101=LINE('',#2729,#182);
#102=LINE('',#2735,#183);
#103=LINE('',#2737,#184);
#104=LINE('',#2739,#185);
#105=LINE('',#2741,#186);
#106=LINE('',#2743,#187);
#107=LINE('',#2745,#188);
#108=LINE('',#2748,#189);
#109=LINE('',#2749,#190);
#110=LINE('',#2751,#191);
#111=LINE('',#2753,#192);
#112=LINE('',#2755,#193);
#113=LINE('',#2757,#194);
#114=LINE('',#2763,#195);
#115=LINE('',#2766,#196);
#116=LINE('',#2768,#197);
#117=LINE('',#2770,#198);
#118=LINE('',#2775,#199);
#119=LINE('',#2776,#200);
#120=LINE('',#2781,#201);
#121=LINE('',#2785,#202);
#122=LINE('',#2786,#203);
#123=LINE('',#2790,#204);
#124=LINE('',#2792,#205);
#125=LINE('',#2794,#206);
#126=LINE('',#2796,#207);
#127=VECTOR('',#1166,1.);
#128=VECTOR('',#1171,1.);
#129=VECTOR('',#1176,1.);
#130=VECTOR('',#1177,1.);
#131=VECTOR('',#1180,1.);
#132=VECTOR('',#1181,1.);
#133=VECTOR('',#1182,1.);
#134=VECTOR('',#1185,1.);
#135=VECTOR('',#1186,1.);
#136=VECTOR('',#1187,1.);
#137=VECTOR('',#1190,1.);
#138=VECTOR('',#1191,1.);
#139=VECTOR('',#1192,1.);
#140=VECTOR('',#1195,1.);
#141=VECTOR('',#1226,1.);
#142=VECTOR('',#1227,1.);
#143=VECTOR('',#1228,1.);
#144=VECTOR('',#1229,1.);
#145=VECTOR('',#1234,1.);
#146=VECTOR('',#1235,1.);
#147=VECTOR('',#1238,1.);
#148=VECTOR('',#1243,1.);
#149=VECTOR('',#1248,1.);
#150=VECTOR('',#1251,1.);
#151=VECTOR('',#1252,1.);
#152=VECTOR('',#1255,1.);
#153=VECTOR('',#1256,1.);
#154=VECTOR('',#1267,1.);
#155=VECTOR('',#1272,1.);
#156=VECTOR('',#1277,1.);
#157=VECTOR('',#1278,1.);
#158=VECTOR('',#1281,1.);
#159=VECTOR('',#1282,1.);
#160=VECTOR('',#1283,1.);
#161=VECTOR('',#1286,1.);
#162=VECTOR('',#1287,1.);
#163=VECTOR('',#1288,1.);
#164=VECTOR('',#1291,1.);
#165=VECTOR('',#1292,1.);
#166=VECTOR('',#1293,1.);
#167=VECTOR('',#1296,1.);
#168=VECTOR('',#1307,1.);
#169=VECTOR('',#1308,1.);
#170=VECTOR('',#1309,1.);
#171=VECTOR('',#1310,1.);
#172=VECTOR('',#1313,1.);
#173=VECTOR('',#1316,1.);
#174=VECTOR('',#1319,1.);
#175=VECTOR('',#1324,1.);
#176=VECTOR('',#1329,1.);
#177=VECTOR('',#1332,1.);
#178=VECTOR('',#1333,1.);
#179=VECTOR('',#1336,1.);
#180=VECTOR('',#1337,1.);
#181=VECTOR('',#1348,1.);
#182=VECTOR('',#1353,1.);
#183=VECTOR('',#1358,1.);
#184=VECTOR('',#1359,1.);
#185=VECTOR('',#1362,1.);
#186=VECTOR('',#1363,1.);
#187=VECTOR('',#1364,1.);
#188=VECTOR('',#1367,1.);
#189=VECTOR('',#1368,1.);
#190=VECTOR('',#1369,1.);
#191=VECTOR('',#1372,1.);
#192=VECTOR('',#1373,1.);
#193=VECTOR('',#1374,1.);
#194=VECTOR('',#1377,1.);
#195=VECTOR('',#1388,1.);
#196=VECTOR('',#1389,1.);
#197=VECTOR('',#1390,1.);
#198=VECTOR('',#1391,1.);
#199=VECTOR('',#1396,1.);
#200=VECTOR('',#1397,1.);
#201=VECTOR('',#1402,1.);
#202=VECTOR('',#1407,1.);
#203=VECTOR('',#1408,1.);
#204=VECTOR('',#1413,1.);
#205=VECTOR('',#1414,1.);
#206=VECTOR('',#1417,1.);
#207=VECTOR('',#1418,1.);
#208=SHAPE_REPRESENTATION_RELATIONSHIP('','',#1020,#217);
#209=SHAPE_REPRESENTATION_RELATIONSHIP('','',#1021,#218);
#210=SHAPE_REPRESENTATION_RELATIONSHIP('','',#1022,#10);
#211=SHAPE_REPRESENTATION_RELATIONSHIP('','',#1023,#219);
#212=SHAPE_REPRESENTATION_RELATIONSHIP('','',#1024,#220);
#213=SHAPE_REPRESENTATION_RELATIONSHIP('','',#1025,#221);
#214=SHAPE_REPRESENTATION_RELATIONSHIP('','',#1026,#222);
#215=SHAPE_REPRESENTATION_RELATIONSHIP('','',#1027,#223);
#216=SHAPE_REPRESENTATION_RELATIONSHIP('','',#1028,#224);
#217=ADVANCED_BREP_SHAPE_REPRESENTATION('',(#1003),#2809);
#218=ADVANCED_BREP_SHAPE_REPRESENTATION('',(#1004),#2810);
#219=ADVANCED_BREP_SHAPE_REPRESENTATION('',(#1005),#2812);
#220=ADVANCED_BREP_SHAPE_REPRESENTATION('',(#1006),#2813);
#221=ADVANCED_BREP_SHAPE_REPRESENTATION('',(#1007),#2814);
#222=ADVANCED_BREP_SHAPE_REPRESENTATION('',(#1008),#2815);
#223=ADVANCED_BREP_SHAPE_REPRESENTATION('',(#1009),#2816);
#224=ADVANCED_BREP_SHAPE_REPRESENTATION('',(#1010),#2817);
#225=VERTEX_LOOP('',#631);
#226=VERTEX_LOOP('',#634);
#227=DEGENERATE_TOROIDAL_SURFACE('',#1037,0.530084358288771,0.539434358288771,
 .F.);
#228=DEGENERATE_TOROIDAL_SURFACE('',#1042,0.530084358288771,0.538434358288771,
 .F.);
#229=PLANE('',#1033);
#230=PLANE('',#1035);
#231=PLANE('',#1040);
#232=PLANE('',#1044);
#233=PLANE('',#1046);
#234=PLANE('',#1049);
#235=PLANE('',#1050);
#236=PLANE('',#1051);
#237=PLANE('',#1052);
#238=PLANE('',#1053);
#239=PLANE('',#1064);
#240=PLANE('',#1065);
#241=PLANE('',#1067);
#242=PLANE('',#1068);
#243=PLANE('',#1070);
#244=PLANE('',#1072);
#245=PLANE('',#1075);
#246=PLANE('',#1076);
#247=PLANE('',#1081);
#248=PLANE('',#1083);
#249=PLANE('',#1086);
#250=PLANE('',#1087);
#251=PLANE('',#1088);
#252=PLANE('',#1089);
#253=PLANE('',#1090);
#254=PLANE('',#1094);
#255=PLANE('',#1095);
#256=PLANE('',#1097);
#257=PLANE('',#1099);
#258=PLANE('',#1102);
#259=PLANE('',#1103);
#260=PLANE('',#1108);
#261=PLANE('',#1110);
#262=PLANE('',#1113);
#263=PLANE('',#1114);
#264=PLANE('',#1115);
#265=PLANE('',#1116);
#266=PLANE('',#1117);
#267=PLANE('',#1121);
#268=PLANE('',#1122);
#269=PLANE('',#1124);
#270=PLANE('',#1126);
#271=PLANE('',#1129);
#272=PLANE('',#1130);
#273=ORIENTED_EDGE('',*,*,#509,.T.);
#274=ORIENTED_EDGE('',*,*,#510,.F.);
#275=ORIENTED_EDGE('',*,*,#511,.T.);
#276=ORIENTED_EDGE('',*,*,#509,.F.);
#277=ORIENTED_EDGE('',*,*,#510,.T.);
#278=ORIENTED_EDGE('',*,*,#512,.T.);
#279=ORIENTED_EDGE('',*,*,#512,.F.);
#280=ORIENTED_EDGE('',*,*,#511,.F.);
#281=ORIENTED_EDGE('',*,*,#513,.T.);
#282=ORIENTED_EDGE('',*,*,#513,.F.);
#283=ORIENTED_EDGE('',*,*,#514,.F.);
#284=ORIENTED_EDGE('',*,*,#514,.T.);
#285=ORIENTED_EDGE('',*,*,#515,.F.);
#286=ORIENTED_EDGE('',*,*,#516,.T.);
#287=ORIENTED_EDGE('',*,*,#517,.F.);
#288=ORIENTED_EDGE('',*,*,#518,.T.);
#289=ORIENTED_EDGE('',*,*,#515,.T.);
#290=ORIENTED_EDGE('',*,*,#519,.T.);
#291=ORIENTED_EDGE('',*,*,#520,.T.);
#292=ORIENTED_EDGE('',*,*,#521,.F.);
#293=ORIENTED_EDGE('',*,*,#522,.T.);
#294=ORIENTED_EDGE('',*,*,#523,.F.);
#295=ORIENTED_EDGE('',*,*,#524,.F.);
#296=ORIENTED_EDGE('',*,*,#521,.T.);
#297=ORIENTED_EDGE('',*,*,#525,.F.);
#298=ORIENTED_EDGE('',*,*,#526,.T.);
#299=ORIENTED_EDGE('',*,*,#517,.T.);
#300=ORIENTED_EDGE('',*,*,#524,.T.);
#301=ORIENTED_EDGE('',*,*,#527,.T.);
#302=ORIENTED_EDGE('',*,*,#520,.F.);
#303=ORIENTED_EDGE('',*,*,#528,.T.);
#304=ORIENTED_EDGE('',*,*,#529,.T.);
#305=ORIENTED_EDGE('',*,*,#530,.F.);
#306=ORIENTED_EDGE('',*,*,#522,.F.);
#307=ORIENTED_EDGE('',*,*,#530,.T.);
#308=ORIENTED_EDGE('',*,*,#531,.F.);
#309=ORIENTED_EDGE('',*,*,#527,.F.);
#310=ORIENTED_EDGE('',*,*,#523,.T.);
#311=ORIENTED_EDGE('',*,*,#532,.T.);
#312=ORIENTED_EDGE('',*,*,#525,.T.);
#313=ORIENTED_EDGE('',*,*,#531,.T.);
#314=ORIENTED_EDGE('',*,*,#529,.F.);
#315=ORIENTED_EDGE('',*,*,#519,.F.);
#316=ORIENTED_EDGE('',*,*,#516,.F.);
#317=ORIENTED_EDGE('',*,*,#518,.F.);
#318=ORIENTED_EDGE('',*,*,#526,.F.);
#319=ORIENTED_EDGE('',*,*,#532,.F.);
#320=ORIENTED_EDGE('',*,*,#528,.F.);
#321=ORIENTED_EDGE('',*,*,#533,.F.);
#322=ORIENTED_EDGE('',*,*,#534,.T.);
#323=ORIENTED_EDGE('',*,*,#535,.T.);
#324=ORIENTED_EDGE('',*,*,#536,.F.);
#325=ORIENTED_EDGE('',*,*,#533,.T.);
#326=ORIENTED_EDGE('',*,*,#535,.F.);
#327=ORIENTED_EDGE('',*,*,#534,.F.);
#328=ORIENTED_EDGE('',*,*,#536,.T.);
#329=ORIENTED_EDGE('',*,*,#537,.T.);
#330=ORIENTED_EDGE('',*,*,#538,.F.);
#331=ORIENTED_EDGE('',*,*,#539,.F.);
#332=ORIENTED_EDGE('',*,*,#540,.T.);
#333=ORIENTED_EDGE('',*,*,#541,.T.);
#334=ORIENTED_EDGE('',*,*,#542,.T.);
#335=ORIENTED_EDGE('',*,*,#538,.T.);
#336=ORIENTED_EDGE('',*,*,#543,.F.);
#337=ORIENTED_EDGE('',*,*,#544,.F.);
#338=ORIENTED_EDGE('',*,*,#545,.T.);
#339=ORIENTED_EDGE('',*,*,#546,.F.);
#340=ORIENTED_EDGE('',*,*,#547,.T.);
#341=ORIENTED_EDGE('',*,*,#544,.T.);
#342=ORIENTED_EDGE('',*,*,#548,.T.);
#343=ORIENTED_EDGE('',*,*,#549,.T.);
#344=ORIENTED_EDGE('',*,*,#540,.F.);
#345=ORIENTED_EDGE('',*,*,#542,.F.);
#346=ORIENTED_EDGE('',*,*,#550,.T.);
#347=ORIENTED_EDGE('',*,*,#551,.T.);
#348=ORIENTED_EDGE('',*,*,#546,.T.);
#349=ORIENTED_EDGE('',*,*,#539,.T.);
#350=ORIENTED_EDGE('',*,*,#552,.T.);
#351=ORIENTED_EDGE('',*,*,#553,.T.);
#352=ORIENTED_EDGE('',*,*,#543,.T.);
#353=ORIENTED_EDGE('',*,*,#537,.F.);
#354=ORIENTED_EDGE('',*,*,#549,.F.);
#355=ORIENTED_EDGE('',*,*,#554,.F.);
#356=ORIENTED_EDGE('',*,*,#552,.F.);
#357=ORIENTED_EDGE('',*,*,#548,.F.);
#358=ORIENTED_EDGE('',*,*,#545,.F.);
#359=ORIENTED_EDGE('',*,*,#547,.F.);
#360=ORIENTED_EDGE('',*,*,#551,.F.);
#361=ORIENTED_EDGE('',*,*,#553,.F.);
#362=ORIENTED_EDGE('',*,*,#554,.T.);
#363=ORIENTED_EDGE('',*,*,#550,.F.);
#364=ORIENTED_EDGE('',*,*,#541,.F.);
#365=ORIENTED_EDGE('',*,*,#555,.F.);
#366=ORIENTED_EDGE('',*,*,#556,.T.);
#367=ORIENTED_EDGE('',*,*,#557,.F.);
#368=ORIENTED_EDGE('',*,*,#558,.T.);
#369=ORIENTED_EDGE('',*,*,#555,.T.);
#370=ORIENTED_EDGE('',*,*,#559,.T.);
#371=ORIENTED_EDGE('',*,*,#560,.T.);
#372=ORIENTED_EDGE('',*,*,#561,.F.);
#373=ORIENTED_EDGE('',*,*,#562,.T.);
#374=ORIENTED_EDGE('',*,*,#563,.F.);
#375=ORIENTED_EDGE('',*,*,#564,.F.);
#376=ORIENTED_EDGE('',*,*,#561,.T.);
#377=ORIENTED_EDGE('',*,*,#565,.F.);
#378=ORIENTED_EDGE('',*,*,#566,.T.);
#379=ORIENTED_EDGE('',*,*,#557,.T.);
#380=ORIENTED_EDGE('',*,*,#564,.T.);
#381=ORIENTED_EDGE('',*,*,#567,.T.);
#382=ORIENTED_EDGE('',*,*,#560,.F.);
#383=ORIENTED_EDGE('',*,*,#568,.T.);
#384=ORIENTED_EDGE('',*,*,#569,.T.);
#385=ORIENTED_EDGE('',*,*,#570,.F.);
#386=ORIENTED_EDGE('',*,*,#562,.F.);
#387=ORIENTED_EDGE('',*,*,#570,.T.);
#388=ORIENTED_EDGE('',*,*,#571,.F.);
#389=ORIENTED_EDGE('',*,*,#567,.F.);
#390=ORIENTED_EDGE('',*,*,#563,.T.);
#391=ORIENTED_EDGE('',*,*,#572,.T.);
#392=ORIENTED_EDGE('',*,*,#565,.T.);
#393=ORIENTED_EDGE('',*,*,#571,.T.);
#394=ORIENTED_EDGE('',*,*,#569,.F.);
#395=ORIENTED_EDGE('',*,*,#559,.F.);
#396=ORIENTED_EDGE('',*,*,#556,.F.);
#397=ORIENTED_EDGE('',*,*,#558,.F.);
#398=ORIENTED_EDGE('',*,*,#566,.F.);
#399=ORIENTED_EDGE('',*,*,#572,.F.);
#400=ORIENTED_EDGE('',*,*,#568,.F.);
#401=ORIENTED_EDGE('',*,*,#573,.T.);
#402=ORIENTED_EDGE('',*,*,#574,.F.);
#403=ORIENTED_EDGE('',*,*,#575,.F.);
#404=ORIENTED_EDGE('',*,*,#576,.T.);
#405=ORIENTED_EDGE('',*,*,#577,.F.);
#406=ORIENTED_EDGE('',*,*,#578,.T.);
#407=ORIENTED_EDGE('',*,*,#579,.T.);
#408=ORIENTED_EDGE('',*,*,#574,.T.);
#409=ORIENTED_EDGE('',*,*,#580,.F.);
#410=ORIENTED_EDGE('',*,*,#581,.T.);
#411=ORIENTED_EDGE('',*,*,#582,.F.);
#412=ORIENTED_EDGE('',*,*,#583,.T.);
#413=ORIENTED_EDGE('',*,*,#580,.T.);
#414=ORIENTED_EDGE('',*,*,#584,.T.);
#415=ORIENTED_EDGE('',*,*,#585,.T.);
#416=ORIENTED_EDGE('',*,*,#576,.F.);
#417=ORIENTED_EDGE('',*,*,#586,.T.);
#418=ORIENTED_EDGE('',*,*,#587,.T.);
#419=ORIENTED_EDGE('',*,*,#582,.T.);
#420=ORIENTED_EDGE('',*,*,#575,.T.);
#421=ORIENTED_EDGE('',*,*,#579,.F.);
#422=ORIENTED_EDGE('',*,*,#588,.T.);
#423=ORIENTED_EDGE('',*,*,#589,.T.);
#424=ORIENTED_EDGE('',*,*,#577,.T.);
#425=ORIENTED_EDGE('',*,*,#573,.F.);
#426=ORIENTED_EDGE('',*,*,#585,.F.);
#427=ORIENTED_EDGE('',*,*,#583,.F.);
#428=ORIENTED_EDGE('',*,*,#587,.F.);
#429=ORIENTED_EDGE('',*,*,#590,.F.);
#430=ORIENTED_EDGE('',*,*,#588,.F.);
#431=ORIENTED_EDGE('',*,*,#584,.F.);
#432=ORIENTED_EDGE('',*,*,#581,.F.);
#433=ORIENTED_EDGE('',*,*,#586,.F.);
#434=ORIENTED_EDGE('',*,*,#578,.F.);
#435=ORIENTED_EDGE('',*,*,#589,.F.);
#436=ORIENTED_EDGE('',*,*,#590,.T.);
#437=ORIENTED_EDGE('',*,*,#591,.F.);
#438=ORIENTED_EDGE('',*,*,#592,.T.);
#439=ORIENTED_EDGE('',*,*,#593,.F.);
#440=ORIENTED_EDGE('',*,*,#594,.T.);
#441=ORIENTED_EDGE('',*,*,#591,.T.);
#442=ORIENTED_EDGE('',*,*,#595,.T.);
#443=ORIENTED_EDGE('',*,*,#596,.T.);
#444=ORIENTED_EDGE('',*,*,#597,.F.);
#445=ORIENTED_EDGE('',*,*,#598,.T.);
#446=ORIENTED_EDGE('',*,*,#599,.F.);
#447=ORIENTED_EDGE('',*,*,#600,.F.);
#448=ORIENTED_EDGE('',*,*,#597,.T.);
#449=ORIENTED_EDGE('',*,*,#601,.F.);
#450=ORIENTED_EDGE('',*,*,#602,.T.);
#451=ORIENTED_EDGE('',*,*,#593,.T.);
#452=ORIENTED_EDGE('',*,*,#600,.T.);
#453=ORIENTED_EDGE('',*,*,#603,.T.);
#454=ORIENTED_EDGE('',*,*,#596,.F.);
#455=ORIENTED_EDGE('',*,*,#604,.T.);
#456=ORIENTED_EDGE('',*,*,#605,.T.);
#457=ORIENTED_EDGE('',*,*,#606,.F.);
#458=ORIENTED_EDGE('',*,*,#598,.F.);
#459=ORIENTED_EDGE('',*,*,#606,.T.);
#460=ORIENTED_EDGE('',*,*,#607,.F.);
#461=ORIENTED_EDGE('',*,*,#603,.F.);
#462=ORIENTED_EDGE('',*,*,#599,.T.);
#463=ORIENTED_EDGE('',*,*,#608,.T.);
#464=ORIENTED_EDGE('',*,*,#601,.T.);
#465=ORIENTED_EDGE('',*,*,#607,.T.);
#466=ORIENTED_EDGE('',*,*,#605,.F.);
#467=ORIENTED_EDGE('',*,*,#595,.F.);
#468=ORIENTED_EDGE('',*,*,#592,.F.);
#469=ORIENTED_EDGE('',*,*,#594,.F.);
#470=ORIENTED_EDGE('',*,*,#602,.F.);
#471=ORIENTED_EDGE('',*,*,#608,.F.);
#472=ORIENTED_EDGE('',*,*,#604,.F.);
#473=ORIENTED_EDGE('',*,*,#609,.T.);
#474=ORIENTED_EDGE('',*,*,#610,.F.);
#475=ORIENTED_EDGE('',*,*,#611,.F.);
#476=ORIENTED_EDGE('',*,*,#612,.T.);
#477=ORIENTED_EDGE('',*,*,#613,.T.);
#478=ORIENTED_EDGE('',*,*,#614,.T.);
#479=ORIENTED_EDGE('',*,*,#610,.T.);
#480=ORIENTED_EDGE('',*,*,#615,.F.);
#481=ORIENTED_EDGE('',*,*,#616,.T.);
#482=ORIENTED_EDGE('',*,*,#617,.F.);
#483=ORIENTED_EDGE('',*,*,#617,.T.);
#484=ORIENTED_EDGE('',*,*,#618,.T.);
#485=ORIENTED_EDGE('',*,*,#619,.T.);
#486=ORIENTED_EDGE('',*,*,#612,.F.);
#487=ORIENTED_EDGE('',*,*,#620,.F.);
#488=ORIENTED_EDGE('',*,*,#621,.T.);
#489=ORIENTED_EDGE('',*,*,#614,.F.);
#490=ORIENTED_EDGE('',*,*,#622,.T.);
#491=ORIENTED_EDGE('',*,*,#623,.T.);
#492=ORIENTED_EDGE('',*,*,#620,.T.);
#493=ORIENTED_EDGE('',*,*,#611,.T.);
#494=ORIENTED_EDGE('',*,*,#624,.T.);
#495=ORIENTED_EDGE('',*,*,#625,.T.);
#496=ORIENTED_EDGE('',*,*,#615,.T.);
#497=ORIENTED_EDGE('',*,*,#609,.F.);
#498=ORIENTED_EDGE('',*,*,#619,.F.);
#499=ORIENTED_EDGE('',*,*,#626,.F.);
#500=ORIENTED_EDGE('',*,*,#624,.F.);
#501=ORIENTED_EDGE('',*,*,#618,.F.);
#502=ORIENTED_EDGE('',*,*,#616,.F.);
#503=ORIENTED_EDGE('',*,*,#621,.F.);
#504=ORIENTED_EDGE('',*,*,#623,.F.);
#505=ORIENTED_EDGE('',*,*,#625,.F.);
#506=ORIENTED_EDGE('',*,*,#626,.T.);
#507=ORIENTED_EDGE('',*,*,#622,.F.);
#508=ORIENTED_EDGE('',*,*,#613,.F.);
#509=EDGE_CURVE('',#627,#627,#711,.T.);
#510=EDGE_CURVE('',#628,#628,#712,.T.);
#511=EDGE_CURVE('',#629,#629,#713,.T.);
#512=EDGE_CURVE('',#630,#630,#714,.T.);
#513=EDGE_CURVE('',#632,#632,#715,.F.);
#514=EDGE_CURVE('',#633,#633,#716,.T.);
#515=EDGE_CURVE('',#635,#636,#46,.T.);
#516=EDGE_CURVE('',#635,#636,#19,.F.);
#517=EDGE_CURVE('',#637,#638,#47,.T.);
#518=EDGE_CURVE('',#637,#635,#20,.F.);
#519=EDGE_CURVE('',#636,#639,#21,.F.);
#520=EDGE_CURVE('',#639,#640,#48,.T.);
#521=EDGE_CURVE('',#638,#640,#49,.T.);
#522=EDGE_CURVE('',#640,#641,#50,.T.);
#523=EDGE_CURVE('',#642,#641,#51,.T.);
#524=EDGE_CURVE('',#638,#642,#52,.T.);
#525=EDGE_CURVE('',#643,#644,#53,.T.);
#526=EDGE_CURVE('',#643,#637,#54,.F.);
#527=EDGE_CURVE('',#642,#644,#55,.T.);
#528=EDGE_CURVE('',#639,#645,#56,.T.);
#529=EDGE_CURVE('',#645,#646,#57,.T.);
#530=EDGE_CURVE('',#641,#646,#58,.T.);
#531=EDGE_CURVE('',#644,#646,#59,.T.);
#532=EDGE_CURVE('',#645,#643,#22,.T.);
#533=EDGE_CURVE('',#647,#647,#717,.T.);
#534=EDGE_CURVE('',#648,#648,#718,.T.);
#535=EDGE_CURVE('',#649,#649,#719,.T.);
#536=EDGE_CURVE('',#650,#650,#720,.T.);
#537=EDGE_CURVE('',#651,#652,#60,.T.);
#538=EDGE_CURVE('',#653,#652,#61,.T.);
#539=EDGE_CURVE('',#654,#653,#62,.T.);
#540=EDGE_CURVE('',#654,#651,#63,.T.);
#541=EDGE_CURVE('',#655,#656,#23,.T.);
#542=EDGE_CURVE('',#656,#653,#64,.T.);
#543=EDGE_CURVE('',#655,#652,#65,.T.);
#544=EDGE_CURVE('',#657,#658,#66,.T.);
#545=EDGE_CURVE('',#657,#658,#24,.F.);
#546=EDGE_CURVE('',#659,#654,#67,.T.);
#547=EDGE_CURVE('',#659,#657,#25,.F.);
#548=EDGE_CURVE('',#658,#660,#26,.F.);
#549=EDGE_CURVE('',#660,#651,#68,.T.);
#550=EDGE_CURVE('',#656,#661,#69,.T.);
#551=EDGE_CURVE('',#661,#659,#70,.T.);
#552=EDGE_CURVE('',#660,#662,#71,.F.);
#553=EDGE_CURVE('',#662,#655,#72,.F.);
#554=EDGE_CURVE('',#662,#661,#27,.F.);
#555=EDGE_CURVE('',#663,#664,#73,.T.);
#556=EDGE_CURVE('',#663,#664,#28,.F.);
#557=EDGE_CURVE('',#665,#666,#74,.T.);
#558=EDGE_CURVE('',#665,#663,#29,.F.);
#559=EDGE_CURVE('',#664,#667,#30,.F.);
#560=EDGE_CURVE('',#667,#668,#75,.T.);
#561=EDGE_CURVE('',#666,#668,#76,.T.);
#562=EDGE_CURVE('',#668,#669,#77,.T.);
#563=EDGE_CURVE('',#670,#669,#78,.T.);
#564=EDGE_CURVE('',#666,#670,#79,.T.);
#565=EDGE_CURVE('',#671,#672,#80,.T.);
#566=EDGE_CURVE('',#671,#665,#81,.F.);
#567=EDGE_CURVE('',#670,#672,#82,.T.);
#568=EDGE_CURVE('',#667,#673,#83,.T.);
#569=EDGE_CURVE('',#673,#674,#84,.T.);
#570=EDGE_CURVE('',#669,#674,#85,.T.);
#571=EDGE_CURVE('',#672,#674,#86,.T.);
#572=EDGE_CURVE('',#673,#671,#31,.T.);
#573=EDGE_CURVE('',#675,#676,#87,.T.);
#574=EDGE_CURVE('',#677,#676,#88,.T.);
#575=EDGE_CURVE('',#678,#677,#89,.T.);
#576=EDGE_CURVE('',#678,#675,#90,.T.);
#577=EDGE_CURVE('',#679,#676,#91,.T.);
#578=EDGE_CURVE('',#679,#680,#32,.T.);
#579=EDGE_CURVE('',#680,#677,#92,.T.);
#580=EDGE_CURVE('',#681,#682,#93,.T.);
#581=EDGE_CURVE('',#681,#682,#33,.F.);
#582=EDGE_CURVE('',#683,#678,#94,.T.);
#583=EDGE_CURVE('',#683,#681,#34,.F.);
#584=EDGE_CURVE('',#682,#684,#35,.F.);
#585=EDGE_CURVE('',#684,#675,#95,.T.);
#586=EDGE_CURVE('',#680,#685,#96,.T.);
#587=EDGE_CURVE('',#685,#683,#97,.T.);
#588=EDGE_CURVE('',#684,#686,#98,.F.);
#589=EDGE_CURVE('',#686,#679,#99,.F.);
#590=EDGE_CURVE('',#686,#685,#36,.T.);
#591=EDGE_CURVE('',#687,#688,#100,.T.);
#592=EDGE_CURVE('',#687,#688,#37,.F.);
#593=EDGE_CURVE('',#689,#690,#101,.T.);
#594=EDGE_CURVE('',#689,#687,#38,.F.);
#595=EDGE_CURVE('',#688,#691,#39,.F.);
#596=EDGE_CURVE('',#691,#692,#102,.T.);
#597=EDGE_CURVE('',#690,#692,#103,.T.);
#598=EDGE_CURVE('',#692,#693,#104,.T.);
#599=EDGE_CURVE('',#694,#693,#105,.T.);
#600=EDGE_CURVE('',#690,#694,#106,.T.);
#601=EDGE_CURVE('',#695,#696,#107,.T.);
#602=EDGE_CURVE('',#695,#689,#108,.F.);
#603=EDGE_CURVE('',#694,#696,#109,.T.);
#604=EDGE_CURVE('',#691,#697,#110,.T.);
#605=EDGE_CURVE('',#697,#698,#111,.T.);
#606=EDGE_CURVE('',#693,#698,#112,.T.);
#607=EDGE_CURVE('',#696,#698,#113,.T.);
#608=EDGE_CURVE('',#697,#695,#40,.T.);
#609=EDGE_CURVE('',#699,#700,#114,.T.);
#610=EDGE_CURVE('',#701,#700,#115,.T.);
#611=EDGE_CURVE('',#702,#701,#116,.T.);
#612=EDGE_CURVE('',#702,#699,#117,.T.);
#613=EDGE_CURVE('',#703,#704,#41,.T.);
#614=EDGE_CURVE('',#704,#701,#118,.T.);
#615=EDGE_CURVE('',#703,#700,#119,.T.);
#616=EDGE_CURVE('',#705,#706,#42,.F.);
#617=EDGE_CURVE('',#705,#706,#120,.T.);
#618=EDGE_CURVE('',#706,#707,#43,.F.);
#619=EDGE_CURVE('',#707,#699,#121,.T.);
#620=EDGE_CURVE('',#708,#702,#122,.T.);
#621=EDGE_CURVE('',#708,#705,#44,.F.);
#622=EDGE_CURVE('',#704,#709,#123,.T.);
#623=EDGE_CURVE('',#709,#708,#124,.T.);
#624=EDGE_CURVE('',#707,#710,#125,.F.);
#625=EDGE_CURVE('',#710,#703,#126,.F.);
#626=EDGE_CURVE('',#710,#709,#45,.F.);
#627=VERTEX_POINT('',#1428);
#628=VERTEX_POINT('',#1430);
#629=VERTEX_POINT('',#1433);
#630=VERTEX_POINT('',#1436);
#631=VERTEX_POINT('',#1438);
#632=VERTEX_POINT('',#1441);
#633=VERTEX_POINT('',#1444);
#634=VERTEX_POINT('',#1446);
#635=VERTEX_POINT('',#1450);
#636=VERTEX_POINT('',#1451);
#637=VERTEX_POINT('',#1455);
#638=VERTEX_POINT('',#1456);
#639=VERTEX_POINT('',#1459);
#640=VERTEX_POINT('',#1461);
#641=VERTEX_POINT('',#1465);
#642=VERTEX_POINT('',#1467);
#643=VERTEX_POINT('',#1471);
#644=VERTEX_POINT('',#1472);
#645=VERTEX_POINT('',#1477);
#646=VERTEX_POINT('',#1479);
#647=VERTEX_POINT('',#2595);
#648=VERTEX_POINT('',#2597);
#649=VERTEX_POINT('',#2600);
#650=VERTEX_POINT('',#2602);
#651=VERTEX_POINT('',#2608);
#652=VERTEX_POINT('',#2609);
#653=VERTEX_POINT('',#2611);
#654=VERTEX_POINT('',#2613);
#655=VERTEX_POINT('',#2617);
#656=VERTEX_POINT('',#2618);
#657=VERTEX_POINT('',#2623);
#658=VERTEX_POINT('',#2624);
#659=VERTEX_POINT('',#2628);
#660=VERTEX_POINT('',#2631);
#661=VERTEX_POINT('',#2635);
#662=VERTEX_POINT('',#2639);
#663=VERTEX_POINT('',#2647);
#664=VERTEX_POINT('',#2648);
#665=VERTEX_POINT('',#2652);
#666=VERTEX_POINT('',#2653);
#667=VERTEX_POINT('',#2656);
#668=VERTEX_POINT('',#2658);
#669=VERTEX_POINT('',#2662);
#670=VERTEX_POINT('',#2664);
#671=VERTEX_POINT('',#2668);
#672=VERTEX_POINT('',#2669);
#673=VERTEX_POINT('',#2674);
#674=VERTEX_POINT('',#2676);
#675=VERTEX_POINT('',#2686);
#676=VERTEX_POINT('',#2687);
#677=VERTEX_POINT('',#2689);
#678=VERTEX_POINT('',#2691);
#679=VERTEX_POINT('',#2695);
#680=VERTEX_POINT('',#2697);
#681=VERTEX_POINT('',#2701);
#682=VERTEX_POINT('',#2702);
#683=VERTEX_POINT('',#2706);
#684=VERTEX_POINT('',#2709);
#685=VERTEX_POINT('',#2713);
#686=VERTEX_POINT('',#2717);
#687=VERTEX_POINT('',#2725);
#688=VERTEX_POINT('',#2726);
#689=VERTEX_POINT('',#2730);
#690=VERTEX_POINT('',#2731);
#691=VERTEX_POINT('',#2734);
#692=VERTEX_POINT('',#2736);
#693=VERTEX_POINT('',#2740);
#694=VERTEX_POINT('',#2742);
#695=VERTEX_POINT('',#2746);
#696=VERTEX_POINT('',#2747);
#697=VERTEX_POINT('',#2752);
#698=VERTEX_POINT('',#2754);
#699=VERTEX_POINT('',#2764);
#700=VERTEX_POINT('',#2765);
#701=VERTEX_POINT('',#2767);
#702=VERTEX_POINT('',#2769);
#703=VERTEX_POINT('',#2773);
#704=VERTEX_POINT('',#2774);
#705=VERTEX_POINT('',#2779);
#706=VERTEX_POINT('',#2780);
#707=VERTEX_POINT('',#2784);
#708=VERTEX_POINT('',#2787);
#709=VERTEX_POINT('',#2791);
#710=VERTEX_POINT('',#2795);
#711=CIRCLE('',#1031,0.0089);
#712=CIRCLE('',#1032,0.0089);
#713=CIRCLE('',#1034,0.0079);
#714=CIRCLE('',#1036,0.00935);
#715=CIRCLE('',#1039,0.0079);
#716=CIRCLE('',#1041,0.00834907138089636);
#717=CIRCLE('',#1059,0.009);
#718=CIRCLE('',#1060,0.009);
#719=CIRCLE('',#1062,0.00935);
#720=CIRCLE('',#1063,0.00935);
#721=EDGE_LOOP('',(#273));
#722=EDGE_LOOP('',(#274));
#723=EDGE_LOOP('',(#275));
#724=EDGE_LOOP('',(#276));
#725=EDGE_LOOP('',(#277));
#726=EDGE_LOOP('',(#278));
#727=EDGE_LOOP('',(#279));
#728=EDGE_LOOP('',(#280));
#729=EDGE_LOOP('',(#281));
#730=EDGE_LOOP('',(#282));
#731=EDGE_LOOP('',(#283));
#732=EDGE_LOOP('',(#284));
#733=EDGE_LOOP('',(#285,#286));
#734=EDGE_LOOP('',(#287,#288,#289,#290,#291,#292));
#735=EDGE_LOOP('',(#293,#294,#295,#296));
#736=EDGE_LOOP('',(#297,#298,#299,#300,#301));
#737=EDGE_LOOP('',(#302,#303,#304,#305,#306));
#738=EDGE_LOOP('',(#307,#308,#309,#310));
#739=EDGE_LOOP('',(#311,#312,#313,#314));
#740=EDGE_LOOP('',(#315,#316,#317,#318,#319,#320));
#741=EDGE_LOOP('',(#321));
#742=EDGE_LOOP('',(#322));
#743=EDGE_LOOP('',(#323));
#744=EDGE_LOOP('',(#324));
#745=EDGE_LOOP('',(#325));
#746=EDGE_LOOP('',(#326));
#747=EDGE_LOOP('',(#327));
#748=EDGE_LOOP('',(#328));
#749=EDGE_LOOP('',(#329,#330,#331,#332));
#750=EDGE_LOOP('',(#333,#334,#335,#336));
#751=EDGE_LOOP('',(#337,#338));
#752=EDGE_LOOP('',(#339,#340,#341,#342,#343,#344));
#753=EDGE_LOOP('',(#345,#346,#347,#348,#349));
#754=EDGE_LOOP('',(#350,#351,#352,#353,#354));
#755=EDGE_LOOP('',(#355,#356,#357,#358,#359,#360));
#756=EDGE_LOOP('',(#361,#362,#363,#364));
#757=EDGE_LOOP('',(#365,#366));
#758=EDGE_LOOP('',(#367,#368,#369,#370,#371,#372));
#759=EDGE_LOOP('',(#373,#374,#375,#376));
#760=EDGE_LOOP('',(#377,#378,#379,#380,#381));
#761=EDGE_LOOP('',(#382,#383,#384,#385,#386));
#762=EDGE_LOOP('',(#387,#388,#389,#390));
#763=EDGE_LOOP('',(#391,#392,#393,#394));
#764=EDGE_LOOP('',(#395,#396,#397,#398,#399,#400));
#765=EDGE_LOOP('',(#401,#402,#403,#404));
#766=EDGE_LOOP('',(#405,#406,#407,#408));
#767=EDGE_LOOP('',(#409,#410));
#768=EDGE_LOOP('',(#411,#412,#413,#414,#415,#416));
#769=EDGE_LOOP('',(#417,#418,#419,#420,#421));
#770=EDGE_LOOP('',(#422,#423,#424,#425,#426));
#771=EDGE_LOOP('',(#427,#428,#429,#430,#431,#432));
#772=EDGE_LOOP('',(#433,#434,#435,#436));
#773=EDGE_LOOP('',(#437,#438));
#774=EDGE_LOOP('',(#439,#440,#441,#442,#443,#444));
#775=EDGE_LOOP('',(#445,#446,#447,#448));
#776=EDGE_LOOP('',(#449,#450,#451,#452,#453));
#777=EDGE_LOOP('',(#454,#455,#456,#457,#458));
#778=EDGE_LOOP('',(#459,#460,#461,#462));
#779=EDGE_LOOP('',(#463,#464,#465,#466));
#780=EDGE_LOOP('',(#467,#468,#469,#470,#471,#472));
#781=EDGE_LOOP('',(#473,#474,#475,#476));
#782=EDGE_LOOP('',(#477,#478,#479,#480));
#783=EDGE_LOOP('',(#481,#482));
#784=EDGE_LOOP('',(#483,#484,#485,#486,#487,#488));
#785=EDGE_LOOP('',(#489,#490,#491,#492,#493));
#786=EDGE_LOOP('',(#494,#495,#496,#497,#498));
#787=EDGE_LOOP('',(#499,#500,#501,#502,#503,#504));
#788=EDGE_LOOP('',(#505,#506,#507,#508));
#789=FACE_BOUND('',#721,.T.);
#790=FACE_BOUND('',#722,.T.);
#791=FACE_BOUND('',#723,.T.);
#792=FACE_BOUND('',#724,.T.);
#793=FACE_BOUND('',#725,.T.);
#794=FACE_BOUND('',#726,.T.);
#795=FACE_BOUND('',#225,.T.);
#796=FACE_BOUND('',#727,.T.);
#797=FACE_BOUND('',#728,.T.);
#798=FACE_BOUND('',#729,.T.);
#799=FACE_BOUND('',#730,.T.);
#800=FACE_BOUND('',#731,.T.);
#801=FACE_BOUND('',#226,.T.);
#802=FACE_BOUND('',#732,.T.);
#803=FACE_BOUND('',#733,.T.);
#804=FACE_BOUND('',#734,.T.);
#805=FACE_BOUND('',#735,.T.);
#806=FACE_BOUND('',#736,.T.);
#807=FACE_BOUND('',#737,.T.);
#808=FACE_BOUND('',#738,.T.);
#809=FACE_BOUND('',#739,.T.);
#810=FACE_BOUND('',#740,.T.);
#811=FACE_BOUND('',#741,.T.);
#812=FACE_BOUND('',#742,.T.);
#813=FACE_BOUND('',#743,.T.);
#814=FACE_BOUND('',#744,.T.);
#815=FACE_BOUND('',#745,.T.);
#816=FACE_BOUND('',#746,.T.);
#817=FACE_BOUND('',#747,.T.);
#818=FACE_BOUND('',#748,.T.);
#819=FACE_BOUND('',#749,.T.);
#820=FACE_BOUND('',#750,.T.);
#821=FACE_BOUND('',#751,.T.);
#822=FACE_BOUND('',#752,.T.);
#823=FACE_BOUND('',#753,.T.);
#824=FACE_BOUND('',#754,.T.);
#825=FACE_BOUND('',#755,.T.);
#826=FACE_BOUND('',#756,.T.);
#827=FACE_BOUND('',#757,.T.);
#828=FACE_BOUND('',#758,.T.);
#829=FACE_BOUND('',#759,.T.);
#830=FACE_BOUND('',#760,.T.);
#831=FACE_BOUND('',#761,.T.);
#832=FACE_BOUND('',#762,.T.);
#833=FACE_BOUND('',#763,.T.);
#834=FACE_BOUND('',#764,.T.);
#835=FACE_BOUND('',#765,.T.);
#836=FACE_BOUND('',#766,.T.);
#837=FACE_BOUND('',#767,.T.);
#838=FACE_BOUND('',#768,.T.);
#839=FACE_BOUND('',#769,.T.);
#840=FACE_BOUND('',#770,.T.);
#841=FACE_BOUND('',#771,.T.);
#842=FACE_BOUND('',#772,.T.);
#843=FACE_BOUND('',#773,.T.);
#844=FACE_BOUND('',#774,.T.);
#845=FACE_BOUND('',#775,.T.);
#846=FACE_BOUND('',#776,.T.);
#847=FACE_BOUND('',#777,.T.);
#848=FACE_BOUND('',#778,.T.);
#849=FACE_BOUND('',#779,.T.);
#850=FACE_BOUND('',#780,.T.);
#851=FACE_BOUND('',#781,.T.);
#852=FACE_BOUND('',#782,.T.);
#853=FACE_BOUND('',#783,.T.);
#854=FACE_BOUND('',#784,.T.);
#855=FACE_BOUND('',#785,.T.);
#856=FACE_BOUND('',#786,.T.);
#857=FACE_BOUND('',#787,.T.);
#858=FACE_BOUND('',#788,.T.);
#859=CYLINDRICAL_SURFACE('',#1030,0.0089);
#860=CYLINDRICAL_SURFACE('',#1038,0.0079);
#861=CYLINDRICAL_SURFACE('',#1055,0.0006);
#862=CYLINDRICAL_SURFACE('',#1058,0.009);
#863=CYLINDRICAL_SURFACE('',#1061,0.00935);
#864=CYLINDRICAL_SURFACE('',#1077,0.0006);
#865=CYLINDRICAL_SURFACE('',#1079,0.0006);
#866=CYLINDRICAL_SURFACE('',#1092,0.0006);
#867=CYLINDRICAL_SURFACE('',#1104,0.0006);
#868=CYLINDRICAL_SURFACE('',#1106,0.0006);
#869=CYLINDRICAL_SURFACE('',#1119,0.0006);
#870=CYLINDRICAL_SURFACE('',#1131,0.0006);
#871=CYLINDRICAL_SURFACE('',#1133,0.0006);
#872=ADVANCED_FACE('',(#789,#790),#859,.T.);
#873=ADVANCED_FACE('',(#791,#792),#229,.F.);
#874=ADVANCED_FACE('',(#793,#794),#230,.T.);
#875=ADVANCED_FACE('',(#795,#796),#227,.F.);
#876=ADVANCED_FACE('',(#797,#798),#860,.F.);
#877=ADVANCED_FACE('',(#799,#800),#231,.F.);
#878=ADVANCED_FACE('',(#801,#802),#228,.T.);
#879=ADVANCED_FACE('',(#803),#232,.F.);
#880=ADVANCED_FACE('',(#804),#233,.F.);
#881=ADVANCED_FACE('',(#805),#234,.F.);
#882=ADVANCED_FACE('',(#806),#235,.T.);
#883=ADVANCED_FACE('',(#807),#236,.F.);
#884=ADVANCED_FACE('',(#808),#237,.F.);
#885=ADVANCED_FACE('',(#809),#238,.T.);
#886=ADVANCED_FACE('',(#810),#861,.T.);
#887=ADVANCED_FACE('',(#811,#812),#862,.F.);
#888=ADVANCED_FACE('',(#813,#814),#863,.T.);
#889=ADVANCED_FACE('',(#815,#816),#239,.F.);
#890=ADVANCED_FACE('',(#817,#818),#240,.T.);
#891=ADVANCED_FACE('',(#819),#241,.F.);
#892=ADVANCED_FACE('',(#820),#242,.T.);
#893=ADVANCED_FACE('',(#821),#243,.F.);
#894=ADVANCED_FACE('',(#822),#244,.F.);
#895=ADVANCED_FACE('',(#823),#245,.T.);
#896=ADVANCED_FACE('',(#824),#246,.F.);
#897=ADVANCED_FACE('',(#825),#864,.T.);
#898=ADVANCED_FACE('',(#826),#865,.T.);
#899=ADVANCED_FACE('',(#827),#247,.F.);
#900=ADVANCED_FACE('',(#828),#248,.F.);
#901=ADVANCED_FACE('',(#829),#249,.F.);
#902=ADVANCED_FACE('',(#830),#250,.T.);
#903=ADVANCED_FACE('',(#831),#251,.F.);
#904=ADVANCED_FACE('',(#832),#252,.F.);
#905=ADVANCED_FACE('',(#833),#253,.T.);
#906=ADVANCED_FACE('',(#834),#866,.T.);
#907=ADVANCED_FACE('',(#835),#254,.F.);
#908=ADVANCED_FACE('',(#836),#255,.T.);
#909=ADVANCED_FACE('',(#837),#256,.F.);
#910=ADVANCED_FACE('',(#838),#257,.F.);
#911=ADVANCED_FACE('',(#839),#258,.T.);
#912=ADVANCED_FACE('',(#840),#259,.F.);
#913=ADVANCED_FACE('',(#841),#867,.T.);
#914=ADVANCED_FACE('',(#842),#868,.T.);
#915=ADVANCED_FACE('',(#843),#260,.F.);
#916=ADVANCED_FACE('',(#844),#261,.F.);
#917=ADVANCED_FACE('',(#845),#262,.F.);
#918=ADVANCED_FACE('',(#846),#263,.T.);
#919=ADVANCED_FACE('',(#847),#264,.F.);
#920=ADVANCED_FACE('',(#848),#265,.F.);
#921=ADVANCED_FACE('',(#849),#266,.T.);
#922=ADVANCED_FACE('',(#850),#869,.T.);
#923=ADVANCED_FACE('',(#851),#267,.F.);
#924=ADVANCED_FACE('',(#852),#268,.T.);
#925=ADVANCED_FACE('',(#853),#269,.F.);
#926=ADVANCED_FACE('',(#854),#270,.F.);
#927=ADVANCED_FACE('',(#855),#271,.T.);
#928=ADVANCED_FACE('',(#856),#272,.F.);
#929=ADVANCED_FACE('',(#857),#870,.T.);
#930=ADVANCED_FACE('',(#858),#871,.T.);
#931=CLOSED_SHELL('',(#872,#873,#874,#875,#876,#877,#878));
#932=CLOSED_SHELL('',(#879,#880,#881,#882,#883,#884,#885,#886));
#933=CLOSED_SHELL('',(#887,#888,#889,#890));
#934=CLOSED_SHELL('',(#891,#892,#893,#894,#895,#896,#897,#898));
#935=CLOSED_SHELL('',(#899,#900,#901,#902,#903,#904,#905,#906));
#936=CLOSED_SHELL('',(#907,#908,#909,#910,#911,#912,#913,#914));
#937=CLOSED_SHELL('',(#915,#916,#917,#918,#919,#920,#921,#922));
#938=CLOSED_SHELL('',(#923,#924,#925,#926,#927,#928,#929,#930));
#939=STYLED_ITEM('',(#949),#1003);
#940=STYLED_ITEM('',(#950),#1004);
#941=STYLED_ITEM('',(#951),#16);
#942=STYLED_ITEM('',(#952),#16);
#943=STYLED_ITEM('',(#953),#1005);
#944=STYLED_ITEM('',(#954),#1006);
#945=STYLED_ITEM('',(#955),#1007);
#946=STYLED_ITEM('',(#956),#1008);
#947=STYLED_ITEM('',(#957),#1009);
#948=STYLED_ITEM('',(#958),#1010);
#949=PRESENTATION_STYLE_ASSIGNMENT((#959));
#950=PRESENTATION_STYLE_ASSIGNMENT((#960));
#951=PRESENTATION_STYLE_ASSIGNMENT((#12));
#952=PRESENTATION_STYLE_ASSIGNMENT((#13));
#953=PRESENTATION_STYLE_ASSIGNMENT((#961));
#954=PRESENTATION_STYLE_ASSIGNMENT((#962));
#955=PRESENTATION_STYLE_ASSIGNMENT((#963));
#956=PRESENTATION_STYLE_ASSIGNMENT((#964));
#957=PRESENTATION_STYLE_ASSIGNMENT((#965));
#958=PRESENTATION_STYLE_ASSIGNMENT((#966));
#959=SURFACE_STYLE_USAGE(.BOTH.,#967);
#960=SURFACE_STYLE_USAGE(.BOTH.,#968);
#961=SURFACE_STYLE_USAGE(.BOTH.,#969);
#962=SURFACE_STYLE_USAGE(.BOTH.,#970);
#963=SURFACE_STYLE_USAGE(.BOTH.,#971);
#964=SURFACE_STYLE_USAGE(.BOTH.,#972);
#965=SURFACE_STYLE_USAGE(.BOTH.,#973);
#966=SURFACE_STYLE_USAGE(.BOTH.,#974);
#967=SURFACE_SIDE_STYLE('',(#975));
#968=SURFACE_SIDE_STYLE('',(#976));
#969=SURFACE_SIDE_STYLE('',(#977));
#970=SURFACE_SIDE_STYLE('',(#978));
#971=SURFACE_SIDE_STYLE('',(#979));
#972=SURFACE_SIDE_STYLE('',(#980));
#973=SURFACE_SIDE_STYLE('',(#981));
#974=SURFACE_SIDE_STYLE('',(#982));
#975=SURFACE_STYLE_FILL_AREA(#983);
#976=SURFACE_STYLE_FILL_AREA(#984);
#977=SURFACE_STYLE_FILL_AREA(#985);
#978=SURFACE_STYLE_FILL_AREA(#986);
#979=SURFACE_STYLE_FILL_AREA(#987);
#980=SURFACE_STYLE_FILL_AREA(#988);
#981=SURFACE_STYLE_FILL_AREA(#989);
#982=SURFACE_STYLE_FILL_AREA(#990);
#983=FILL_AREA_STYLE('',(#991));
#984=FILL_AREA_STYLE('',(#992));
#985=FILL_AREA_STYLE('',(#993));
#986=FILL_AREA_STYLE('',(#994));
#987=FILL_AREA_STYLE('',(#995));
#988=FILL_AREA_STYLE('',(#996));
#989=FILL_AREA_STYLE('',(#997));
#990=FILL_AREA_STYLE('',(#998));
#991=FILL_AREA_STYLE_COLOUR('',#999);
#992=FILL_AREA_STYLE_COLOUR('',#1000);
#993=FILL_AREA_STYLE_COLOUR('',#1002);
#994=FILL_AREA_STYLE_COLOUR('',#1000);
#995=FILL_AREA_STYLE_COLOUR('',#1000);
#996=FILL_AREA_STYLE_COLOUR('',#1000);
#997=FILL_AREA_STYLE_COLOUR('',#1000);
#998=FILL_AREA_STYLE_COLOUR('',#1000);
#999=COLOUR_RGB('',0.694117647058824,0.0117647058823529,0.972549019607843);
#1000=COLOUR_RGB('',0.96078431372549,0.835294117647059,0.470588235294118);
#1001=COLOUR_RGB('',1.,0.,0.);
#1002=COLOUR_RGB('',0.941176470588235,0.874509803921569,0.67843137254902);
#1003=MANIFOLD_SOLID_BREP('Nosecone',#931);
#1004=MANIFOLD_SOLID_BREP('Balsa Fin 2',#932);
#1005=MANIFOLD_SOLID_BREP('BT-20 Body Tube',#933);
#1006=MANIFOLD_SOLID_BREP('Balsa Fin 5',#934);
#1007=MANIFOLD_SOLID_BREP('Balsa Fin 3',#935);
#1008=MANIFOLD_SOLID_BREP('Balsa Fin 4',#936);
#1009=MANIFOLD_SOLID_BREP('Balsa Fin 1',#937);
#1010=MANIFOLD_SOLID_BREP('Balsa Fin 6',#938);
#1011=SHAPE_DEFINITION_REPRESENTATION(#2854,#1020);
#1012=SHAPE_DEFINITION_REPRESENTATION(#2855,#1021);
#1013=SHAPE_DEFINITION_REPRESENTATION(#2856,#1022);
#1014=SHAPE_DEFINITION_REPRESENTATION(#2857,#1023);
#1015=SHAPE_DEFINITION_REPRESENTATION(#2858,#1024);
#1016=SHAPE_DEFINITION_REPRESENTATION(#2859,#1025);
#1017=SHAPE_DEFINITION_REPRESENTATION(#2860,#1026);
#1018=SHAPE_DEFINITION_REPRESENTATION(#2861,#1027);
#1019=SHAPE_DEFINITION_REPRESENTATION(#2862,#1028);
#1020=SHAPE_REPRESENTATION('Nosecone',(#1029),#2809);
#1021=SHAPE_REPRESENTATION('Balsa Fin 2',(#1043),#2810);
#1022=SHAPE_REPRESENTATION('Curve 1',(#1056),#2811);
#1023=SHAPE_REPRESENTATION('BT-20 Body Tube',(#1057),#2812);
#1024=SHAPE_REPRESENTATION('Balsa Fin 5',(#1066),#2813);
#1025=SHAPE_REPRESENTATION('Balsa Fin 3',(#1080),#2814);
#1026=SHAPE_REPRESENTATION('Balsa Fin 4',(#1093),#2815);
#1027=SHAPE_REPRESENTATION('Balsa Fin 1',(#1107),#2816);
#1028=SHAPE_REPRESENTATION('Balsa Fin 6',(#1120),#2817);
#1029=AXIS2_PLACEMENT_3D('',#1425,#1134,#1135);
#1030=AXIS2_PLACEMENT_3D('',#1426,#1136,#1137);
#1031=AXIS2_PLACEMENT_3D('',#1427,#1138,#1139);
#1032=AXIS2_PLACEMENT_3D('',#1429,#1140,#1141);
#1033=AXIS2_PLACEMENT_3D('',#1431,#1142,#1143);
#1034=AXIS2_PLACEMENT_3D('',#1432,#1144,#1145);
#1035=AXIS2_PLACEMENT_3D('',#1434,#1146,#1147);
#1036=AXIS2_PLACEMENT_3D('',#1435,#1148,#1149);
#1037=AXIS2_PLACEMENT_3D('',#1437,#1150,#1151);
#1038=AXIS2_PLACEMENT_3D('',#1439,#1152,#1153);
#1039=AXIS2_PLACEMENT_3D('',#1440,#1154,#1155);
#1040=AXIS2_PLACEMENT_3D('',#1442,#1156,#1157);
#1041=AXIS2_PLACEMENT_3D('',#1443,#1158,#1159);
#1042=AXIS2_PLACEMENT_3D('',#1445,#1160,#1161);
#1043=AXIS2_PLACEMENT_3D('',#1447,#1162,#1163);
#1044=AXIS2_PLACEMENT_3D('',#1448,#1164,#1165);
#1045=AXIS2_PLACEMENT_3D('',#1452,#1167,#1168);
#1046=AXIS2_PLACEMENT_3D('',#1453,#1169,#1170);
#1047=AXIS2_PLACEMENT_3D('',#1457,#1172,#1173);
#1048=AXIS2_PLACEMENT_3D('',#1458,#1174,#1175);
#1049=AXIS2_PLACEMENT_3D('',#1463,#1178,#1179);
#1050=AXIS2_PLACEMENT_3D('',#1469,#1183,#1184);
#1051=AXIS2_PLACEMENT_3D('',#1475,#1188,#1189);
#1052=AXIS2_PLACEMENT_3D('',#1481,#1193,#1194);
#1053=AXIS2_PLACEMENT_3D('',#1483,#1196,#1197);
#1054=AXIS2_PLACEMENT_3D('',#1484,#1198,#1199);
#1055=AXIS2_PLACEMENT_3D('',#1485,#1200,#1201);
#1056=AXIS2_PLACEMENT_3D('',#1486,#1202,#1203);
#1057=AXIS2_PLACEMENT_3D('',#2592,#1204,#1205);
#1058=AXIS2_PLACEMENT_3D('',#2593,#1206,#1207);
#1059=AXIS2_PLACEMENT_3D('',#2594,#1208,#1209);
#1060=AXIS2_PLACEMENT_3D('',#2596,#1210,#1211);
#1061=AXIS2_PLACEMENT_3D('',#2598,#1212,#1213);
#1062=AXIS2_PLACEMENT_3D('',#2599,#1214,#1215);
#1063=AXIS2_PLACEMENT_3D('',#2601,#1216,#1217);
#1064=AXIS2_PLACEMENT_3D('',#2603,#1218,#1219);
#1065=AXIS2_PLACEMENT_3D('',#2604,#1220,#1221);
#1066=AXIS2_PLACEMENT_3D('',#2605,#1222,#1223);
#1067=AXIS2_PLACEMENT_3D('',#2606,#1224,#1225);
#1068=AXIS2_PLACEMENT_3D('',#2615,#1230,#1231);
#1069=AXIS2_PLACEMENT_3D('',#2616,#1232,#1233);
#1070=AXIS2_PLACEMENT_3D('',#2621,#1236,#1237);
#1071=AXIS2_PLACEMENT_3D('',#2625,#1239,#1240);
#1072=AXIS2_PLACEMENT_3D('',#2626,#1241,#1242);
#1073=AXIS2_PLACEMENT_3D('',#2629,#1244,#1245);
#1074=AXIS2_PLACEMENT_3D('',#2630,#1246,#1247);
#1075=AXIS2_PLACEMENT_3D('',#2633,#1249,#1250);
#1076=AXIS2_PLACEMENT_3D('',#2637,#1253,#1254);
#1077=AXIS2_PLACEMENT_3D('',#2641,#1257,#1258);
#1078=AXIS2_PLACEMENT_3D('',#2642,#1259,#1260);
#1079=AXIS2_PLACEMENT_3D('',#2643,#1261,#1262);
#1080=AXIS2_PLACEMENT_3D('',#2644,#1263,#1264);
#1081=AXIS2_PLACEMENT_3D('',#2645,#1265,#1266);
#1082=AXIS2_PLACEMENT_3D('',#2649,#1268,#1269);
#1083=AXIS2_PLACEMENT_3D('',#2650,#1270,#1271);
#1084=AXIS2_PLACEMENT_3D('',#2654,#1273,#1274);
#1085=AXIS2_PLACEMENT_3D('',#2655,#1275,#1276);
#1086=AXIS2_PLACEMENT_3D('',#2660,#1279,#1280);
#1087=AXIS2_PLACEMENT_3D('',#2666,#1284,#1285);
#1088=AXIS2_PLACEMENT_3D('',#2672,#1289,#1290);
#1089=AXIS2_PLACEMENT_3D('',#2678,#1294,#1295);
#1090=AXIS2_PLACEMENT_3D('',#2680,#1297,#1298);
#1091=AXIS2_PLACEMENT_3D('',#2681,#1299,#1300);
#1092=AXIS2_PLACEMENT_3D('',#2682,#1301,#1302);
#1093=AXIS2_PLACEMENT_3D('',#2683,#1303,#1304);
#1094=AXIS2_PLACEMENT_3D('',#2684,#1305,#1306);
#1095=AXIS2_PLACEMENT_3D('',#2693,#1311,#1312);
#1096=AXIS2_PLACEMENT_3D('',#2696,#1314,#1315);
#1097=AXIS2_PLACEMENT_3D('',#2699,#1317,#1318);
#1098=AXIS2_PLACEMENT_3D('',#2703,#1320,#1321);
#1099=AXIS2_PLACEMENT_3D('',#2704,#1322,#1323);
#1100=AXIS2_PLACEMENT_3D('',#2707,#1325,#1326);
#1101=AXIS2_PLACEMENT_3D('',#2708,#1327,#1328);
#1102=AXIS2_PLACEMENT_3D('',#2711,#1330,#1331);
#1103=AXIS2_PLACEMENT_3D('',#2715,#1334,#1335);
#1104=AXIS2_PLACEMENT_3D('',#2719,#1338,#1339);
#1105=AXIS2_PLACEMENT_3D('',#2720,#1340,#1341);
#1106=AXIS2_PLACEMENT_3D('',#2721,#1342,#1343);
#1107=AXIS2_PLACEMENT_3D('',#2722,#1344,#1345);
#1108=AXIS2_PLACEMENT_3D('',#2723,#1346,#1347);
#1109=AXIS2_PLACEMENT_3D('',#2727,#1349,#1350);
#1110=AXIS2_PLACEMENT_3D('',#2728,#1351,#1352);
#1111=AXIS2_PLACEMENT_3D('',#2732,#1354,#1355);
#1112=AXIS2_PLACEMENT_3D('',#2733,#1356,#1357);
#1113=AXIS2_PLACEMENT_3D('',#2738,#1360,#1361);
#1114=AXIS2_PLACEMENT_3D('',#2744,#1365,#1366);
#1115=AXIS2_PLACEMENT_3D('',#2750,#1370,#1371);
#1116=AXIS2_PLACEMENT_3D('',#2756,#1375,#1376);
#1117=AXIS2_PLACEMENT_3D('',#2758,#1378,#1379);
#1118=AXIS2_PLACEMENT_3D('',#2759,#1380,#1381);
#1119=AXIS2_PLACEMENT_3D('',#2760,#1382,#1383);
#1120=AXIS2_PLACEMENT_3D('',#2761,#1384,#1385);
#1121=AXIS2_PLACEMENT_3D('',#2762,#1386,#1387);
#1122=AXIS2_PLACEMENT_3D('',#2771,#1392,#1393);
#1123=AXIS2_PLACEMENT_3D('',#2772,#1394,#1395);
#1124=AXIS2_PLACEMENT_3D('',#2777,#1398,#1399);
#1125=AXIS2_PLACEMENT_3D('',#2778,#1400,#1401);
#1126=AXIS2_PLACEMENT_3D('',#2782,#1403,#1404);
#1127=AXIS2_PLACEMENT_3D('',#2783,#1405,#1406);
#1128=AXIS2_PLACEMENT_3D('',#2788,#1409,#1410);
#1129=AXIS2_PLACEMENT_3D('',#2789,#1411,#1412);
#1130=AXIS2_PLACEMENT_3D('',#2793,#1415,#1416);
#1131=AXIS2_PLACEMENT_3D('',#2797,#1419,#1420);
#1132=AXIS2_PLACEMENT_3D('',#2798,#1421,#1422);
#1133=AXIS2_PLACEMENT_3D('',#2799,#1423,#1424);
#1134=DIRECTION('',(0.,0.,1.));
#1135=DIRECTION('',(1.,0.,0.));
#1136=DIRECTION('',(0.,0.,1.));
#1137=DIRECTION('',(1.,0.,0.));
#1138=DIRECTION('',(0.,0.,1.));
#1139=DIRECTION('',(1.,-6.12323399573677E-17,0.));
#1140=DIRECTION('',(0.,0.,1.));
#1141=DIRECTION('',(1.,-6.12323399573677E-17,0.));
#1142=DIRECTION('',(0.,0.,1.));
#1143=DIRECTION('',(1.,0.,0.));
#1144=DIRECTION('',(0.,0.,1.));
#1145=DIRECTION('',(1.,0.,0.));
#1146=DIRECTION('',(0.,0.,-1.));
#1147=DIRECTION('',(-1.,0.,0.));
#1148=DIRECTION('',(0.,0.,-1.));
#1149=DIRECTION('',(-1.,0.,0.));
#1150=DIRECTION('',(0.,0.,-1.));
#1151=DIRECTION('',(-1.,0.,0.));
#1152=DIRECTION('',(0.,0.,1.));
#1153=DIRECTION('',(1.,0.,0.));
#1154=DIRECTION('',(0.,0.,-1.));
#1155=DIRECTION('',(-1.,0.,0.));
#1156=DIRECTION('',(0.,0.,-1.));
#1157=DIRECTION('',(-1.,0.,0.));
#1158=DIRECTION('',(0.,0.,-1.));
#1159=DIRECTION('',(-1.,0.,0.));
#1160=DIRECTION('',(0.,0.,-1.));
#1161=DIRECTION('',(-1.,0.,0.));
#1162=DIRECTION('',(0.,0.,1.));
#1163=DIRECTION('',(1.,0.,0.));
#1164=DIRECTION('',(0.,0.,-1.));
#1165=DIRECTION('',(0.5,-0.866025403784439,0.));
#1166=DIRECTION('',(0.5,-0.866025403784439,0.));
#1167=DIRECTION('',(0.,0.,-1.));
#1168=DIRECTION('',(0.866025403784439,0.5,0.));
#1169=DIRECTION('',(-0.866025403784439,-0.5,0.));
#1170=DIRECTION('',(0.,0.,1.));
#1171=DIRECTION('',(0.,0.,-1.));
#1172=DIRECTION('',(-0.866025403784439,-0.5,0.));
#1173=DIRECTION('',(1.63653485417008E-17,-2.83456151577991E-17,-1.));
#1174=DIRECTION('',(-0.866025403784439,-0.5,0.));
#1175=DIRECTION('',(-1.63653485417008E-17,2.83456151577991E-17,1.));
#1176=DIRECTION('',(0.,0.,-1.));
#1177=DIRECTION('',(0.5,-0.866025403784439,0.));
#1178=DIRECTION('',(0.,0.,1.));
#1179=DIRECTION('',(-0.5,0.866025403784439,0.));
#1180=DIRECTION('',(-0.866025403784439,-0.5,0.));
#1181=DIRECTION('',(0.5,-0.866025403784439,0.));
#1182=DIRECTION('',(-0.866025403784439,-0.5,0.));
#1183=DIRECTION('',(-0.5,0.866025403784439,0.));
#1184=DIRECTION('',(-0.866025403784439,-0.5,0.));
#1185=DIRECTION('',(0.,0.,-1.));
#1186=DIRECTION('',(-0.458992546021579,-0.26499947000159,-0.847998304005088));
#1187=DIRECTION('',(-0.842802597236493,-0.486592306388205,-0.230025453928969));
#1188=DIRECTION('',(-0.5,0.866025403784439,0.));
#1189=DIRECTION('',(-0.866025403784439,-0.5,0.));
#1190=DIRECTION('',(-0.458992546021579,-0.26499947000159,-0.847998304005088));
#1191=DIRECTION('',(0.,0.,-1.));
#1192=DIRECTION('',(-0.842802597236493,-0.486592306388205,-0.230025453928969));
#1193=DIRECTION('',(-0.199207886619535,-0.115012726964484,0.97318461277641));
#1194=DIRECTION('',(0.842802597236494,0.486592306388205,0.230025453928969));
#1195=DIRECTION('',(0.5,-0.866025403784439,0.));
#1196=DIRECTION('',(-0.866025403784439,-0.5,0.));
#1197=DIRECTION('',(0.,0.,1.));
#1198=DIRECTION('',(-0.866025403784439,-0.5,0.));
#1199=DIRECTION('',(-1.63653485417008E-17,2.83456151577991E-17,1.));
#1200=DIRECTION('',(0.458992546021579,0.26499947000159,0.847998304005088));
#1201=DIRECTION('',(0.8794395358869,0.,-0.476010611981533));
#1202=DIRECTION('',(0.,0.,1.));
#1203=DIRECTION('',(1.,0.,0.));
#1204=DIRECTION('',(0.,0.,1.));
#1205=DIRECTION('',(1.,0.,0.));
#1206=DIRECTION('',(0.,0.,1.));
#1207=DIRECTION('',(1.,0.,0.));
#1208=DIRECTION('',(0.,0.,1.));
#1209=DIRECTION('',(1.,-6.12323399573677E-17,0.));
#1210=DIRECTION('',(0.,0.,1.));
#1211=DIRECTION('',(1.,-6.12323399573677E-17,0.));
#1212=DIRECTION('',(0.,0.,1.));
#1213=DIRECTION('',(1.,0.,0.));
#1214=DIRECTION('',(0.,0.,1.));
#1215=DIRECTION('',(1.,-6.12323399573677E-17,0.));
#1216=DIRECTION('',(0.,0.,1.));
#1217=DIRECTION('',(1.,-6.12323399573677E-17,0.));
#1218=DIRECTION('',(0.,0.,1.));
#1219=DIRECTION('',(1.,0.,0.));
#1220=DIRECTION('',(0.,0.,1.));
#1221=DIRECTION('',(1.,0.,0.));
#1222=DIRECTION('',(0.,0.,1.));
#1223=DIRECTION('',(1.,0.,0.));
#1224=DIRECTION('',(0.,0.,1.));
#1225=DIRECTION('',(-0.866025403784438,0.5,0.));
#1226=DIRECTION('',(-0.866025403784438,0.5,0.));
#1227=DIRECTION('',(-0.5,-0.866025403784438,0.));
#1228=DIRECTION('',(-0.866025403784438,0.5,0.));
#1229=DIRECTION('',(-0.5,-0.866025403784438,0.));
#1230=DIRECTION('',(-0.585459757650169,0.338015348679019,-0.736873460120262));
#1231=DIRECTION('',(0.638151135838686,-0.368436730060132,-0.676030697358037));
#1232=DIRECTION('',(-0.585459757650169,0.338015348679019,-0.736873460120262));
#1233=DIRECTION('',(-0.638151135838686,0.368436730060132,0.676030697358037));
#1234=DIRECTION('',(0.638151135838686,-0.368436730060132,-0.676030697358037));
#1235=DIRECTION('',(0.638151135838686,-0.368436730060132,-0.676030697358037));
#1236=DIRECTION('',(0.,0.,-1.));
#1237=DIRECTION('',(0.866025403784438,-0.5,0.));
#1238=DIRECTION('',(-0.5,-0.866025403784438,0.));
#1239=DIRECTION('',(0.,0.,-1.));
#1240=DIRECTION('',(0.866025403784438,-0.5,0.));
#1241=DIRECTION('',(-0.866025403784438,0.5,0.));
#1242=DIRECTION('',(0.,0.,-1.));
#1243=DIRECTION('',(0.,0.,-1.));
#1244=DIRECTION('',(-0.866025403784438,0.5,0.));
#1245=DIRECTION('',(0.,0.,-1.));
#1246=DIRECTION('',(-0.866025403784438,0.5,0.));
#1247=DIRECTION('',(0.,0.,1.));
#1248=DIRECTION('',(0.,0.,-1.));
#1249=DIRECTION('',(0.5,0.866025403784438,0.));
#1250=DIRECTION('',(-0.866025403784438,0.5,0.));
#1251=DIRECTION('',(0.287371560663786,-0.16591404790668,0.943339872383692));
#1252=DIRECTION('',(0.164958326444253,-0.0952387341776601,0.981691567677419));
#1253=DIRECTION('',(0.5,0.866025403784438,0.));
#1254=DIRECTION('',(-0.866025403784438,0.5,0.));
#1255=DIRECTION('',(0.164958326444253,-0.0952387341776601,0.981691567677419));
#1256=DIRECTION('',(0.287371560663786,-0.16591404790668,0.943339872383692));
#1257=DIRECTION('',(0.164958326444253,-0.0952387341776601,0.981691567677419));
#1258=DIRECTION('',(0.986174261447985,0.,-0.165711574905075));
#1259=DIRECTION('',(0.22677382243664,-0.130927927428955,0.965106994729928));
#1260=DIRECTION('',(0.835807174806172,-0.482553497364965,-0.261855854857908));
#1261=DIRECTION('',(0.287371560663786,-0.16591404790668,0.943339872383692));
#1262=DIRECTION('',(0.956598114119199,0.,-0.291410446044049));
#1263=DIRECTION('',(0.,0.,1.));
#1264=DIRECTION('',(1.,0.,0.));
#1265=DIRECTION('',(0.,0.,-1.));
#1266=DIRECTION('',(0.5,0.866025403784438,0.));
#1267=DIRECTION('',(0.5,0.866025403784438,0.));
#1268=DIRECTION('',(0.,0.,-1.));
#1269=DIRECTION('',(-0.866025403784439,0.5,0.));
#1270=DIRECTION('',(0.866025403784438,-0.5,0.));
#1271=DIRECTION('',(0.,0.,1.));
#1272=DIRECTION('',(0.,0.,-1.));
#1273=DIRECTION('',(0.866025403784438,-0.5,0.));
#1274=DIRECTION('',(0.,0.,-1.));
#1275=DIRECTION('',(0.866025403784438,-0.5,0.));
#1276=DIRECTION('',(0.,0.,1.));
#1277=DIRECTION('',(0.,0.,-1.));
#1278=DIRECTION('',(0.5,0.866025403784438,0.));
#1279=DIRECTION('',(0.,0.,1.));
#1280=DIRECTION('',(-0.5,-0.866025403784438,0.));
#1281=DIRECTION('',(0.866025403784438,-0.5,0.));
#1282=DIRECTION('',(0.5,0.866025403784438,0.));
#1283=DIRECTION('',(0.866025403784438,-0.5,0.));
#1284=DIRECTION('',(-0.5,-0.866025403784438,0.));
#1285=DIRECTION('',(0.866025403784438,-0.5,0.));
#1286=DIRECTION('',(0.,0.,-1.));
#1287=DIRECTION('',(0.458992546021578,-0.264999470001591,-0.847998304005088));
#1288=DIRECTION('',(0.842802597236493,-0.486592306388206,-0.230025453928969));
#1289=DIRECTION('',(-0.5,-0.866025403784438,0.));
#1290=DIRECTION('',(0.866025403784438,-0.5,0.));
#1291=DIRECTION('',(0.458992546021578,-0.264999470001591,-0.847998304005088));
#1292=DIRECTION('',(0.,0.,-1.));
#1293=DIRECTION('',(0.842802597236493,-0.486592306388206,-0.230025453928969));
#1294=DIRECTION('',(0.199207886619534,-0.115012726964485,0.97318461277641));
#1295=DIRECTION('',(-0.842802597236493,0.486592306388206,0.230025453928969));
#1296=DIRECTION('',(0.5,0.866025403784438,0.));
#1297=DIRECTION('',(0.866025403784438,-0.5,0.));
#1298=DIRECTION('',(0.,0.,1.));
#1299=DIRECTION('',(0.866025403784438,-0.5,0.));
#1300=DIRECTION('',(0.,0.,1.));
#1301=DIRECTION('',(-0.458992546021578,0.264999470001591,0.847998304005088));
#1302=DIRECTION('',(0.879439535886901,0.,0.476010611981533));
#1303=DIRECTION('',(0.,0.,1.));
#1304=DIRECTION('',(1.,0.,0.));
#1305=DIRECTION('',(0.,0.,1.));
#1306=DIRECTION('',(0.866025403784439,0.5,0.));
#1307=DIRECTION('',(0.866025403784439,0.5,0.));
#1308=DIRECTION('',(-0.5,0.866025403784439,0.));
#1309=DIRECTION('',(0.866025403784439,0.5,0.));
#1310=DIRECTION('',(-0.5,0.866025403784439,0.));
#1311=DIRECTION('',(0.585459757650169,0.338015348679018,-0.736873460120262));
#1312=DIRECTION('',(-0.638151135838686,-0.368436730060131,-0.676030697358037));
#1313=DIRECTION('',(-0.638151135838686,-0.368436730060131,-0.676030697358037));
#1314=DIRECTION('',(0.585459757650169,0.338015348679018,-0.736873460120262));
#1315=DIRECTION('',(-0.638151135838686,-0.368436730060131,-0.676030697358037));
#1316=DIRECTION('',(-0.638151135838686,-0.368436730060131,-0.676030697358037));
#1317=DIRECTION('',(0.,0.,-1.));
#1318=DIRECTION('',(-0.866025403784439,-0.5,0.));
#1319=DIRECTION('',(-0.5,0.866025403784439,0.));
#1320=DIRECTION('',(0.,0.,-1.));
#1321=DIRECTION('',(-0.866025403784439,-0.5,0.));
#1322=DIRECTION('',(0.866025403784439,0.5,0.));
#1323=DIRECTION('',(0.,0.,-1.));
#1324=DIRECTION('',(0.,0.,-1.));
#1325=DIRECTION('',(0.866025403784439,0.5,0.));
#1326=DIRECTION('',(0.,0.,-1.));
#1327=DIRECTION('',(0.866025403784439,0.5,0.));
#1328=DIRECTION('',(0.,0.,1.));
#1329=DIRECTION('',(0.,0.,-1.));
#1330=DIRECTION('',(0.5,-0.866025403784439,0.));
#1331=DIRECTION('',(0.866025403784439,0.5,0.));
#1332=DIRECTION('',(-0.287371560663786,-0.165914047906679,0.943339872383692));
#1333=DIRECTION('',(-0.164958326444253,-0.0952387341776599,0.981691567677419));
#1334=DIRECTION('',(0.5,-0.866025403784439,0.));
#1335=DIRECTION('',(0.866025403784439,0.5,0.));
#1336=DIRECTION('',(-0.164958326444253,-0.0952387341776599,0.981691567677419));
#1337=DIRECTION('',(-0.287371560663786,-0.165914047906679,0.943339872383692));
#1338=DIRECTION('',(0.164958326444253,0.0952387341776599,-0.981691567677419));
#1339=DIRECTION('',(-0.986174261447985,0.,-0.165711574905075));
#1340=DIRECTION('',(0.22677382243664,0.130927927428954,-0.965106994729928));
#1341=DIRECTION('',(-0.835807174806173,-0.482553497364964,-0.261855854857909));
#1342=DIRECTION('',(0.287371560663786,0.165914047906679,-0.943339872383692));
#1343=DIRECTION('',(-0.956598114119199,0.,-0.291410446044049));
#1344=DIRECTION('',(0.,0.,1.));
#1345=DIRECTION('',(1.,0.,0.));
#1346=DIRECTION('',(0.,0.,-1.));
#1347=DIRECTION('',(-1.,0.,0.));
#1348=DIRECTION('',(-1.,0.,0.));
#1349=DIRECTION('',(0.,0.,-1.));
#1350=DIRECTION('',(0.,-1.,0.));
#1351=DIRECTION('',(0.,1.,0.));
#1352=DIRECTION('',(0.,0.,1.));
#1353=DIRECTION('',(0.,0.,-1.));
#1354=DIRECTION('',(0.,1.,0.));
#1355=DIRECTION('',(0.,0.,-1.));
#1356=DIRECTION('',(0.,1.,0.));
#1357=DIRECTION('',(0.,0.,1.));
#1358=DIRECTION('',(0.,0.,-1.));
#1359=DIRECTION('',(-1.,0.,0.));
#1360=DIRECTION('',(0.,0.,1.));
#1361=DIRECTION('',(1.,0.,0.));
#1362=DIRECTION('',(0.,1.,0.));
#1363=DIRECTION('',(-1.,0.,0.));
#1364=DIRECTION('',(0.,1.,0.));
#1365=DIRECTION('',(1.,0.,0.));
#1366=DIRECTION('',(0.,1.,0.));
#1367=DIRECTION('',(0.,0.,-1.));
#1368=DIRECTION('',(0.,0.52999894000318,-0.847998304005088));
#1369=DIRECTION('',(0.,0.97318461277641,-0.230025453928969));
#1370=DIRECTION('',(1.,0.,0.));
#1371=DIRECTION('',(0.,1.,0.));
#1372=DIRECTION('',(0.,0.52999894000318,-0.847998304005088));
#1373=DIRECTION('',(0.,0.,-1.));
#1374=DIRECTION('',(0.,0.97318461277641,-0.230025453928969));
#1375=DIRECTION('',(0.,0.230025453928969,0.97318461277641));
#1376=DIRECTION('',(0.,-0.97318461277641,0.230025453928969));
#1377=DIRECTION('',(-1.,0.,0.));
#1378=DIRECTION('',(0.,1.,0.));
#1379=DIRECTION('',(0.,0.,1.));
#1380=DIRECTION('',(0.,1.,0.));
#1381=DIRECTION('',(0.,0.,1.));
#1382=DIRECTION('',(0.,-0.52999894000318,0.847998304005088));
#1383=DIRECTION('',(0.,-0.847998304005088,-0.52999894000318));
#1384=DIRECTION('',(0.,0.,1.));
#1385=DIRECTION('',(1.,0.,0.));
#1386=DIRECTION('',(0.,0.,1.));
#1387=DIRECTION('',(-1.16573417585641E-15,-1.,0.));
#1388=DIRECTION('',(-1.16573417585641E-15,-1.,0.));
#1389=DIRECTION('',(1.,-1.16573417585641E-15,0.));
#1390=DIRECTION('',(-1.16573417585641E-15,-1.,0.));
#1391=DIRECTION('',(1.,-1.16573417585641E-15,0.));
#1392=DIRECTION('',(-7.7715611723761E-16,-0.676030697358037,-0.736873460120262));
#1393=DIRECTION('',(8.32667268468867E-16,0.736873460120262,-0.676030697358037));
#1394=DIRECTION('',(-7.7715611723761E-16,-0.676030697358037,-0.736873460120262));
#1395=DIRECTION('',(-8.33473709198963E-16,-0.736873460120262,0.676030697358037));
#1396=DIRECTION('',(8.32667268468867E-16,0.736873460120262,-0.676030697358037));
#1397=DIRECTION('',(8.32667268468867E-16,0.736873460120262,-0.676030697358037));
#1398=DIRECTION('',(0.,0.,-1.));
#1399=DIRECTION('',(1.16573417585641E-15,1.,0.));
#1400=DIRECTION('',(0.,0.,-1.));
#1401=DIRECTION('',(-1.16573417585641E-15,-1.,0.));
#1402=DIRECTION('',(1.,-1.16573417585641E-15,0.));
#1403=DIRECTION('',(-1.16573417585641E-15,-1.,0.));
#1404=DIRECTION('',(0.,0.,-1.));
#1405=DIRECTION('',(-1.16573417585641E-15,-1.,0.));
#1406=DIRECTION('',(0.,0.,1.));
#1407=DIRECTION('',(0.,0.,-1.));
#1408=DIRECTION('',(0.,0.,-1.));
#1409=DIRECTION('',(-1.16573417585641E-15,-1.,0.));
#1410=DIRECTION('',(0.,0.,-1.));
#1411=DIRECTION('',(-1.,1.16573417585641E-15,0.));
#1412=DIRECTION('',(-1.16573417585641E-15,-1.,0.));
#1413=DIRECTION('',(3.86823351798989E-16,0.331828095813359,0.943339872383692));
#1414=DIRECTION('',(2.22046094592405E-16,0.19047746835532,0.981691567677419));
#1415=DIRECTION('',(-1.,1.16573417585641E-15,0.));
#1416=DIRECTION('',(-1.16573417585641E-15,-1.,0.));
#1417=DIRECTION('',(2.22046094592405E-16,0.19047746835532,0.981691567677419));
#1418=DIRECTION('',(3.86823351798989E-16,0.331828095813359,0.943339872383692));
#1419=DIRECTION('',(2.22046094592405E-16,0.19047746835532,0.981691567677419));
#1420=DIRECTION('',(0.,-0.981691567677419,0.19047746835532));
#1421=DIRECTION('',(3.05254319155962E-16,0.261855854857909,0.965106994729928));
#1422=DIRECTION('',(1.12505820711475E-15,0.965106994729928,-0.261855854857909));
#1423=DIRECTION('',(3.86823351798989E-16,0.331828095813359,0.943339872383692));
#1424=DIRECTION('',(0.,-0.943339872383692,0.331828095813359));
#1425=CARTESIAN_POINT('',(0.,0.,0.));
#1426=CARTESIAN_POINT('',(0.,5.44967825620572E-19,-0.008));
#1427=CARTESIAN_POINT('',(0.,5.44967825620572E-19,-0.008));
#1428=CARTESIAN_POINT('',(0.0089,-5.77778983316171E-34,-0.008));
#1429=CARTESIAN_POINT('',(0.,5.44967825620572E-19,0.));
#1430=CARTESIAN_POINT('',(0.0089,-5.77778983316171E-34,0.));
#1431=CARTESIAN_POINT('',(0.,0.,-0.008));
#1432=CARTESIAN_POINT('',(0.,5.44967825620572E-19,-0.008));
#1433=CARTESIAN_POINT('',(0.0079,5.44967825620572E-19,-0.008));
#1434=CARTESIAN_POINT('',(0.,0.004675,0.));
#1435=CARTESIAN_POINT('',(0.,0.,0.));
#1436=CARTESIAN_POINT('',(-0.00935,0.,0.));
#1437=CARTESIAN_POINT('',(0.,0.,-6.95036127319001E-17));
#1438=CARTESIAN_POINT('',(0.,0.,0.1));
#1439=CARTESIAN_POINT('',(0.,5.44967825620572E-19,-0.008));
#1440=CARTESIAN_POINT('',(0.,5.44967825620572E-19,0.001));
#1441=CARTESIAN_POINT('',(-0.0079,5.44967825620572E-19,0.001));
#1442=CARTESIAN_POINT('',(0.,0.004675,0.001));
#1443=CARTESIAN_POINT('',(0.,0.,0.001));
#1444=CARTESIAN_POINT('',(-0.00834907138089636,0.,0.001));
#1445=CARTESIAN_POINT('',(0.,0.,-6.95036127319001E-17));
#1446=CARTESIAN_POINT('',(0.,0.,0.0944570340600551));
#1447=CARTESIAN_POINT('',(0.,0.,0.));
#1448=CARTESIAN_POINT('',(-0.00824578307972224,-0.00406788475772935,-0.24));
#1449=CARTESIAN_POINT('',(-0.00809422863405997,-0.00398038475772934,-0.24));
#1450=CARTESIAN_POINT('',(-0.00805310572847047,-0.00405161171956521,-0.24));
#1451=CARTESIAN_POINT('',(-0.00753535153964947,-0.0049483882804348,-0.24));
#1452=CARTESIAN_POINT('',(-0.00748458247644572,-0.00432122570754789,-0.24));
#1453=CARTESIAN_POINT('',(-0.00809422863405997,-0.00398038475772934,-0.26));
#1454=CARTESIAN_POINT('',(-0.00809422863405997,-0.00398038475772934,-0.26));
#1455=CARTESIAN_POINT('',(-0.00809422863405997,-0.00398038475772934,-0.240572077735847));
#1456=CARTESIAN_POINT('',(-0.00809422863405997,-0.00398038475772934,-0.28));
#1457=CARTESIAN_POINT('',(-0.00779422863405997,-0.0045,-0.240572077735847));
#1458=CARTESIAN_POINT('',(-0.00779422863405997,-0.0045,-0.240572077735847));
#1459=CARTESIAN_POINT('',(-0.00749422863405997,-0.00501961524227067,-0.240572077735847));
#1460=CARTESIAN_POINT('',(-0.00749422863405997,-0.00501961524227067,-0.26));
#1461=CARTESIAN_POINT('',(-0.00749422863405997,-0.00501961524227067,-0.28));
#1462=CARTESIAN_POINT('',(-0.00809422863405997,-0.00398038475772934,-0.28));
#1463=CARTESIAN_POINT('',(-0.00824578307972224,-0.00406788475772935,-0.28));
#1464=CARTESIAN_POINT('',(-0.00764578307972224,-0.00510711524227067,-0.28));
#1465=CARTESIAN_POINT('',(-0.00779733752538452,-0.00519461524227067,-0.28));
#1466=CARTESIAN_POINT('',(-0.00839733752538452,-0.00415538475772935,-0.28));
#1467=CARTESIAN_POINT('',(-0.00839733752538452,-0.00415538475772935,-0.28));
#1468=CARTESIAN_POINT('',(-0.00824578307972224,-0.00406788475772935,-0.28));
#1469=CARTESIAN_POINT('',(-0.0177720625213511,-0.00956788475772934,-0.2626));
#1470=CARTESIAN_POINT('',(-0.0274498964086421,-0.0151553847577294,-0.2802));
#1471=CARTESIAN_POINT('',(-0.0274498964086421,-0.0151553847577294,-0.276332077735847));
#1472=CARTESIAN_POINT('',(-0.0274498964086421,-0.0151553847577294,-0.2852));
#1473=CARTESIAN_POINT('',(-0.0193865371522184,-0.0105000021204604,-0.261434853296586));
#1474=CARTESIAN_POINT('',(-0.0179236169670134,-0.00965538475772934,-0.2826));
#1475=CARTESIAN_POINT('',(-0.0171720625213511,-0.0106071152422707,-0.2626));
#1476=CARTESIAN_POINT('',(-0.0264092635644614,-0.0159402157510692,-0.275517999364002));
#1477=CARTESIAN_POINT('',(-0.0268498964086421,-0.0161946152422707,-0.276332077735847));
#1478=CARTESIAN_POINT('',(-0.0268498964086421,-0.0161946152422707,-0.2802));
#1479=CARTESIAN_POINT('',(-0.0268498964086421,-0.0161946152422707,-0.2852));
#1480=CARTESIAN_POINT('',(-0.0173236169670134,-0.0106946152422707,-0.2826));
#1481=CARTESIAN_POINT('',(-0.0179236169670134,-0.00965538475772934,-0.2826));
#1482=CARTESIAN_POINT('',(-0.0274498964086421,-0.0151553847577294,-0.2852));
#1483=CARTESIAN_POINT('',(-0.0274498964086421,-0.0151553847577294,-0.2802));
#1484=CARTESIAN_POINT('',(-0.0271498964086422,-0.015675,-0.276332077735847));
#1485=CARTESIAN_POINT('',(-0.0190865371522184,-0.0110196173627311,-0.261434853296586));
#1486=CARTESIAN_POINT('',(0.,0.,0.));
#1487=CARTESIAN_POINT('',(0.00935,5.72522378601388E-19,-0.28));
#1488=CARTESIAN_POINT('',(0.00935000000000001,0.00021289106325622,-0.279746376811595));
#1489=CARTESIAN_POINT('',(0.0093403103485969,0.00042556150189321,-0.279492753623188));
#1490=CARTESIAN_POINT('',(0.0093306206971938,0.000638231940530201,-0.279239130434783));
#1491=CARTESIAN_POINT('',(0.00931126147766982,0.00085024096258772,-0.278985507246377));
#1492=CARTESIAN_POINT('',(0.00929190225814583,0.00106224998464524,-0.278731884057971));
#1493=CARTESIAN_POINT('',(0.00926291359543969,0.00127315816904991,-0.278478260869565));
#1494=CARTESIAN_POINT('',(0.00923392493273356,0.00148406635345457,-0.278224637681159));
#1495=CARTESIAN_POINT('',(0.00919536691027549,0.00169343656078715,-0.277971014492754));
#1496=CARTESIAN_POINT('',(0.00915680888781742,0.00190280676811973,-0.277717391304348));
#1497=CARTESIAN_POINT('',(0.00910876142299703,0.00211020504665332,-0.277463768115942));
#1498=CARTESIAN_POINT('',(0.00906071395817663,0.00231760332518691,-0.277210144927537));
#1499=CARTESIAN_POINT('',(0.00900327663670192,0.00252259981031818,-0.27695652173913));
#1500=CARTESIAN_POINT('',(0.00894583931522721,0.00272759629544945,-0.276702898550725));
#1501=CARTESIAN_POINT('',(0.00887913118471799,0.00292976610065865,-0.276449275362319));
#1502=CARTESIAN_POINT('',(0.00881242305420876,0.00313193590586785,-0.276195652173913));
#1503=CARTESIAN_POINT('',(0.00873658237745228,0.00333086000336105,-0.275942028985508));
#1504=CARTESIAN_POINT('',(0.00866074170069579,0.00352978410085424,-0.275688405797101));
#1505=CARTESIAN_POINT('',(0.00857592566907599,0.00372505019006236,-0.275434782608695));
#1506=CARTESIAN_POINT('',(0.00849110963745618,0.00392031627927047,-0.27518115942029));
#1507=CARTESIAN_POINT('',(0.00839749404515056,0.00411151964140522,-0.274927536231884));
#1508=CARTESIAN_POINT('',(0.00830387845284494,0.00430272300353997,-0.274673913043479));
#1509=CARTESIAN_POINT('',(0.00820165733246426,0.00448946734043531,-0.274420289855072));
#1510=CARTESIAN_POINT('',(0.00809943621208358,0.00467621167733066,-0.274166666666667));
#1511=CARTESIAN_POINT('',(0.00798882143250967,0.00485810993283131,-0.273913043478261));
#1512=CARTESIAN_POINT('',(0.00787820665293576,0.00504000818833195,-0.273659420289855));
#1513=CARTESIAN_POINT('',(0.00775942748019089,0.00521668335052632,-0.27340579710145));
#1514=CARTESIAN_POINT('',(0.00764064830744601,0.00539335851272069,-0.273152173913043));
#1515=CARTESIAN_POINT('',(0.00751395092950405,0.00556444439535569,-0.272898550724638));
#1516=CARTESIAN_POINT('',(0.00738725355156208,0.00573553027799068,-0.272644927536232));
#1517=CARTESIAN_POINT('',(0.00725290056808633,0.0059006722794486,-0.272391304347826));
#1518=CARTESIAN_POINT('',(0.00711854758461057,0.00606581428090651,-0.272137681159421));
#1519=CARTESIAN_POINT('',(0.00697681746267586,0.00622467011917107,-0.271884057971015));
#1520=CARTESIAN_POINT('',(0.00683508734074115,0.00638352595743563,-0.271630434782609));
#1521=CARTESIAN_POINT('',(0.00668627383766831,0.0065357663795237,-0.271376811594203));
#1522=CARTESIAN_POINT('',(0.00653746033459547,0.00668800680161177,-0.271123188405797));
#1523=CARTESIAN_POINT('',(0.00638187188909442,0.00683331626600046,-0.270869565217391));
#1524=CARTESIAN_POINT('',(0.00622628344359336,0.00697862573038916,-0.270615942028986));
#1525=CARTESIAN_POINT('',(0.00606424253647677,0.00711670306102382,-0.27036231884058));
#1526=CARTESIAN_POINT('',(0.00590220162936018,0.00725478039165849,-0.270108695652174));
#1527=CARTESIAN_POINT('',(0.00573404411515275,0.00738533940218608,-0.269855072463768));
#1528=CARTESIAN_POINT('',(0.00556588660094533,0.00751589841271367,-0.269601449275363));
#1529=CARTESIAN_POINT('',(0.00539196101177401,0.00763866849964763,-0.269347826086957));
#1530=CARTESIAN_POINT('',(0.00521803542260269,0.00776143858658161,-0.269094202898551));
#1531=CARTESIAN_POINT('',(0.00503870224581063,0.007876165290169,-0.268840579710145));
#1532=CARTESIAN_POINT('',(0.00485936906901856,0.00799089199375639,-0.268586956521739));
#1533=CARTESIAN_POINT('',(0.004675,0.0080973375253845,-0.268333333333334));
#1534=CARTESIAN_POINT('',(0.00449063093098143,0.00820378305701262,-0.268079710144928));
#1535=CARTESIAN_POINT('',(0.00430160810278627,0.00830172679206221,-0.267826086956522));
#1536=CARTESIAN_POINT('',(0.00411258527459111,0.00839967052711181,-0.267572463768116));
#1537=CARTESIAN_POINT('',(0.00391930046589581,0.00848890946223535,-0.26731884057971));
#1538=CARTESIAN_POINT('',(0.00372601565720051,0.00857814839735889,-0.267065217391305));
#1539=CARTESIAN_POINT('',(0.00352886948028694,0.00865849757123598,-0.266811594202898));
#1540=CARTESIAN_POINT('',(0.00333172330337338,0.00873884674511306,-0.266557971014493));
#1541=CARTESIAN_POINT('',(0.00313112437379872,0.00881013962181097,-0.266304347826087));
#1542=CARTESIAN_POINT('',(0.00293052544422406,0.00888143249850889,-0.266050724637681));
#1543=CARTESIAN_POINT('',(0.00272688953390262,0.00894352131265378,-0.265797101449275));
#1544=CARTESIAN_POINT('',(0.00252325362358117,0.00900561012679867,-0.26554347826087));
#1545=CARTESIAN_POINT('',(0.00231700279903362,0.00905836618984187,-0.265289855072464));
#1546=CARTESIAN_POINT('',(0.00211075197448606,0.00911112225288508,-0.265036231884058));
#1547=CARTESIAN_POINT('',(0.00190231372204213,0.00915443621982972,-0.264782608695652));
#1548=CARTESIAN_POINT('',(0.00169387546959819,0.00919775018677437,-0.264528985507247));
#1549=CARTESIAN_POINT('',(0.00148368180936595,0.00923153228280964,-0.264275362318841));
#1550=CARTESIAN_POINT('',(0.00127348814913371,0.00926531437884492,-0.264021739130435));
#1551=CARTESIAN_POINT('',(0.00106197473957194,0.00928949458541804,-0.263768115942029));
#1552=CARTESIAN_POINT('',(0.000850461330010173,0.00931367479199117,-0.263514492753623));
#1553=CARTESIAN_POINT('',(0.000638066564959674,0.00932820299193154,-0.263260869565217));
#1554=CARTESIAN_POINT('',(0.000425671799909177,0.00934273119187191,-0.263007246376812));
#1555=CARTESIAN_POINT('',(0.000212835899954588,0.00934757727326662,-0.262753623188406));
#1556=CARTESIAN_POINT('',(5.72670766277847E-19,0.00935242335466131,-0.2625));
#1557=CARTESIAN_POINT('',(-0.000212835899954587,0.00934757727326662,-0.262246376811595));
#1558=CARTESIAN_POINT('',(-0.000425671799909176,0.00934273119187191,-0.261992753623188));
#1559=CARTESIAN_POINT('',(-0.000638066564959673,0.00932820299193154,-0.261739130434782));
#1560=CARTESIAN_POINT('',(-0.00085046133001017,0.00931367479199117,-0.261485507246377));
#1561=CARTESIAN_POINT('',(-0.00106197473957194,0.00928949458541804,-0.261231884057971));
#1562=CARTESIAN_POINT('',(-0.00127348814913371,0.00926531437884492,-0.260978260869565));
#1563=CARTESIAN_POINT('',(-0.00148368180936595,0.00923153228280964,-0.260724637681159));
#1564=CARTESIAN_POINT('',(-0.00169387546959819,0.00919775018677437,-0.260471014492754));
#1565=CARTESIAN_POINT('',(-0.00190231372204212,0.00915443621982972,-0.260217391304348));
#1566=CARTESIAN_POINT('',(-0.00211075197448606,0.00911112225288508,-0.259963768115942));
#1567=CARTESIAN_POINT('',(-0.00231700279903362,0.00905836618984187,-0.259710144927536));
#1568=CARTESIAN_POINT('',(-0.00252325362358117,0.00900561012679868,-0.25945652173913));
#1569=CARTESIAN_POINT('',(-0.00272688953390262,0.00894352131265378,-0.259202898550725));
#1570=CARTESIAN_POINT('',(-0.00293052544422406,0.00888143249850889,-0.258949275362319));
#1571=CARTESIAN_POINT('',(-0.00313112437379872,0.00881013962181097,-0.258695652173913));
#1572=CARTESIAN_POINT('',(-0.00333172330337338,0.00873884674511307,-0.258442028985507));
#1573=CARTESIAN_POINT('',(-0.00352886948028694,0.00865849757123598,-0.258188405797102));
#1574=CARTESIAN_POINT('',(-0.00372601565720051,0.0085781483973589,-0.257934782608696));
#1575=CARTESIAN_POINT('',(-0.0039193004658958,0.00848890946223535,-0.25768115942029));
#1576=CARTESIAN_POINT('',(-0.00411258527459111,0.00839967052711181,-0.257427536231884));
#1577=CARTESIAN_POINT('',(-0.00430160810278627,0.00830172679206221,-0.257173913043478));
#1578=CARTESIAN_POINT('',(-0.00449063093098143,0.00820378305701262,-0.256920289855072));
#1579=CARTESIAN_POINT('',(-0.004675,0.0080973375253845,-0.256666666666666));
#1580=CARTESIAN_POINT('',(-0.00485936906901856,0.00799089199375639,-0.256413043478261));
#1581=CARTESIAN_POINT('',(-0.00503870224581063,0.007876165290169,-0.256159420289855));
#1582=CARTESIAN_POINT('',(-0.00521803542260269,0.00776143858658161,-0.255905797101449));
#1583=CARTESIAN_POINT('',(-0.00539196101177401,0.00763866849964764,-0.255652173913043));
#1584=CARTESIAN_POINT('',(-0.00556588660094532,0.00751589841271367,-0.255398550724638));
#1585=CARTESIAN_POINT('',(-0.00573404411515275,0.00738533940218608,-0.255144927536232));
#1586=CARTESIAN_POINT('',(-0.00590220162936018,0.00725478039165849,-0.254891304347826));
#1587=CARTESIAN_POINT('',(-0.00606424253647677,0.00711670306102382,-0.25463768115942));
#1588=CARTESIAN_POINT('',(-0.00622628344359336,0.00697862573038916,-0.254384057971014));
#1589=CARTESIAN_POINT('',(-0.00638187188909441,0.00683331626600046,-0.254130434782608));
#1590=CARTESIAN_POINT('',(-0.00653746033459547,0.00668800680161177,-0.253876811594203));
#1591=CARTESIAN_POINT('',(-0.00668627383766831,0.0065357663795237,-0.253623188405797));
#1592=CARTESIAN_POINT('',(-0.00683508734074115,0.00638352595743563,-0.253369565217392));
#1593=CARTESIAN_POINT('',(-0.00697681746267586,0.00622467011917107,-0.253115942028985));
#1594=CARTESIAN_POINT('',(-0.00711854758461057,0.00606581428090651,-0.25286231884058));
#1595=CARTESIAN_POINT('',(-0.00725290056808633,0.0059006722794486,-0.252608695652174));
#1596=CARTESIAN_POINT('',(-0.00738725355156208,0.00573553027799068,-0.252355072463768));
#1597=CARTESIAN_POINT('',(-0.00751395092950405,0.00556444439535569,-0.252101449275362));
#1598=CARTESIAN_POINT('',(-0.00764064830744601,0.00539335851272069,-0.251847826086956));
#1599=CARTESIAN_POINT('',(-0.00775942748019089,0.00521668335052632,-0.251594202898551));
#1600=CARTESIAN_POINT('',(-0.00787820665293576,0.00504000818833195,-0.251340579710145));
#1601=CARTESIAN_POINT('',(-0.00798882143250967,0.00485810993283131,-0.251086956521739));
#1602=CARTESIAN_POINT('',(-0.00809943621208358,0.00467621167733066,-0.250833333333334));
#1603=CARTESIAN_POINT('',(-0.00820165733246426,0.00448946734043531,-0.250579710144928));
#1604=CARTESIAN_POINT('',(-0.00830387845284494,0.00430272300353997,-0.250326086956522));
#1605=CARTESIAN_POINT('',(-0.00839749404515056,0.00411151964140523,-0.250072463768116));
#1606=CARTESIAN_POINT('',(-0.00849110963745618,0.00392031627927048,-0.24981884057971));
#1607=CARTESIAN_POINT('',(-0.00857592566907598,0.00372505019006236,-0.249565217391304));
#1608=CARTESIAN_POINT('',(-0.00866074170069579,0.00352978410085424,-0.249311594202898));
#1609=CARTESIAN_POINT('',(-0.00873658237745227,0.00333086000336105,-0.249057971014493));
#1610=CARTESIAN_POINT('',(-0.00881242305420876,0.00313193590586786,-0.248804347826087));
#1611=CARTESIAN_POINT('',(-0.00887913118471799,0.00292976610065865,-0.248550724637681));
#1612=CARTESIAN_POINT('',(-0.00894583931522721,0.00272759629544945,-0.248297101449276));
#1613=CARTESIAN_POINT('',(-0.00900327663670192,0.00252259981031818,-0.24804347826087));
#1614=CARTESIAN_POINT('',(-0.00906071395817663,0.00231760332518691,-0.247789855072464));
#1615=CARTESIAN_POINT('',(-0.00910876142299703,0.00211020504665332,-0.247536231884058));
#1616=CARTESIAN_POINT('',(-0.00915680888781742,0.00190280676811973,-0.247282608695652));
#1617=CARTESIAN_POINT('',(-0.00919536691027549,0.00169343656078715,-0.247028985507247));
#1618=CARTESIAN_POINT('',(-0.00923392493273356,0.00148406635345457,-0.246775362318841));
#1619=CARTESIAN_POINT('',(-0.00926291359543969,0.00127315816904991,-0.246521739130435));
#1620=CARTESIAN_POINT('',(-0.00929190225814583,0.00106224998464524,-0.246268115942029));
#1621=CARTESIAN_POINT('',(-0.00931126147766982,0.000850240962587722,-0.246014492753623));
#1622=CARTESIAN_POINT('',(-0.0093306206971938,0.000638231940530204,-0.245760869565218));
#1623=CARTESIAN_POINT('',(-0.0093403103485969,0.00042556150189321,-0.245507246376812));
#1624=CARTESIAN_POINT('',(-0.00935000000000001,0.00021289106325622,-0.245253623188406));
#1625=CARTESIAN_POINT('',(-0.00935,1.71756713580416E-18,-0.245));
#1626=CARTESIAN_POINT('',(-0.00935000000000001,-0.000212891063256217,-0.244746376811594));
#1627=CARTESIAN_POINT('',(-0.0093403103485969,-0.000425561501893206,-0.244492753623189));
#1628=CARTESIAN_POINT('',(-0.0093306206971938,-0.000638231940530197,-0.244239130434783));
#1629=CARTESIAN_POINT('',(-0.00931126147766982,-0.000850240962587719,-0.243985507246377));
#1630=CARTESIAN_POINT('',(-0.00929190225814583,-0.00106224998464524,-0.243731884057971));
#1631=CARTESIAN_POINT('',(-0.00926291359543969,-0.0012731581690499,-0.243478260869566));
#1632=CARTESIAN_POINT('',(-0.00923392493273356,-0.00148406635345457,-0.24322463768116));
#1633=CARTESIAN_POINT('',(-0.00919536691027549,-0.00169343656078715,-0.242971014492754));
#1634=CARTESIAN_POINT('',(-0.00915680888781742,-0.00190280676811973,-0.242717391304348));
#1635=CARTESIAN_POINT('',(-0.00910876142299703,-0.00211020504665332,-0.242463768115942));
#1636=CARTESIAN_POINT('',(-0.00906071395817663,-0.00231760332518691,-0.242210144927536));
#1637=CARTESIAN_POINT('',(-0.00900327663670193,-0.00252259981031818,-0.241956521739131));
#1638=CARTESIAN_POINT('',(-0.00894583931522721,-0.00272759629544944,-0.241702898550725));
#1639=CARTESIAN_POINT('',(-0.00887913118471799,-0.00292976610065864,-0.241449275362319));
#1640=CARTESIAN_POINT('',(-0.00881242305420876,-0.00313193590586785,-0.241195652173913));
#1641=CARTESIAN_POINT('',(-0.00873658237745228,-0.00333086000336105,-0.240942028985508));
#1642=CARTESIAN_POINT('',(-0.00866074170069579,-0.00352978410085424,-0.240688405797102));
#1643=CARTESIAN_POINT('',(-0.00857592566907599,-0.00372505019006235,-0.240434782608696));
#1644=CARTESIAN_POINT('',(-0.00849110963745618,-0.00392031627927047,-0.24018115942029));
#1645=CARTESIAN_POINT('',(-0.00839749404515056,-0.00411151964140522,-0.239927536231884));
#1646=CARTESIAN_POINT('',(-0.00830387845284494,-0.00430272300353996,-0.239673913043478));
#1647=CARTESIAN_POINT('',(-0.00820165733246426,-0.00448946734043531,-0.239420289855073));
#1648=CARTESIAN_POINT('',(-0.00809943621208358,-0.00467621167733066,-0.239166666666667));
#1649=CARTESIAN_POINT('',(-0.00798882143250967,-0.0048581099328313,-0.238913043478261));
#1650=CARTESIAN_POINT('',(-0.00787820665293576,-0.00504000818833195,-0.238659420289855));
#1651=CARTESIAN_POINT('',(-0.00775942748019089,-0.00521668335052632,-0.238405797101449));
#1652=CARTESIAN_POINT('',(-0.00764064830744601,-0.00539335851272069,-0.238152173913044));
#1653=CARTESIAN_POINT('',(-0.00751395092950405,-0.00556444439535568,-0.237898550724637));
#1654=CARTESIAN_POINT('',(-0.00738725355156209,-0.00573553027799067,-0.237644927536232));
#1655=CARTESIAN_POINT('',(-0.00725290056808633,-0.00590067227944859,-0.237391304347826));
#1656=CARTESIAN_POINT('',(-0.00711854758461057,-0.00606581428090651,-0.23713768115942));
#1657=CARTESIAN_POINT('',(-0.00697681746267586,-0.00622467011917107,-0.236884057971015));
#1658=CARTESIAN_POINT('',(-0.00683508734074115,-0.00638352595743562,-0.236630434782609));
#1659=CARTESIAN_POINT('',(-0.00668627383766831,-0.0065357663795237,-0.236376811594203));
#1660=CARTESIAN_POINT('',(-0.00653746033459547,-0.00668800680161177,-0.236123188405797));
#1661=CARTESIAN_POINT('',(-0.00638187188909442,-0.00683331626600046,-0.235869565217391));
#1662=CARTESIAN_POINT('',(-0.00622628344359336,-0.00697862573038916,-0.235615942028986));
#1663=CARTESIAN_POINT('',(-0.00606424253647677,-0.00711670306102382,-0.23536231884058));
#1664=CARTESIAN_POINT('',(-0.00590220162936018,-0.00725478039165848,-0.235108695652174));
#1665=CARTESIAN_POINT('',(-0.00573404411515275,-0.00738533940218607,-0.234855072463768));
#1666=CARTESIAN_POINT('',(-0.00556588660094533,-0.00751589841271365,-0.234601449275362));
#1667=CARTESIAN_POINT('',(-0.00539196101177401,-0.00763866849964763,-0.234347826086957));
#1668=CARTESIAN_POINT('',(-0.0052180354226027,-0.0077614385865816,-0.234094202898551));
#1669=CARTESIAN_POINT('',(-0.00503870224581063,-0.007876165290169,-0.233840579710145));
#1670=CARTESIAN_POINT('',(-0.00485936906901856,-0.00799089199375639,-0.233586956521739));
#1671=CARTESIAN_POINT('',(-0.004675,-0.0080973375253845,-0.233333333333334));
#1672=CARTESIAN_POINT('',(-0.00449063093098144,-0.00820378305701262,-0.233079710144928));
#1673=CARTESIAN_POINT('',(-0.00430160810278628,-0.00830172679206221,-0.232826086956522));
#1674=CARTESIAN_POINT('',(-0.00411258527459112,-0.00839967052711181,-0.232572463768116));
#1675=CARTESIAN_POINT('',(-0.00391930046589581,-0.00848890946223535,-0.23231884057971));
#1676=CARTESIAN_POINT('',(-0.00372601565720051,-0.00857814839735889,-0.232065217391304));
#1677=CARTESIAN_POINT('',(-0.00352886948028694,-0.00865849757123598,-0.231811594202899));
#1678=CARTESIAN_POINT('',(-0.00333172330337339,-0.00873884674511306,-0.231557971014493));
#1679=CARTESIAN_POINT('',(-0.00313112437379872,-0.00881013962181097,-0.231304347826087));
#1680=CARTESIAN_POINT('',(-0.00293052544422406,-0.00888143249850889,-0.231050724637681));
#1681=CARTESIAN_POINT('',(-0.00272688953390262,-0.00894352131265378,-0.230797101449276));
#1682=CARTESIAN_POINT('',(-0.00252325362358117,-0.00900561012679867,-0.23054347826087));
#1683=CARTESIAN_POINT('',(-0.00231700279903362,-0.00905836618984187,-0.230289855072464));
#1684=CARTESIAN_POINT('',(-0.00211075197448606,-0.00911112225288508,-0.230036231884058));
#1685=CARTESIAN_POINT('',(-0.00190231372204212,-0.00915443621982972,-0.229782608695652));
#1686=CARTESIAN_POINT('',(-0.00169387546959819,-0.00919775018677437,-0.229528985507247));
#1687=CARTESIAN_POINT('',(-0.00148368180936595,-0.00923153228280964,-0.229275362318841));
#1688=CARTESIAN_POINT('',(-0.00127348814913371,-0.00926531437884492,-0.229021739130435));
#1689=CARTESIAN_POINT('',(-0.00106197473957194,-0.00928949458541804,-0.228768115942029));
#1690=CARTESIAN_POINT('',(-0.00085046133001017,-0.00931367479199117,-0.228514492753623));
#1691=CARTESIAN_POINT('',(-0.000638066564959677,-0.00932820299193154,-0.228260869565218));
#1692=CARTESIAN_POINT('',(-0.000425671799909177,-0.00934273119187191,-0.228007246376811));
#1693=CARTESIAN_POINT('',(-0.000212835899954593,-0.00934757727326662,-0.227753623188406));
#1694=CARTESIAN_POINT('',(-1.71801229883354E-18,-0.00935242335466131,-0.2275));
#1695=CARTESIAN_POINT('',(0.00021283589995459,-0.00934757727326662,-0.227246376811595));
#1696=CARTESIAN_POINT('',(0.000425671799909173,-0.00934273119187191,-0.226992753623189));
#1697=CARTESIAN_POINT('',(0.000638066564959674,-0.00932820299193154,-0.226739130434782));
#1698=CARTESIAN_POINT('',(0.000850461330010166,-0.00931367479199117,-0.226485507246377));
#1699=CARTESIAN_POINT('',(0.00106197473957194,-0.00928949458541804,-0.226231884057971));
#1700=CARTESIAN_POINT('',(0.0012734881491337,-0.00926531437884493,-0.225978260869565));
#1701=CARTESIAN_POINT('',(0.00148368180936595,-0.00923153228280964,-0.225724637681159));
#1702=CARTESIAN_POINT('',(0.00169387546959819,-0.00919775018677437,-0.225471014492753));
#1703=CARTESIAN_POINT('',(0.00190231372204212,-0.00915443621982972,-0.225217391304348));
#1704=CARTESIAN_POINT('',(0.00211075197448606,-0.00911112225288508,-0.224963768115942));
#1705=CARTESIAN_POINT('',(0.00231700279903361,-0.00905836618984188,-0.224710144927536));
#1706=CARTESIAN_POINT('',(0.00252325362358117,-0.00900561012679868,-0.224456521739131));
#1707=CARTESIAN_POINT('',(0.00272688953390262,-0.00894352131265378,-0.224202898550725));
#1708=CARTESIAN_POINT('',(0.00293052544422406,-0.00888143249850889,-0.223949275362319));
#1709=CARTESIAN_POINT('',(0.00313112437379872,-0.00881013962181097,-0.223695652173913));
#1710=CARTESIAN_POINT('',(0.00333172330337338,-0.00873884674511307,-0.223442028985507));
#1711=CARTESIAN_POINT('',(0.00352886948028694,-0.00865849757123598,-0.223188405797102));
#1712=CARTESIAN_POINT('',(0.00372601565720051,-0.00857814839735889,-0.222934782608695));
#1713=CARTESIAN_POINT('',(0.0039193004658958,-0.00848890946223535,-0.22268115942029));
#1714=CARTESIAN_POINT('',(0.00411258527459111,-0.00839967052711181,-0.222427536231884));
#1715=CARTESIAN_POINT('',(0.00430160810278627,-0.00830172679206221,-0.222173913043478));
#1716=CARTESIAN_POINT('',(0.00449063093098143,-0.00820378305701262,-0.221920289855073));
#1717=CARTESIAN_POINT('',(0.004675,-0.0080973375253845,-0.221666666666667));
#1718=CARTESIAN_POINT('',(0.00485936906901856,-0.00799089199375639,-0.221413043478261));
#1719=CARTESIAN_POINT('',(0.00503870224581063,-0.007876165290169,-0.221159420289855));
#1720=CARTESIAN_POINT('',(0.00521803542260269,-0.00776143858658161,-0.220905797101449));
#1721=CARTESIAN_POINT('',(0.00539196101177401,-0.00763866849964763,-0.220652173913044));
#1722=CARTESIAN_POINT('',(0.00556588660094533,-0.00751589841271367,-0.220398550724638));
#1723=CARTESIAN_POINT('',(0.00573404411515275,-0.00738533940218608,-0.220144927536232));
#1724=CARTESIAN_POINT('',(0.00590220162936018,-0.00725478039165849,-0.219891304347826));
#1725=CARTESIAN_POINT('',(0.00606424253647677,-0.00711670306102382,-0.219637681159421));
#1726=CARTESIAN_POINT('',(0.00622628344359336,-0.00697862573038916,-0.219384057971015));
#1727=CARTESIAN_POINT('',(0.00638187188909441,-0.00683331626600047,-0.219130434782609));
#1728=CARTESIAN_POINT('',(0.00653746033459547,-0.00668800680161177,-0.218876811594203));
#1729=CARTESIAN_POINT('',(0.00668627383766831,-0.0065357663795237,-0.218623188405797));
#1730=CARTESIAN_POINT('',(0.00683508734074115,-0.00638352595743563,-0.218369565217391));
#1731=CARTESIAN_POINT('',(0.00697681746267586,-0.00622467011917107,-0.218115942028986));
#1732=CARTESIAN_POINT('',(0.00711854758461057,-0.00606581428090651,-0.21786231884058));
#1733=CARTESIAN_POINT('',(0.00725290056808632,-0.0059006722794486,-0.217608695652174));
#1734=CARTESIAN_POINT('',(0.00738725355156208,-0.00573553027799068,-0.217355072463768));
#1735=CARTESIAN_POINT('',(0.00751395092950404,-0.00556444439535569,-0.217101449275363));
#1736=CARTESIAN_POINT('',(0.00764064830744601,-0.00539335851272069,-0.216847826086957));
#1737=CARTESIAN_POINT('',(0.00775942748019088,-0.00521668335052633,-0.216594202898551));
#1738=CARTESIAN_POINT('',(0.00787820665293576,-0.00504000818833195,-0.216340579710145));
#1739=CARTESIAN_POINT('',(0.00798882143250967,-0.0048581099328313,-0.216086956521739));
#1740=CARTESIAN_POINT('',(0.00809943621208358,-0.00467621167733066,-0.215833333333333));
#1741=CARTESIAN_POINT('',(0.00820165733246426,-0.00448946734043531,-0.215579710144927));
#1742=CARTESIAN_POINT('',(0.00830387845284494,-0.00430272300353997,-0.215326086956522));
#1743=CARTESIAN_POINT('',(0.00839749404515056,-0.00411151964140523,-0.215072463768116));
#1744=CARTESIAN_POINT('',(0.00849110963745618,-0.00392031627927047,-0.21481884057971));
#1745=CARTESIAN_POINT('',(0.00857592566907598,-0.00372505019006236,-0.214565217391304));
#1746=CARTESIAN_POINT('',(0.00866074170069579,-0.00352978410085424,-0.214311594202899));
#1747=CARTESIAN_POINT('',(0.00873658237745227,-0.00333086000336106,-0.214057971014493));
#1748=CARTESIAN_POINT('',(0.00881242305420876,-0.00313193590586786,-0.213804347826087));
#1749=CARTESIAN_POINT('',(0.00887913118471799,-0.00292976610065865,-0.213550724637681));
#1750=CARTESIAN_POINT('',(0.00894583931522721,-0.00272759629544945,-0.213297101449275));
#1751=CARTESIAN_POINT('',(0.00900327663670192,-0.00252259981031818,-0.21304347826087));
#1752=CARTESIAN_POINT('',(0.00906071395817663,-0.00231760332518692,-0.212789855072464));
#1753=CARTESIAN_POINT('',(0.00910876142299703,-0.00211020504665332,-0.212536231884058));
#1754=CARTESIAN_POINT('',(0.00915680888781742,-0.00190280676811973,-0.212282608695652));
#1755=CARTESIAN_POINT('',(0.00919536691027549,-0.00169343656078715,-0.212028985507246));
#1756=CARTESIAN_POINT('',(0.00923392493273356,-0.00148406635345457,-0.211775362318841));
#1757=CARTESIAN_POINT('',(0.00926291359543969,-0.00127315816904991,-0.211521739130435));
#1758=CARTESIAN_POINT('',(0.00929190225814583,-0.00106224998464524,-0.211268115942029));
#1759=CARTESIAN_POINT('',(0.00931126147766982,-0.000850240962587718,-0.211014492753623));
#1760=CARTESIAN_POINT('',(0.0093306206971938,-0.000638231940530204,-0.210760869565217));
#1761=CARTESIAN_POINT('',(0.0093403103485969,-0.00042556150189321,-0.210507246376812));
#1762=CARTESIAN_POINT('',(0.00935000000000001,-0.000212891063256225,-0.210253623188406));
#1763=CARTESIAN_POINT('',(0.00935,-1.71756713580416E-18,-0.21));
#1764=CARTESIAN_POINT('',(0.00935000000000001,0.000212891063256213,-0.209746376811594));
#1765=CARTESIAN_POINT('',(0.0093403103485969,0.000425561501893206,-0.209492753623189));
#1766=CARTESIAN_POINT('',(0.0093306206971938,0.000638231940530201,-0.209239130434783));
#1767=CARTESIAN_POINT('',(0.00931126147766982,0.000850240962587714,-0.208985507246377));
#1768=CARTESIAN_POINT('',(0.00929190225814583,0.00106224998464524,-0.208731884057971));
#1769=CARTESIAN_POINT('',(0.00926291359543969,0.0012731581690499,-0.208478260869565));
#1770=CARTESIAN_POINT('',(0.00923392493273356,0.00148406635345457,-0.208224637681159));
#1771=CARTESIAN_POINT('',(0.00919536691027549,0.00169343656078715,-0.207971014492753));
#1772=CARTESIAN_POINT('',(0.00915680888781742,0.00190280676811972,-0.207717391304348));
#1773=CARTESIAN_POINT('',(0.00910876142299703,0.00211020504665332,-0.207463768115942));
#1774=CARTESIAN_POINT('',(0.00906071395817664,0.00231760332518691,-0.207210144927537));
#1775=CARTESIAN_POINT('',(0.00900327663670193,0.00252259981031818,-0.206956521739131));
#1776=CARTESIAN_POINT('',(0.00894583931522721,0.00272759629544945,-0.206702898550725));
#1777=CARTESIAN_POINT('',(0.00887913118471799,0.00292976610065864,-0.206449275362319));
#1778=CARTESIAN_POINT('',(0.00881242305420876,0.00313193590586785,-0.206195652173913));
#1779=CARTESIAN_POINT('',(0.00873658237745228,0.00333086000336104,-0.205942028985507));
#1780=CARTESIAN_POINT('',(0.00866074170069579,0.00352978410085424,-0.205688405797101));
#1781=CARTESIAN_POINT('',(0.00857592566907599,0.00372505019006236,-0.205434782608695));
#1782=CARTESIAN_POINT('',(0.00849110963745618,0.00392031627927047,-0.20518115942029));
#1783=CARTESIAN_POINT('',(0.00839749404515056,0.00411151964140522,-0.204927536231884));
#1784=CARTESIAN_POINT('',(0.00830387845284494,0.00430272300353996,-0.204673913043478));
#1785=CARTESIAN_POINT('',(0.00820165733246426,0.00448946734043531,-0.204420289855072));
#1786=CARTESIAN_POINT('',(0.00809943621208358,0.00467621167733066,-0.204166666666667));
#1787=CARTESIAN_POINT('',(0.00798882143250967,0.0048581099328313,-0.203913043478261));
#1788=CARTESIAN_POINT('',(0.00787820665293576,0.00504000818833195,-0.203659420289855));
#1789=CARTESIAN_POINT('',(0.00775942748019089,0.00521668335052632,-0.20340579710145));
#1790=CARTESIAN_POINT('',(0.00764064830744602,0.00539335851272069,-0.203152173913044));
#1791=CARTESIAN_POINT('',(0.00751395092950405,0.00556444439535568,-0.202898550724637));
#1792=CARTESIAN_POINT('',(0.00738725355156209,0.00573553027799068,-0.202644927536232));
#1793=CARTESIAN_POINT('',(0.00725290056808633,0.0059006722794486,-0.202391304347826));
#1794=CARTESIAN_POINT('',(0.00711854758461057,0.00606581428090651,-0.20213768115942));
#1795=CARTESIAN_POINT('',(0.00697681746267586,0.00622467011917107,-0.201884057971014));
#1796=CARTESIAN_POINT('',(0.00683508734074116,0.00638352595743562,-0.201630434782609));
#1797=CARTESIAN_POINT('',(0.00668627383766831,0.0065357663795237,-0.201376811594203));
#1798=CARTESIAN_POINT('',(0.00653746033459547,0.00668800680161177,-0.201123188405797));
#1799=CARTESIAN_POINT('',(0.00638187188909442,0.00683331626600046,-0.200869565217391));
#1800=CARTESIAN_POINT('',(0.00622628344359336,0.00697862573038916,-0.200615942028986));
#1801=CARTESIAN_POINT('',(0.00606424253647677,0.00711670306102382,-0.20036231884058));
#1802=CARTESIAN_POINT('',(0.00590220162936018,0.00725478039165849,-0.200108695652174));
#1803=CARTESIAN_POINT('',(0.00573404411515275,0.00738533940218608,-0.199855072463768));
#1804=CARTESIAN_POINT('',(0.00556588660094533,0.00751589841271365,-0.199601449275362));
#1805=CARTESIAN_POINT('',(0.00539196101177401,0.00763866849964763,-0.199347826086957));
#1806=CARTESIAN_POINT('',(0.0052180354226027,0.0077614385865816,-0.199094202898551));
#1807=CARTESIAN_POINT('',(0.00503870224581063,0.007876165290169,-0.198840579710145));
#1808=CARTESIAN_POINT('',(0.00485936906901857,0.00799089199375639,-0.198586956521739));
#1809=CARTESIAN_POINT('',(0.004675,0.0080973375253845,-0.198333333333334));
#1810=CARTESIAN_POINT('',(0.00449063093098144,0.00820378305701262,-0.198079710144928));
#1811=CARTESIAN_POINT('',(0.00430160810278628,0.00830172679206221,-0.197826086956522));
#1812=CARTESIAN_POINT('',(0.00411258527459112,0.00839967052711181,-0.197572463768116));
#1813=CARTESIAN_POINT('',(0.00391930046589581,0.00848890946223535,-0.19731884057971));
#1814=CARTESIAN_POINT('',(0.00372601565720052,0.00857814839735889,-0.197065217391304));
#1815=CARTESIAN_POINT('',(0.00352886948028694,0.00865849757123598,-0.196811594202898));
#1816=CARTESIAN_POINT('',(0.00333172330337339,0.00873884674511306,-0.196557971014493));
#1817=CARTESIAN_POINT('',(0.00313112437379872,0.00881013962181097,-0.196304347826087));
#1818=CARTESIAN_POINT('',(0.00293052544422406,0.00888143249850889,-0.196050724637681));
#1819=CARTESIAN_POINT('',(0.00272688953390262,0.00894352131265378,-0.195797101449276));
#1820=CARTESIAN_POINT('',(0.00252325362358117,0.00900561012679867,-0.19554347826087));
#1821=CARTESIAN_POINT('',(0.00231700279903362,0.00905836618984187,-0.195289855072464));
#1822=CARTESIAN_POINT('',(0.00211075197448607,0.00911112225288508,-0.195036231884058));
#1823=CARTESIAN_POINT('',(0.00190231372204212,0.00915443621982972,-0.194782608695652));
#1824=CARTESIAN_POINT('',(0.00169387546959819,0.00919775018677437,-0.194528985507246));
#1825=CARTESIAN_POINT('',(0.00148368180936595,0.00923153228280964,-0.194275362318841));
#1826=CARTESIAN_POINT('',(0.00127348814913371,0.00926531437884492,-0.194021739130435));
#1827=CARTESIAN_POINT('',(0.00106197473957194,0.00928949458541804,-0.193768115942029));
#1828=CARTESIAN_POINT('',(0.000850461330010179,0.00931367479199117,-0.193514492753623));
#1829=CARTESIAN_POINT('',(0.000638066564959678,0.00932820299193154,-0.193260869565217));
#1830=CARTESIAN_POINT('',(0.000425671799909178,0.00934273119187191,-0.193007246376812));
#1831=CARTESIAN_POINT('',(0.000212835899954595,0.00934757727326662,-0.192753623188406));
#1832=CARTESIAN_POINT('',(2.86335383138923E-18,0.00935242335466131,-0.1925));
#1833=CARTESIAN_POINT('',(-0.000212835899954581,0.00934757727326662,-0.192246376811594));
#1834=CARTESIAN_POINT('',(-0.000425671799909172,0.00934273119187191,-0.191992753623188));
#1835=CARTESIAN_POINT('',(-0.000638066564959673,0.00932820299193154,-0.191739130434783));
#1836=CARTESIAN_POINT('',(-0.000850461330010165,0.00931367479199117,-0.191485507246377));
#1837=CARTESIAN_POINT('',(-0.00106197473957194,0.00928949458541804,-0.191231884057971));
#1838=CARTESIAN_POINT('',(-0.0012734881491337,0.00926531437884493,-0.190978260869565));
#1839=CARTESIAN_POINT('',(-0.00148368180936594,0.00923153228280964,-0.190724637681159));
#1840=CARTESIAN_POINT('',(-0.00169387546959818,0.00919775018677437,-0.190471014492754));
#1841=CARTESIAN_POINT('',(-0.00190231372204212,0.00915443621982972,-0.190217391304348));
#1842=CARTESIAN_POINT('',(-0.00211075197448606,0.00911112225288508,-0.189963768115942));
#1843=CARTESIAN_POINT('',(-0.00231700279903362,0.00905836618984187,-0.189710144927536));
#1844=CARTESIAN_POINT('',(-0.00252325362358116,0.00900561012679868,-0.18945652173913));
#1845=CARTESIAN_POINT('',(-0.0027268895339026,0.00894352131265378,-0.189202898550725));
#1846=CARTESIAN_POINT('',(-0.00293052544422406,0.00888143249850889,-0.188949275362319));
#1847=CARTESIAN_POINT('',(-0.00313112437379872,0.00881013962181097,-0.188695652173913));
#1848=CARTESIAN_POINT('',(-0.00333172330337338,0.00873884674511306,-0.188442028985507));
#1849=CARTESIAN_POINT('',(-0.00352886948028693,0.00865849757123598,-0.188188405797101));
#1850=CARTESIAN_POINT('',(-0.0037260156572005,0.0085781483973589,-0.187934782608696));
#1851=CARTESIAN_POINT('',(-0.0039193004658958,0.00848890946223535,-0.18768115942029));
#1852=CARTESIAN_POINT('',(-0.00411258527459111,0.00839967052711181,-0.187427536231884));
#1853=CARTESIAN_POINT('',(-0.00430160810278627,0.00830172679206221,-0.187173913043478));
#1854=CARTESIAN_POINT('',(-0.00449063093098142,0.00820378305701262,-0.186920289855072));
#1855=CARTESIAN_POINT('',(-0.004675,0.00809733752538451,-0.186666666666667));
#1856=CARTESIAN_POINT('',(-0.00485936906901856,0.00799089199375639,-0.186413043478261));
#1857=CARTESIAN_POINT('',(-0.00503870224581063,0.007876165290169,-0.186159420289855));
#1858=CARTESIAN_POINT('',(-0.00521803542260269,0.00776143858658161,-0.185905797101449));
#1859=CARTESIAN_POINT('',(-0.005391961011774,0.00763866849964764,-0.185652173913044));
#1860=CARTESIAN_POINT('',(-0.00556588660094532,0.00751589841271367,-0.185398550724638));
#1861=CARTESIAN_POINT('',(-0.00573404411515274,0.00738533940218608,-0.185144927536232));
#1862=CARTESIAN_POINT('',(-0.00590220162936017,0.00725478039165849,-0.184891304347826));
#1863=CARTESIAN_POINT('',(-0.00606424253647677,0.00711670306102382,-0.184637681159421));
#1864=CARTESIAN_POINT('',(-0.00622628344359335,0.00697862573038917,-0.184384057971014));
#1865=CARTESIAN_POINT('',(-0.00638187188909441,0.00683331626600047,-0.184130434782609));
#1866=CARTESIAN_POINT('',(-0.00653746033459546,0.00668800680161177,-0.183876811594203));
#1867=CARTESIAN_POINT('',(-0.00668627383766831,0.0065357663795237,-0.183623188405797));
#1868=CARTESIAN_POINT('',(-0.00683508734074115,0.00638352595743563,-0.183369565217392));
#1869=CARTESIAN_POINT('',(-0.00697681746267585,0.00622467011917108,-0.183115942028986));
#1870=CARTESIAN_POINT('',(-0.00711854758461057,0.00606581428090652,-0.18286231884058));
#1871=CARTESIAN_POINT('',(-0.00725290056808632,0.0059006722794486,-0.182608695652174));
#1872=CARTESIAN_POINT('',(-0.00738725355156208,0.00573553027799068,-0.182355072463768));
#1873=CARTESIAN_POINT('',(-0.00751395092950405,0.00556444439535568,-0.182101449275362));
#1874=CARTESIAN_POINT('',(-0.00764064830744601,0.00539335851272071,-0.181847826086956));
#1875=CARTESIAN_POINT('',(-0.00775942748019088,0.00521668335052633,-0.181594202898551));
#1876=CARTESIAN_POINT('',(-0.00787820665293576,0.00504000818833196,-0.181340579710145));
#1877=CARTESIAN_POINT('',(-0.00798882143250967,0.00485810993283131,-0.181086956521739));
#1878=CARTESIAN_POINT('',(-0.00809943621208358,0.00467621167733066,-0.180833333333334));
#1879=CARTESIAN_POINT('',(-0.00820165733246425,0.00448946734043532,-0.180579710144928));
#1880=CARTESIAN_POINT('',(-0.00830387845284494,0.00430272300353997,-0.180326086956522));
#1881=CARTESIAN_POINT('',(-0.00839749404515056,0.00411151964140523,-0.180072463768116));
#1882=CARTESIAN_POINT('',(-0.00849110963745618,0.00392031627927047,-0.17981884057971));
#1883=CARTESIAN_POINT('',(-0.00857592566907599,0.00372505019006235,-0.179565217391304));
#1884=CARTESIAN_POINT('',(-0.00866074170069579,0.00352978410085425,-0.179311594202899));
#1885=CARTESIAN_POINT('',(-0.00873658237745227,0.00333086000336106,-0.179057971014493));
#1886=CARTESIAN_POINT('',(-0.00881242305420876,0.00313193590586786,-0.178804347826087));
#1887=CARTESIAN_POINT('',(-0.00887913118471799,0.00292976610065865,-0.178550724637681));
#1888=CARTESIAN_POINT('',(-0.00894583931522721,0.00272759629544944,-0.178297101449276));
#1889=CARTESIAN_POINT('',(-0.00900327663670192,0.00252259981031819,-0.178043478260869));
#1890=CARTESIAN_POINT('',(-0.00906071395817663,0.00231760332518692,-0.177789855072464));
#1891=CARTESIAN_POINT('',(-0.00910876142299703,0.00211020504665332,-0.177536231884058));
#1892=CARTESIAN_POINT('',(-0.00915680888781742,0.00190280676811973,-0.177282608695652));
#1893=CARTESIAN_POINT('',(-0.00919536691027549,0.00169343656078715,-0.177028985507247));
#1894=CARTESIAN_POINT('',(-0.00923392493273356,0.00148406635345458,-0.176775362318841));
#1895=CARTESIAN_POINT('',(-0.00926291359543969,0.00127315816904991,-0.176521739130435));
#1896=CARTESIAN_POINT('',(-0.00929190225814583,0.00106224998464524,-0.176268115942029));
#1897=CARTESIAN_POINT('',(-0.00931126147766982,0.00085024096258772,-0.176014492753623));
#1898=CARTESIAN_POINT('',(-0.0093306206971938,0.000638231940530198,-0.175760869565218));
#1899=CARTESIAN_POINT('',(-0.0093403103485969,0.00042556150189322,-0.175507246376812));
#1900=CARTESIAN_POINT('',(-0.00935000000000001,0.000212891063256227,-0.175253623188406));
#1901=CARTESIAN_POINT('',(-0.00935,4.00765665020972E-18,-0.175));
#1902=CARTESIAN_POINT('',(-0.00935000000000001,-0.000212891063256219,-0.174746376811594));
#1903=CARTESIAN_POINT('',(-0.0093403103485969,-0.000425561501893212,-0.174492753623189));
#1904=CARTESIAN_POINT('',(-0.0093306206971938,-0.00063823194053019,-0.174239130434783));
#1905=CARTESIAN_POINT('',(-0.00931126147766982,-0.000850240962587712,-0.173985507246377));
#1906=CARTESIAN_POINT('',(-0.00929190225814583,-0.00106224998464523,-0.173731884057971));
#1907=CARTESIAN_POINT('',(-0.00926291359543969,-0.0012731581690499,-0.173478260869565));
#1908=CARTESIAN_POINT('',(-0.00923392493273356,-0.00148406635345456,-0.17322463768116));
#1909=CARTESIAN_POINT('',(-0.00919536691027549,-0.00169343656078714,-0.172971014492754));
#1910=CARTESIAN_POINT('',(-0.00915680888781742,-0.00190280676811972,-0.172717391304348));
#1911=CARTESIAN_POINT('',(-0.00910876142299703,-0.00211020504665331,-0.172463768115942));
#1912=CARTESIAN_POINT('',(-0.00906071395817663,-0.00231760332518691,-0.172210144927536));
#1913=CARTESIAN_POINT('',(-0.00900327663670193,-0.00252259981031817,-0.171956521739131));
#1914=CARTESIAN_POINT('',(-0.00894583931522721,-0.00272759629544944,-0.171702898550725));
#1915=CARTESIAN_POINT('',(-0.00887913118471799,-0.00292976610065864,-0.171449275362319));
#1916=CARTESIAN_POINT('',(-0.00881242305420876,-0.00313193590586785,-0.171195652173913));
#1917=CARTESIAN_POINT('',(-0.00873658237745227,-0.00333086000336105,-0.170942028985507));
#1918=CARTESIAN_POINT('',(-0.0086607417006958,-0.00352978410085423,-0.170688405797101));
#1919=CARTESIAN_POINT('',(-0.00857592566907599,-0.00372505019006235,-0.170434782608695));
#1920=CARTESIAN_POINT('',(-0.00849110963745619,-0.00392031627927047,-0.17018115942029));
#1921=CARTESIAN_POINT('',(-0.00839749404515056,-0.00411151964140522,-0.169927536231884));
#1922=CARTESIAN_POINT('',(-0.00830387845284494,-0.00430272300353997,-0.169673913043478));
#1923=CARTESIAN_POINT('',(-0.00820165733246426,-0.0044894673404353,-0.169420289855073));
#1924=CARTESIAN_POINT('',(-0.00809943621208359,-0.00467621167733066,-0.169166666666667));
#1925=CARTESIAN_POINT('',(-0.00798882143250967,-0.0048581099328313,-0.168913043478261));
#1926=CARTESIAN_POINT('',(-0.00787820665293576,-0.00504000818833195,-0.168659420289855));
#1927=CARTESIAN_POINT('',(-0.00775942748019089,-0.00521668335052632,-0.16840579710145));
#1928=CARTESIAN_POINT('',(-0.00764064830744602,-0.00539335851272069,-0.168152173913043));
#1929=CARTESIAN_POINT('',(-0.00751395092950405,-0.00556444439535568,-0.167898550724637));
#1930=CARTESIAN_POINT('',(-0.00738725355156209,-0.00573553027799067,-0.167644927536232));
#1931=CARTESIAN_POINT('',(-0.00725290056808633,-0.00590067227944859,-0.167391304347826));
#1932=CARTESIAN_POINT('',(-0.00711854758461057,-0.00606581428090651,-0.16713768115942));
#1933=CARTESIAN_POINT('',(-0.00697681746267587,-0.00622467011917106,-0.166884057971014));
#1934=CARTESIAN_POINT('',(-0.00683508734074116,-0.00638352595743562,-0.166630434782609));
#1935=CARTESIAN_POINT('',(-0.00668627383766831,-0.00653576637952369,-0.166376811594203));
#1936=CARTESIAN_POINT('',(-0.00653746033459547,-0.00668800680161177,-0.166123188405797));
#1937=CARTESIAN_POINT('',(-0.00638187188909442,-0.00683331626600046,-0.165869565217392));
#1938=CARTESIAN_POINT('',(-0.00622628344359337,-0.00697862573038915,-0.165615942028985));
#1939=CARTESIAN_POINT('',(-0.00606424253647678,-0.00711670306102382,-0.16536231884058));
#1940=CARTESIAN_POINT('',(-0.00590220162936018,-0.00725478039165848,-0.165108695652174));
#1941=CARTESIAN_POINT('',(-0.00573404411515275,-0.00738533940218607,-0.164855072463768));
#1942=CARTESIAN_POINT('',(-0.00556588660094532,-0.00751589841271367,-0.164601449275362));
#1943=CARTESIAN_POINT('',(-0.00539196101177402,-0.00763866849964763,-0.164347826086956));
#1944=CARTESIAN_POINT('',(-0.0052180354226027,-0.0077614385865816,-0.164094202898551));
#1945=CARTESIAN_POINT('',(-0.00503870224581064,-0.007876165290169,-0.163840579710145));
#1946=CARTESIAN_POINT('',(-0.00485936906901857,-0.00799089199375639,-0.163586956521739));
#1947=CARTESIAN_POINT('',(-0.004675,-0.0080973375253845,-0.163333333333333));
#1948=CARTESIAN_POINT('',(-0.00449063093098144,-0.00820378305701261,-0.163079710144927));
#1949=CARTESIAN_POINT('',(-0.00430160810278628,-0.00830172679206221,-0.162826086956522));
#1950=CARTESIAN_POINT('',(-0.00411258527459112,-0.00839967052711181,-0.162572463768116));
#1951=CARTESIAN_POINT('',(-0.00391930046589581,-0.00848890946223535,-0.16231884057971));
#1952=CARTESIAN_POINT('',(-0.00372601565720051,-0.0085781483973589,-0.162065217391304));
#1953=CARTESIAN_POINT('',(-0.00352886948028695,-0.00865849757123598,-0.161811594202898));
#1954=CARTESIAN_POINT('',(-0.00333172330337339,-0.00873884674511306,-0.161557971014493));
#1955=CARTESIAN_POINT('',(-0.00313112437379872,-0.00881013962181097,-0.161304347826087));
#1956=CARTESIAN_POINT('',(-0.00293052544422406,-0.00888143249850889,-0.161050724637681));
#1957=CARTESIAN_POINT('',(-0.00272688953390261,-0.00894352131265378,-0.160797101449276));
#1958=CARTESIAN_POINT('',(-0.00252325362358118,-0.00900561012679867,-0.160543478260869));
#1959=CARTESIAN_POINT('',(-0.00231700279903362,-0.00905836618984187,-0.160289855072464));
#1960=CARTESIAN_POINT('',(-0.00211075197448607,-0.00911112225288508,-0.160036231884058));
#1961=CARTESIAN_POINT('',(-0.00190231372204212,-0.00915443621982972,-0.159782608695652));
#1962=CARTESIAN_POINT('',(-0.00169387546959819,-0.00919775018677437,-0.159528985507247));
#1963=CARTESIAN_POINT('',(-0.00148368180936596,-0.00923153228280964,-0.159275362318841));
#1964=CARTESIAN_POINT('',(-0.00127348814913371,-0.00926531437884492,-0.159021739130435));
#1965=CARTESIAN_POINT('',(-0.00106197473957194,-0.00928949458541804,-0.158768115942029));
#1966=CARTESIAN_POINT('',(-0.000850461330010172,-0.00931367479199117,-0.158514492753623));
#1967=CARTESIAN_POINT('',(-0.000638066564959688,-0.00932820299193154,-0.158260869565218));
#1968=CARTESIAN_POINT('',(-0.000425671799909187,-0.00934273119187191,-0.158007246376811));
#1969=CARTESIAN_POINT('',(-0.000212835899954595,-0.00934757727326662,-0.157753623188406));
#1970=CARTESIAN_POINT('',(-4.00869536394493E-18,-0.00935242335466131,-0.1575));
#1971=CARTESIAN_POINT('',(0.000212835899954588,-0.00934757727326662,-0.157246376811594));
#1972=CARTESIAN_POINT('',(0.000425671799909162,-0.00934273119187191,-0.156992753623189));
#1973=CARTESIAN_POINT('',(0.000638066564959663,-0.00932820299193154,-0.156739130434783));
#1974=CARTESIAN_POINT('',(0.000850461330010164,-0.00931367479199117,-0.156485507246377));
#1975=CARTESIAN_POINT('',(0.00106197473957194,-0.00928949458541804,-0.156231884057971));
#1976=CARTESIAN_POINT('',(0.00127348814913371,-0.00926531437884492,-0.155978260869565));
#1977=CARTESIAN_POINT('',(0.00148368180936594,-0.00923153228280964,-0.155724637681159));
#1978=CARTESIAN_POINT('',(0.00169387546959818,-0.00919775018677437,-0.155471014492754));
#1979=CARTESIAN_POINT('',(0.00190231372204212,-0.00915443621982972,-0.155217391304348));
#1980=CARTESIAN_POINT('',(0.00211075197448606,-0.00911112225288508,-0.154963768115942));
#1981=CARTESIAN_POINT('',(0.00231700279903362,-0.00905836618984187,-0.154710144927537));
#1982=CARTESIAN_POINT('',(0.00252325362358116,-0.00900561012679868,-0.154456521739131));
#1983=CARTESIAN_POINT('',(0.0027268895339026,-0.00894352131265378,-0.154202898550724));
#1984=CARTESIAN_POINT('',(0.00293052544422406,-0.00888143249850889,-0.153949275362319));
#1985=CARTESIAN_POINT('',(0.00313112437379872,-0.00881013962181097,-0.153695652173913));
#1986=CARTESIAN_POINT('',(0.00333172330337338,-0.00873884674511307,-0.153442028985507));
#1987=CARTESIAN_POINT('',(0.00352886948028693,-0.00865849757123599,-0.153188405797101));
#1988=CARTESIAN_POINT('',(0.0037260156572005,-0.0085781483973589,-0.152934782608696));
#1989=CARTESIAN_POINT('',(0.0039193004658958,-0.00848890946223536,-0.15268115942029));
#1990=CARTESIAN_POINT('',(0.00411258527459111,-0.00839967052711181,-0.152427536231884));
#1991=CARTESIAN_POINT('',(0.00430160810278627,-0.00830172679206221,-0.152173913043478));
#1992=CARTESIAN_POINT('',(0.00449063093098142,-0.00820378305701262,-0.151920289855073));
#1993=CARTESIAN_POINT('',(0.004675,-0.00809733752538451,-0.151666666666667));
#1994=CARTESIAN_POINT('',(0.00485936906901856,-0.00799089199375639,-0.151413043478261));
#1995=CARTESIAN_POINT('',(0.00503870224581063,-0.007876165290169,-0.151159420289855));
#1996=CARTESIAN_POINT('',(0.00521803542260269,-0.00776143858658161,-0.150905797101449));
#1997=CARTESIAN_POINT('',(0.005391961011774,-0.00763866849964764,-0.150652173913044));
#1998=CARTESIAN_POINT('',(0.00556588660094532,-0.00751589841271367,-0.150398550724638));
#1999=CARTESIAN_POINT('',(0.00573404411515274,-0.00738533940218608,-0.150144927536232));
#2000=CARTESIAN_POINT('',(0.00590220162936017,-0.00725478039165849,-0.149891304347826));
#2001=CARTESIAN_POINT('',(0.00606424253647677,-0.00711670306102382,-0.14963768115942));
#2002=CARTESIAN_POINT('',(0.00622628344359335,-0.00697862573038917,-0.149384057971015));
#2003=CARTESIAN_POINT('',(0.00638187188909441,-0.00683331626600047,-0.149130434782609));
#2004=CARTESIAN_POINT('',(0.00653746033459546,-0.00668800680161177,-0.148876811594203));
#2005=CARTESIAN_POINT('',(0.00668627383766831,-0.0065357663795237,-0.148623188405797));
#2006=CARTESIAN_POINT('',(0.00683508734074115,-0.00638352595743562,-0.148369565217391));
#2007=CARTESIAN_POINT('',(0.00697681746267585,-0.00622467011917108,-0.148115942028985));
#2008=CARTESIAN_POINT('',(0.00711854758461056,-0.00606581428090652,-0.14786231884058));
#2009=CARTESIAN_POINT('',(0.00725290056808632,-0.0059006722794486,-0.147608695652174));
#2010=CARTESIAN_POINT('',(0.00738725355156208,-0.00573553027799068,-0.147355072463768));
#2011=CARTESIAN_POINT('',(0.00751395092950405,-0.00556444439535568,-0.147101449275362));
#2012=CARTESIAN_POINT('',(0.00764064830744601,-0.00539335851272071,-0.146847826086956));
#2013=CARTESIAN_POINT('',(0.00775942748019088,-0.00521668335052633,-0.146594202898551));
#2014=CARTESIAN_POINT('',(0.00787820665293576,-0.00504000818833196,-0.146340579710145));
#2015=CARTESIAN_POINT('',(0.00798882143250967,-0.00485810993283131,-0.146086956521739));
#2016=CARTESIAN_POINT('',(0.00809943621208358,-0.00467621167733066,-0.145833333333333));
#2017=CARTESIAN_POINT('',(0.00820165733246425,-0.00448946734043532,-0.145579710144928));
#2018=CARTESIAN_POINT('',(0.00830387845284494,-0.00430272300353997,-0.145326086956522));
#2019=CARTESIAN_POINT('',(0.00839749404515056,-0.00411151964140523,-0.145072463768116));
#2020=CARTESIAN_POINT('',(0.00849110963745618,-0.00392031627927047,-0.14481884057971));
#2021=CARTESIAN_POINT('',(0.00857592566907599,-0.00372505019006235,-0.144565217391304));
#2022=CARTESIAN_POINT('',(0.00866074170069579,-0.00352978410085425,-0.144311594202899));
#2023=CARTESIAN_POINT('',(0.00873658237745227,-0.00333086000336106,-0.144057971014493));
#2024=CARTESIAN_POINT('',(0.00881242305420876,-0.00313193590586786,-0.143804347826087));
#2025=CARTESIAN_POINT('',(0.00887913118471799,-0.00292976610065865,-0.143550724637681));
#2026=CARTESIAN_POINT('',(0.00894583931522721,-0.00272759629544944,-0.143297101449275));
#2027=CARTESIAN_POINT('',(0.00900327663670192,-0.00252259981031819,-0.14304347826087));
#2028=CARTESIAN_POINT('',(0.00906071395817663,-0.00231760332518692,-0.142789855072464));
#2029=CARTESIAN_POINT('',(0.00910876142299703,-0.00211020504665332,-0.142536231884058));
#2030=CARTESIAN_POINT('',(0.00915680888781742,-0.00190280676811973,-0.142282608695652));
#2031=CARTESIAN_POINT('',(0.00919536691027549,-0.00169343656078715,-0.142028985507246));
#2032=CARTESIAN_POINT('',(0.00923392493273356,-0.00148406635345458,-0.141775362318841));
#2033=CARTESIAN_POINT('',(0.00926291359543969,-0.00127315816904991,-0.141521739130435));
#2034=CARTESIAN_POINT('',(0.00929190225814583,-0.00106224998464524,-0.141268115942029));
#2035=CARTESIAN_POINT('',(0.00931126147766982,-0.00085024096258772,-0.141014492753623));
#2036=CARTESIAN_POINT('',(0.0093306206971938,-0.000638231940530215,-0.140760869565217));
#2037=CARTESIAN_POINT('',(0.0093403103485969,-0.00042556150189322,-0.140507246376812));
#2038=CARTESIAN_POINT('',(0.00935000000000001,-0.000212891063256227,-0.140253623188406));
#2039=CARTESIAN_POINT('',(0.00935,-4.00765665020972E-18,-0.14));
#2040=CARTESIAN_POINT('',(0.00935000000000001,0.000212891063256219,-0.139746376811594));
#2041=CARTESIAN_POINT('',(0.0093403103485969,0.000425561501893196,-0.139492753623188));
#2042=CARTESIAN_POINT('',(0.0093306206971938,0.00063823194053019,-0.139239130434783));
#2043=CARTESIAN_POINT('',(0.00931126147766982,0.000850240962587712,-0.138985507246377));
#2044=CARTESIAN_POINT('',(0.00929190225814583,0.00106224998464523,-0.138731884057971));
#2045=CARTESIAN_POINT('',(0.00926291359543969,0.0012731581690499,-0.138478260869565));
#2046=CARTESIAN_POINT('',(0.00923392493273356,0.00148406635345456,-0.138224637681159));
#2047=CARTESIAN_POINT('',(0.00919536691027549,0.00169343656078714,-0.137971014492754));
#2048=CARTESIAN_POINT('',(0.00915680888781742,0.00190280676811972,-0.137717391304348));
#2049=CARTESIAN_POINT('',(0.00910876142299703,0.00211020504665331,-0.137463768115942));
#2050=CARTESIAN_POINT('',(0.00906071395817663,0.00231760332518691,-0.137210144927536));
#2051=CARTESIAN_POINT('',(0.00900327663670193,0.00252259981031817,-0.13695652173913));
#2052=CARTESIAN_POINT('',(0.00894583931522721,0.00272759629544944,-0.136702898550725));
#2053=CARTESIAN_POINT('',(0.00887913118471799,0.00292976610065864,-0.136449275362319));
#2054=CARTESIAN_POINT('',(0.00881242305420876,0.00313193590586785,-0.136195652173913));
#2055=CARTESIAN_POINT('',(0.00873658237745228,0.00333086000336105,-0.135942028985507));
#2056=CARTESIAN_POINT('',(0.0086607417006958,0.00352978410085423,-0.135688405797101));
#2057=CARTESIAN_POINT('',(0.00857592566907599,0.00372505019006235,-0.135434782608696));
#2058=CARTESIAN_POINT('',(0.00849110963745619,0.00392031627927047,-0.13518115942029));
#2059=CARTESIAN_POINT('',(0.00839749404515056,0.00411151964140522,-0.134927536231884));
#2060=CARTESIAN_POINT('',(0.00830387845284494,0.00430272300353997,-0.134673913043478));
#2061=CARTESIAN_POINT('',(0.00820165733246426,0.0044894673404353,-0.134420289855072));
#2062=CARTESIAN_POINT('',(0.00809943621208359,0.00467621167733066,-0.134166666666667));
#2063=CARTESIAN_POINT('',(0.00798882143250967,0.0048581099328313,-0.133913043478261));
#2064=CARTESIAN_POINT('',(0.00787820665293576,0.00504000818833195,-0.133659420289855));
#2065=CARTESIAN_POINT('',(0.00775942748019089,0.00521668335052632,-0.133405797101449));
#2066=CARTESIAN_POINT('',(0.00764064830744602,0.00539335851272069,-0.133152173913043));
#2067=CARTESIAN_POINT('',(0.00751395092950405,0.00556444439535568,-0.132898550724638));
#2068=CARTESIAN_POINT('',(0.00738725355156209,0.00573553027799067,-0.132644927536232));
#2069=CARTESIAN_POINT('',(0.00725290056808633,0.00590067227944859,-0.132391304347826));
#2070=CARTESIAN_POINT('',(0.00711854758461057,0.00606581428090651,-0.13213768115942));
#2071=CARTESIAN_POINT('',(0.00697681746267587,0.00622467011917106,-0.131884057971014));
#2072=CARTESIAN_POINT('',(0.00683508734074116,0.00638352595743562,-0.131630434782609));
#2073=CARTESIAN_POINT('',(0.00668627383766831,0.00653576637952369,-0.131376811594203));
#2074=CARTESIAN_POINT('',(0.00653746033459547,0.00668800680161177,-0.131123188405797));
#2075=CARTESIAN_POINT('',(0.00638187188909442,0.00683331626600046,-0.130869565217391));
#2076=CARTESIAN_POINT('',(0.00622628344359337,0.00697862573038915,-0.130615942028986));
#2077=CARTESIAN_POINT('',(0.00606424253647678,0.00711670306102382,-0.13036231884058));
#2078=CARTESIAN_POINT('',(0.00590220162936018,0.00725478039165848,-0.130108695652174));
#2079=CARTESIAN_POINT('',(0.00573404411515275,0.00738533940218607,-0.129855072463768));
#2080=CARTESIAN_POINT('',(0.00556588660094532,0.00751589841271367,-0.129601449275362));
#2081=CARTESIAN_POINT('',(0.00539196101177402,0.00763866849964763,-0.129347826086957));
#2082=CARTESIAN_POINT('',(0.0052180354226027,0.0077614385865816,-0.129094202898551));
#2083=CARTESIAN_POINT('',(0.00503870224581064,0.007876165290169,-0.128840579710145));
#2084=CARTESIAN_POINT('',(0.00485936906901857,0.00799089199375639,-0.128586956521739));
#2085=CARTESIAN_POINT('',(0.004675,0.0080973375253845,-0.128333333333333));
#2086=CARTESIAN_POINT('',(0.00449063093098144,0.00820378305701261,-0.128079710144928));
#2087=CARTESIAN_POINT('',(0.00430160810278628,0.00830172679206221,-0.127826086956522));
#2088=CARTESIAN_POINT('',(0.00411258527459112,0.00839967052711181,-0.127572463768116));
#2089=CARTESIAN_POINT('',(0.00391930046589581,0.00848890946223535,-0.12731884057971));
#2090=CARTESIAN_POINT('',(0.00372601565720051,0.0085781483973589,-0.127065217391304));
#2091=CARTESIAN_POINT('',(0.00352886948028695,0.00865849757123598,-0.126811594202899));
#2092=CARTESIAN_POINT('',(0.00333172330337339,0.00873884674511306,-0.126557971014493));
#2093=CARTESIAN_POINT('',(0.00313112437379872,0.00881013962181097,-0.126304347826087));
#2094=CARTESIAN_POINT('',(0.00293052544422406,0.00888143249850888,-0.126050724637681));
#2095=CARTESIAN_POINT('',(0.00272688953390263,0.00894352131265378,-0.125797101449275));
#2096=CARTESIAN_POINT('',(0.00252325362358118,0.00900561012679867,-0.12554347826087));
#2097=CARTESIAN_POINT('',(0.00231700279903363,0.00905836618984187,-0.125289855072464));
#2098=CARTESIAN_POINT('',(0.00211075197448607,0.00911112225288508,-0.125036231884058));
#2099=CARTESIAN_POINT('',(0.00190231372204213,0.00915443621982972,-0.124782608695652));
#2100=CARTESIAN_POINT('',(0.0016938754695982,0.00919775018677437,-0.124528985507246));
#2101=CARTESIAN_POINT('',(0.00148368180936596,0.00923153228280964,-0.124275362318841));
#2102=CARTESIAN_POINT('',(0.00127348814913372,0.00926531437884492,-0.124021739130435));
#2103=CARTESIAN_POINT('',(0.00106197473957194,0.00928949458541804,-0.123768115942029));
#2104=CARTESIAN_POINT('',(0.000850461330010173,0.00931367479199117,-0.123514492753623));
#2105=CARTESIAN_POINT('',(0.000638066564959689,0.00932820299193154,-0.123260869565217));
#2106=CARTESIAN_POINT('',(0.000425671799909188,0.00934273119187191,-0.123007246376812));
#2107=CARTESIAN_POINT('',(0.000212835899954596,0.00934757727326662,-0.122753623188406));
#2108=CARTESIAN_POINT('',(5.15403689650062E-18,0.00935242335466131,-0.1225));
#2109=CARTESIAN_POINT('',(-0.000212835899954586,0.00934757727326662,-0.122246376811594));
#2110=CARTESIAN_POINT('',(-0.000425671799909161,0.00934273119187191,-0.121992753623188));
#2111=CARTESIAN_POINT('',(-0.000638066564959662,0.00932820299193154,-0.121739130434783));
#2112=CARTESIAN_POINT('',(-0.000850461330010163,0.00931367479199117,-0.121485507246377));
#2113=CARTESIAN_POINT('',(-0.00106197473957193,0.00928949458541804,-0.121231884057971));
#2114=CARTESIAN_POINT('',(-0.00127348814913371,0.00926531437884492,-0.120978260869565));
#2115=CARTESIAN_POINT('',(-0.00148368180936593,0.00923153228280964,-0.120724637681159));
#2116=CARTESIAN_POINT('',(-0.00169387546959818,0.00919775018677437,-0.120471014492754));
#2117=CARTESIAN_POINT('',(-0.00190231372204212,0.00915443621982972,-0.120217391304348));
#2118=CARTESIAN_POINT('',(-0.00211075197448606,0.00911112225288508,-0.119963768115942));
#2119=CARTESIAN_POINT('',(-0.00231700279903362,0.00905836618984187,-0.119710144927536));
#2120=CARTESIAN_POINT('',(-0.00252325362358116,0.00900561012679868,-0.119456521739131));
#2121=CARTESIAN_POINT('',(-0.0027268895339026,0.00894352131265378,-0.119202898550725));
#2122=CARTESIAN_POINT('',(-0.00293052544422405,0.00888143249850889,-0.118949275362319));
#2123=CARTESIAN_POINT('',(-0.00313112437379871,0.00881013962181097,-0.118695652173913));
#2124=CARTESIAN_POINT('',(-0.00333172330337338,0.00873884674511307,-0.118442028985507));
#2125=CARTESIAN_POINT('',(-0.00352886948028693,0.00865849757123599,-0.118188405797101));
#2126=CARTESIAN_POINT('',(-0.0037260156572005,0.0085781483973589,-0.117934782608696));
#2127=CARTESIAN_POINT('',(-0.0039193004658958,0.00848890946223536,-0.11768115942029));
#2128=CARTESIAN_POINT('',(-0.00411258527459111,0.00839967052711181,-0.117427536231884));
#2129=CARTESIAN_POINT('',(-0.00430160810278627,0.00830172679206221,-0.117173913043478));
#2130=CARTESIAN_POINT('',(-0.00449063093098142,0.00820378305701262,-0.116920289855073));
#2131=CARTESIAN_POINT('',(-0.004675,0.00809733752538451,-0.116666666666667));
#2132=CARTESIAN_POINT('',(-0.00485936906901856,0.00799089199375639,-0.116413043478261));
#2133=CARTESIAN_POINT('',(-0.00503870224581063,0.007876165290169,-0.116159420289855));
#2134=CARTESIAN_POINT('',(-0.00521803542260269,0.00776143858658161,-0.115905797101449));
#2135=CARTESIAN_POINT('',(-0.005391961011774,0.00763866849964764,-0.115652173913043));
#2136=CARTESIAN_POINT('',(-0.00556588660094532,0.00751589841271367,-0.115398550724638));
#2137=CARTESIAN_POINT('',(-0.00573404411515274,0.00738533940218608,-0.115144927536232));
#2138=CARTESIAN_POINT('',(-0.00590220162936017,0.00725478039165849,-0.114891304347826));
#2139=CARTESIAN_POINT('',(-0.00606424253647677,0.00711670306102382,-0.11463768115942));
#2140=CARTESIAN_POINT('',(-0.00622628344359335,0.00697862573038917,-0.114384057971015));
#2141=CARTESIAN_POINT('',(-0.00638187188909441,0.00683331626600047,-0.114130434782609));
#2142=CARTESIAN_POINT('',(-0.00653746033459546,0.00668800680161178,-0.113876811594203));
#2143=CARTESIAN_POINT('',(-0.00668627383766831,0.0065357663795237,-0.113623188405797));
#2144=CARTESIAN_POINT('',(-0.00683508734074115,0.00638352595743563,-0.113369565217391));
#2145=CARTESIAN_POINT('',(-0.00697681746267585,0.00622467011917108,-0.113115942028985));
#2146=CARTESIAN_POINT('',(-0.00711854758461056,0.00606581428090652,-0.11286231884058));
#2147=CARTESIAN_POINT('',(-0.00725290056808632,0.0059006722794486,-0.112608695652174));
#2148=CARTESIAN_POINT('',(-0.00738725355156208,0.00573553027799068,-0.112355072463768));
#2149=CARTESIAN_POINT('',(-0.00751395092950405,0.00556444439535569,-0.112101449275362));
#2150=CARTESIAN_POINT('',(-0.00764064830744601,0.00539335851272071,-0.111847826086956));
#2151=CARTESIAN_POINT('',(-0.00775942748019088,0.00521668335052633,-0.111594202898551));
#2152=CARTESIAN_POINT('',(-0.00787820665293576,0.00504000818833196,-0.111340579710145));
#2153=CARTESIAN_POINT('',(-0.00798882143250967,0.00485810993283131,-0.111086956521739));
#2154=CARTESIAN_POINT('',(-0.00809943621208358,0.00467621167733066,-0.110833333333333));
#2155=CARTESIAN_POINT('',(-0.00820165733246425,0.00448946734043533,-0.110579710144927));
#2156=CARTESIAN_POINT('',(-0.00830387845284494,0.00430272300353998,-0.110326086956522));
#2157=CARTESIAN_POINT('',(-0.00839749404515056,0.00411151964140523,-0.110072463768116));
#2158=CARTESIAN_POINT('',(-0.00849110963745618,0.00392031627927048,-0.10981884057971));
#2159=CARTESIAN_POINT('',(-0.00857592566907599,0.00372505019006236,-0.109565217391304));
#2160=CARTESIAN_POINT('',(-0.00866074170069579,0.00352978410085426,-0.109311594202898));
#2161=CARTESIAN_POINT('',(-0.00873658237745227,0.00333086000336106,-0.109057971014493));
#2162=CARTESIAN_POINT('',(-0.00881242305420876,0.00313193590586786,-0.108804347826087));
#2163=CARTESIAN_POINT('',(-0.00887913118471799,0.00292976610065865,-0.108550724637681));
#2164=CARTESIAN_POINT('',(-0.00894583931522721,0.00272759629544946,-0.108297101449275));
#2165=CARTESIAN_POINT('',(-0.00900327663670192,0.00252259981031819,-0.10804347826087));
#2166=CARTESIAN_POINT('',(-0.00906071395817663,0.00231760332518692,-0.107789855072464));
#2167=CARTESIAN_POINT('',(-0.00910876142299703,0.00211020504665332,-0.107536231884058));
#2168=CARTESIAN_POINT('',(-0.00915680888781742,0.00190280676811973,-0.107282608695652));
#2169=CARTESIAN_POINT('',(-0.00919536691027549,0.00169343656078717,-0.107028985507246));
#2170=CARTESIAN_POINT('',(-0.00923392493273356,0.00148406635345459,-0.106775362318841));
#2171=CARTESIAN_POINT('',(-0.00926291359543969,0.00127315816904992,-0.106521739130435));
#2172=CARTESIAN_POINT('',(-0.00929190225814583,0.00106224998464524,-0.106268115942029));
#2173=CARTESIAN_POINT('',(-0.00931126147766982,0.000850240962587722,-0.106014492753623));
#2174=CARTESIAN_POINT('',(-0.0093306206971938,0.000638231940530217,-0.105760869565217));
#2175=CARTESIAN_POINT('',(-0.0093403103485969,0.000425561501893222,-0.105507246376812));
#2176=CARTESIAN_POINT('',(-0.00935000000000001,0.000212891063256229,-0.105253623188406));
#2177=CARTESIAN_POINT('',(-0.00935,6.29774616461526E-18,-0.105));
#2178=CARTESIAN_POINT('',(-0.00935000000000001,-0.000212891063256216,-0.104746376811594));
#2179=CARTESIAN_POINT('',(-0.0093403103485969,-0.000425561501893193,-0.104492753623188));
#2180=CARTESIAN_POINT('',(-0.0093306206971938,-0.000638231940530188,-0.104239130434783));
#2181=CARTESIAN_POINT('',(-0.00931126147766982,-0.00085024096258771,-0.103985507246377));
#2182=CARTESIAN_POINT('',(-0.00929190225814583,-0.00106224998464523,-0.103731884057971));
#2183=CARTESIAN_POINT('',(-0.00926291359543969,-0.0012731581690499,-0.103478260869565));
#2184=CARTESIAN_POINT('',(-0.00923392493273356,-0.00148406635345456,-0.103224637681159));
#2185=CARTESIAN_POINT('',(-0.00919536691027549,-0.00169343656078714,-0.102971014492754));
#2186=CARTESIAN_POINT('',(-0.00915680888781742,-0.00190280676811972,-0.102717391304348));
#2187=CARTESIAN_POINT('',(-0.00910876142299703,-0.00211020504665331,-0.102463768115942));
#2188=CARTESIAN_POINT('',(-0.00906071395817663,-0.00231760332518691,-0.102210144927536));
#2189=CARTESIAN_POINT('',(-0.00900327663670193,-0.00252259981031817,-0.10195652173913));
#2190=CARTESIAN_POINT('',(-0.00894583931522721,-0.00272759629544943,-0.101702898550725));
#2191=CARTESIAN_POINT('',(-0.008879131184718,-0.00292976610065862,-0.101449275362319));
#2192=CARTESIAN_POINT('',(-0.00881242305420876,-0.00313193590586785,-0.101195652173913));
#2193=CARTESIAN_POINT('',(-0.00873658237745228,-0.00333086000336103,-0.100942028985507));
#2194=CARTESIAN_POINT('',(-0.00866074170069579,-0.00352978410085424,-0.100688405797101));
#2195=CARTESIAN_POINT('',(-0.00857592566907599,-0.00372505019006234,-0.100434782608696));
#2196=CARTESIAN_POINT('',(-0.00849110963745619,-0.00392031627927045,-0.10018115942029));
#2197=CARTESIAN_POINT('',(-0.00839749404515056,-0.00411151964140522,-0.0999275362318841));
#2198=CARTESIAN_POINT('',(-0.00830387845284495,-0.00430272300353995,-0.0996739130434783));
#2199=CARTESIAN_POINT('',(-0.00820165733246426,-0.00448946734043531,-0.0994202898550725));
#2200=CARTESIAN_POINT('',(-0.00809943621208359,-0.00467621167733066,-0.0991666666666667));
#2201=CARTESIAN_POINT('',(-0.00798882143250968,-0.00485810993283128,-0.0989130434782609));
#2202=CARTESIAN_POINT('',(-0.00787820665293576,-0.00504000818833195,-0.0986594202898551));
#2203=CARTESIAN_POINT('',(-0.0077594274801909,-0.00521668335052631,-0.0984057971014493));
#2204=CARTESIAN_POINT('',(-0.00764064830744601,-0.00539335851272069,-0.0981521739130435));
#2205=CARTESIAN_POINT('',(-0.00751395092950405,-0.00556444439535567,-0.0978985507246377));
#2206=CARTESIAN_POINT('',(-0.0073872535515621,-0.00573553027799066,-0.0976449275362319));
#2207=CARTESIAN_POINT('',(-0.00725290056808633,-0.00590067227944859,-0.0973913043478261));
#2208=CARTESIAN_POINT('',(-0.00711854758461058,-0.0060658142809065,-0.0971376811594203));
#2209=CARTESIAN_POINT('',(-0.00697681746267586,-0.00622467011917107,-0.0968840579710145));
#2210=CARTESIAN_POINT('',(-0.00683508734074116,-0.00638352595743562,-0.0966304347826087));
#2211=CARTESIAN_POINT('',(-0.00668627383766833,-0.00653576637952368,-0.0963768115942029));
#2212=CARTESIAN_POINT('',(-0.00653746033459547,-0.00668800680161177,-0.0961231884057971));
#2213=CARTESIAN_POINT('',(-0.00638187188909443,-0.00683331626600045,-0.0958695652173913));
#2214=CARTESIAN_POINT('',(-0.00622628344359336,-0.00697862573038916,-0.0956159420289855));
#2215=CARTESIAN_POINT('',(-0.00606424253647678,-0.00711670306102381,-0.0953623188405797));
#2216=CARTESIAN_POINT('',(-0.00590220162936019,-0.00725478039165847,-0.0951086956521739));
#2217=CARTESIAN_POINT('',(-0.00573404411515275,-0.00738533940218607,-0.0948550724637681));
#2218=CARTESIAN_POINT('',(-0.00556588660094534,-0.00751589841271365,-0.0946014492753624));
#2219=CARTESIAN_POINT('',(-0.00539196101177401,-0.00763866849964763,-0.0943478260869565));
#2220=CARTESIAN_POINT('',(-0.0052180354226027,-0.0077614385865816,-0.0940942028985508));
#2221=CARTESIAN_POINT('',(-0.00503870224581065,-0.00787616529016899,-0.093840579710145));
#2222=CARTESIAN_POINT('',(-0.00485936906901857,-0.00799089199375639,-0.0935869565217392));
#2223=CARTESIAN_POINT('',(-0.004675,-0.00809733752538449,-0.0933333333333334));
#2224=CARTESIAN_POINT('',(-0.00449063093098143,-0.00820378305701262,-0.0930797101449276));
#2225=CARTESIAN_POINT('',(-0.00430160810278628,-0.0083017267920622,-0.0928260869565218));
#2226=CARTESIAN_POINT('',(-0.00411258527459113,-0.0083996705271118,-0.092572463768116));
#2227=CARTESIAN_POINT('',(-0.00391930046589581,-0.00848890946223535,-0.0923188405797102));
#2228=CARTESIAN_POINT('',(-0.00372601565720053,-0.00857814839735889,-0.0920652173913044));
#2229=CARTESIAN_POINT('',(-0.00352886948028694,-0.00865849757123598,-0.0918115942028986));
#2230=CARTESIAN_POINT('',(-0.00333172330337339,-0.00873884674511306,-0.0915579710144928));
#2231=CARTESIAN_POINT('',(-0.00313112437379875,-0.00881013962181096,-0.091304347826087));
#2232=CARTESIAN_POINT('',(-0.00293052544422407,-0.00888143249850888,-0.0910507246376812));
#2233=CARTESIAN_POINT('',(-0.00272688953390263,-0.00894352131265378,-0.0907971014492754));
#2234=CARTESIAN_POINT('',(-0.00252325362358117,-0.00900561012679868,-0.0905434782608696));
#2235=CARTESIAN_POINT('',(-0.00231700279903363,-0.00905836618984187,-0.0902898550724638));
#2236=CARTESIAN_POINT('',(-0.00211075197448609,-0.00911112225288506,-0.090036231884058));
#2237=CARTESIAN_POINT('',(-0.00190231372204213,-0.00915443621982972,-0.0897826086956522));
#2238=CARTESIAN_POINT('',(-0.00169387546959821,-0.00919775018677437,-0.0895289855072464));
#2239=CARTESIAN_POINT('',(-0.00148368180936595,-0.00923153228280964,-0.0892753623188406));
#2240=CARTESIAN_POINT('',(-0.00127348814913372,-0.00926531437884492,-0.0890217391304348));
#2241=CARTESIAN_POINT('',(-0.00106197473957196,-0.00928949458541804,-0.088768115942029));
#2242=CARTESIAN_POINT('',(-0.000850461330010174,-0.00931367479199117,-0.0885144927536232));
#2243=CARTESIAN_POINT('',(-0.00063806656495969,-0.00932820299193154,-0.0882608695652174));
#2244=CARTESIAN_POINT('',(-0.000425671799909173,-0.00934273119187191,-0.0880072463768116));
#2245=CARTESIAN_POINT('',(-0.000212835899954598,-0.00934757727326662,-0.0877536231884058));
#2246=CARTESIAN_POINT('',(-2.29126196200756E-17,-0.00935242335466131,-0.0875));
#2247=CARTESIAN_POINT('',(0.000212835899954585,-0.00934757727326662,-0.0872463768115942));
#2248=CARTESIAN_POINT('',(0.00042567179990916,-0.00934273119187191,-0.0869927536231885));
#2249=CARTESIAN_POINT('',(0.000638066564959677,-0.00932820299193154,-0.0867391304347826));
#2250=CARTESIAN_POINT('',(0.000850461330010162,-0.00931367479199117,-0.0864855072463769));
#2251=CARTESIAN_POINT('',(0.00106197473957192,-0.00928949458541804,-0.086231884057971));
#2252=CARTESIAN_POINT('',(0.0012734881491337,-0.00926531437884492,-0.0859782608695653));
#2253=CARTESIAN_POINT('',(0.00148368180936593,-0.00923153228280964,-0.0857246376811594));
#2254=CARTESIAN_POINT('',(0.00169387546959819,-0.00919775018677437,-0.0854710144927537));
#2255=CARTESIAN_POINT('',(0.00190231372204211,-0.00915443621982972,-0.0852173913043479));
#2256=CARTESIAN_POINT('',(0.00211075197448604,-0.00911112225288508,-0.084963768115942));
#2257=CARTESIAN_POINT('',(0.00231700279903361,-0.00905836618984187,-0.0847101449275363));
#2258=CARTESIAN_POINT('',(0.00252325362358116,-0.00900561012679868,-0.0844565217391304));
#2259=CARTESIAN_POINT('',(0.00272688953390262,-0.00894352131265378,-0.0842028985507247));
#2260=CARTESIAN_POINT('',(0.00293052544422405,-0.00888143249850889,-0.0839492753623188));
#2261=CARTESIAN_POINT('',(0.0031311243737987,-0.00881013962181098,-0.0836956521739131));
#2262=CARTESIAN_POINT('',(0.00333172330337338,-0.00873884674511307,-0.0834420289855072));
#2263=CARTESIAN_POINT('',(0.00352886948028693,-0.00865849757123599,-0.0831884057971015));
#2264=CARTESIAN_POINT('',(0.00372601565720051,-0.00857814839735889,-0.0829347826086956));
#2265=CARTESIAN_POINT('',(0.0039193004658958,-0.00848890946223536,-0.0826811594202899));
#2266=CARTESIAN_POINT('',(0.00411258527459109,-0.00839967052711182,-0.082427536231884));
#2267=CARTESIAN_POINT('',(0.00430160810278627,-0.00830172679206221,-0.0821739130434783));
#2268=CARTESIAN_POINT('',(0.00449063093098142,-0.00820378305701262,-0.0819202898550725));
#2269=CARTESIAN_POINT('',(0.004675,-0.0080973375253845,-0.0816666666666667));
#2270=CARTESIAN_POINT('',(0.00485936906901856,-0.00799089199375639,-0.0814130434782609));
#2271=CARTESIAN_POINT('',(0.00503870224581061,-0.00787616529016901,-0.0811594202898551));
#2272=CARTESIAN_POINT('',(0.00521803542260269,-0.00776143858658161,-0.0809057971014493));
#2273=CARTESIAN_POINT('',(0.005391961011774,-0.00763866849964764,-0.0806521739130435));
#2274=CARTESIAN_POINT('',(0.00556588660094533,-0.00751589841271365,-0.0803985507246377));
#2275=CARTESIAN_POINT('',(0.00573404411515274,-0.00738533940218608,-0.0801449275362319));
#2276=CARTESIAN_POINT('',(0.00590220162936016,-0.0072547803916585,-0.0798913043478261));
#2277=CARTESIAN_POINT('',(0.00606424253647677,-0.00711670306102382,-0.0796376811594203));
#2278=CARTESIAN_POINT('',(0.00622628344359335,-0.00697862573038917,-0.0793840579710145));
#2279=CARTESIAN_POINT('',(0.00638187188909442,-0.00683331626600046,-0.0791304347826087));
#2280=CARTESIAN_POINT('',(0.00653746033459546,-0.00668800680161177,-0.0788768115942029));
#2281=CARTESIAN_POINT('',(0.0066862738376683,-0.00653576637952371,-0.0786231884057971));
#2282=CARTESIAN_POINT('',(0.00683508734074115,-0.00638352595743563,-0.0783695652173913));
#2283=CARTESIAN_POINT('',(0.00697681746267585,-0.00622467011917108,-0.0781159420289855));
#2284=CARTESIAN_POINT('',(0.00711854758461057,-0.0060658142809065,-0.0778623188405797));
#2285=CARTESIAN_POINT('',(0.00725290056808632,-0.0059006722794486,-0.0776086956521739));
#2286=CARTESIAN_POINT('',(0.00738725355156207,-0.00573553027799069,-0.0773550724637681));
#2287=CARTESIAN_POINT('',(0.00751395092950405,-0.00556444439535569,-0.0771014492753623));
#2288=CARTESIAN_POINT('',(0.00764064830744601,-0.00539335851272071,-0.0768478260869565));
#2289=CARTESIAN_POINT('',(0.00775942748019089,-0.00521668335052632,-0.0765942028985507));
#2290=CARTESIAN_POINT('',(0.00787820665293576,-0.00504000818833196,-0.0763405797101449));
#2291=CARTESIAN_POINT('',(0.00798882143250966,-0.00485810993283132,-0.0760869565217391));
#2292=CARTESIAN_POINT('',(0.00809943621208358,-0.00467621167733066,-0.0758333333333334));
#2293=CARTESIAN_POINT('',(0.00820165733246425,-0.00448946734043533,-0.0755797101449276));
#2294=CARTESIAN_POINT('',(0.00830387845284494,-0.00430272300353996,-0.0753260869565218));
#2295=CARTESIAN_POINT('',(0.00839749404515056,-0.00411151964140523,-0.075072463768116));
#2296=CARTESIAN_POINT('',(0.00849110963745617,-0.00392031627927049,-0.0748188405797102));
#2297=CARTESIAN_POINT('',(0.00857592566907599,-0.00372505019006236,-0.0745652173913044));
#2298=CARTESIAN_POINT('',(0.00866074170069579,-0.00352978410085426,-0.0743115942028986));
#2299=CARTESIAN_POINT('',(0.00873658237745228,-0.00333086000336104,-0.0740579710144928));
#2300=CARTESIAN_POINT('',(0.00881242305420876,-0.00313193590586786,-0.073804347826087));
#2301=CARTESIAN_POINT('',(0.00887913118471798,-0.00292976610065867,-0.0735507246376812));
#2302=CARTESIAN_POINT('',(0.00894583931522721,-0.00272759629544945,-0.0732971014492754));
#2303=CARTESIAN_POINT('',(0.00900327663670192,-0.00252259981031819,-0.0730434782608696));
#2304=CARTESIAN_POINT('',(0.00906071395817664,-0.00231760332518691,-0.0727898550724638));
#2305=CARTESIAN_POINT('',(0.00910876142299703,-0.00211020504665332,-0.072536231884058));
#2306=CARTESIAN_POINT('',(0.00915680888781742,-0.00190280676811975,-0.0722826086956522));
#2307=CARTESIAN_POINT('',(0.00919536691027549,-0.00169343656078715,-0.0720289855072464));
#2308=CARTESIAN_POINT('',(0.00923392493273356,-0.00148406635345459,-0.0717753623188406));
#2309=CARTESIAN_POINT('',(0.00926291359543969,-0.0012731581690499,-0.0715217391304348));
#2310=CARTESIAN_POINT('',(0.00929190225814583,-0.00106224998464524,-0.071268115942029));
#2311=CARTESIAN_POINT('',(0.00931126147766982,-0.000850240962587739,-0.0710144927536232));
#2312=CARTESIAN_POINT('',(0.0093306206971938,-0.000638231940530201,-0.0707608695652174));
#2313=CARTESIAN_POINT('',(0.0093403103485969,-0.000425561501893222,-0.0705072463768116));
#2314=CARTESIAN_POINT('',(0.00935000000000001,-0.000212891063256212,-0.0702536231884058));
#2315=CARTESIAN_POINT('',(0.00935,-6.29774616461526E-18,-0.07));
#2316=CARTESIAN_POINT('',(0.00935000000000001,0.0002128910632562,-0.0697463768115943));
#2317=CARTESIAN_POINT('',(0.0093403103485969,0.00042556150189321,-0.0694927536231884));
#2318=CARTESIAN_POINT('',(0.0093306206971938,0.000638231940530188,-0.0692391304347827));
#2319=CARTESIAN_POINT('',(0.00931126147766982,0.000850240962587726,-0.0689855072463768));
#2320=CARTESIAN_POINT('',(0.00929190225814583,0.00106224998464523,-0.0687318840579711));
#2321=CARTESIAN_POINT('',(0.0092629135954397,0.00127315816904989,-0.0684782608695652));
#2322=CARTESIAN_POINT('',(0.00923392493273356,0.00148406635345457,-0.0682246376811595));
#2323=CARTESIAN_POINT('',(0.00919536691027549,0.00169343656078714,-0.0679710144927536));
#2324=CARTESIAN_POINT('',(0.00915680888781743,0.0019028067681197,-0.0677173913043479));
#2325=CARTESIAN_POINT('',(0.00910876142299703,0.00211020504665331,-0.067463768115942));
#2326=CARTESIAN_POINT('',(0.00906071395817664,0.00231760332518689,-0.0672101449275362));
#2327=CARTESIAN_POINT('',(0.00900327663670192,0.00252259981031818,-0.0669565217391304));
#2328=CARTESIAN_POINT('',(0.00894583931522721,0.00272759629544943,-0.0667028985507247));
#2329=CARTESIAN_POINT('',(0.008879131184718,0.00292976610065862,-0.0664492753623188));
#2330=CARTESIAN_POINT('',(0.00881242305420876,0.00313193590586785,-0.066195652173913));
#2331=CARTESIAN_POINT('',(0.00873658237745228,0.00333086000336103,-0.0659420289855073));
#2332=CARTESIAN_POINT('',(0.00866074170069579,0.00352978410085424,-0.0656884057971014));
#2333=CARTESIAN_POINT('',(0.00857592566907599,0.00372505019006234,-0.0654347826086957));
#2334=CARTESIAN_POINT('',(0.00849110963745619,0.00392031627927045,-0.0651811594202898));
#2335=CARTESIAN_POINT('',(0.00839749404515056,0.00411151964140522,-0.0649275362318841));
#2336=CARTESIAN_POINT('',(0.00830387845284495,0.00430272300353995,-0.0646739130434782));
#2337=CARTESIAN_POINT('',(0.00820165733246426,0.00448946734043531,-0.0644202898550725));
#2338=CARTESIAN_POINT('',(0.00809943621208359,0.00467621167733066,-0.0641666666666666));
#2339=CARTESIAN_POINT('',(0.00798882143250968,0.00485810993283128,-0.0639130434782609));
#2340=CARTESIAN_POINT('',(0.00787820665293576,0.00504000818833195,-0.0636594202898551));
#2341=CARTESIAN_POINT('',(0.0077594274801909,0.00521668335052631,-0.0634057971014493));
#2342=CARTESIAN_POINT('',(0.00764064830744601,0.00539335851272069,-0.0631521739130435));
#2343=CARTESIAN_POINT('',(0.00751395092950406,0.00556444439535568,-0.0628985507246377));
#2344=CARTESIAN_POINT('',(0.0073872535515621,0.00573553027799066,-0.0626449275362319));
#2345=CARTESIAN_POINT('',(0.00725290056808633,0.00590067227944859,-0.0623913043478261));
#2346=CARTESIAN_POINT('',(0.00711854758461058,0.0060658142809065,-0.0621376811594203));
#2347=CARTESIAN_POINT('',(0.00697681746267586,0.00622467011917107,-0.0618840579710145));
#2348=CARTESIAN_POINT('',(0.00683508734074116,0.00638352595743562,-0.0616304347826087));
#2349=CARTESIAN_POINT('',(0.00668627383766833,0.00653576637952368,-0.0613768115942029));
#2350=CARTESIAN_POINT('',(0.00653746033459547,0.00668800680161177,-0.0611231884057971));
#2351=CARTESIAN_POINT('',(0.00638187188909443,0.00683331626600045,-0.0608695652173913));
#2352=CARTESIAN_POINT('',(0.00622628344359336,0.00697862573038916,-0.0606159420289855));
#2353=CARTESIAN_POINT('',(0.00606424253647678,0.00711670306102381,-0.0603623188405797));
#2354=CARTESIAN_POINT('',(0.00590220162936019,0.00725478039165847,-0.0601086956521739));
#2355=CARTESIAN_POINT('',(0.00573404411515275,0.00738533940218607,-0.0598550724637681));
#2356=CARTESIAN_POINT('',(0.00556588660094534,0.00751589841271365,-0.0596014492753623));
#2357=CARTESIAN_POINT('',(0.00539196101177401,0.00763866849964764,-0.0593478260869566));
#2358=CARTESIAN_POINT('',(0.0052180354226027,0.0077614385865816,-0.0590942028985507));
#2359=CARTESIAN_POINT('',(0.00503870224581065,0.00787616529016899,-0.058840579710145));
#2360=CARTESIAN_POINT('',(0.00485936906901857,0.00799089199375639,-0.0585869565217391));
#2361=CARTESIAN_POINT('',(0.004675,0.00809733752538449,-0.0583333333333334));
#2362=CARTESIAN_POINT('',(0.00449063093098143,0.00820378305701262,-0.0580797101449276));
#2363=CARTESIAN_POINT('',(0.00430160810278628,0.0083017267920622,-0.0578260869565218));
#2364=CARTESIAN_POINT('',(0.00411258527459114,0.0083996705271118,-0.057572463768116));
#2365=CARTESIAN_POINT('',(0.00391930046589581,0.00848890946223535,-0.0573188405797102));
#2366=CARTESIAN_POINT('',(0.00372601565720053,0.00857814839735889,-0.0570652173913044));
#2367=CARTESIAN_POINT('',(0.00352886948028694,0.00865849757123598,-0.0568115942028986));
#2368=CARTESIAN_POINT('',(0.00333172330337339,0.00873884674511306,-0.0565579710144928));
#2369=CARTESIAN_POINT('',(0.00313112437379875,0.00881013962181096,-0.056304347826087));
#2370=CARTESIAN_POINT('',(0.00293052544422407,0.00888143249850888,-0.0560507246376812));
#2371=CARTESIAN_POINT('',(0.00272688953390263,0.00894352131265378,-0.0557971014492754));
#2372=CARTESIAN_POINT('',(0.00252325362358117,0.00900561012679868,-0.0555434782608696));
#2373=CARTESIAN_POINT('',(0.00231700279903363,0.00905836618984187,-0.0552898550724638));
#2374=CARTESIAN_POINT('',(0.00211075197448609,0.00911112225288506,-0.055036231884058));
#2375=CARTESIAN_POINT('',(0.00190231372204213,0.00915443621982972,-0.0547826086956522));
#2376=CARTESIAN_POINT('',(0.00169387546959821,0.00919775018677437,-0.0545289855072464));
#2377=CARTESIAN_POINT('',(0.00148368180936595,0.00923153228280964,-0.0542753623188406));
#2378=CARTESIAN_POINT('',(0.00127348814913372,0.00926531437884492,-0.0540217391304348));
#2379=CARTESIAN_POINT('',(0.00106197473957196,0.00928949458541804,-0.053768115942029));
#2380=CARTESIAN_POINT('',(0.000850461330010175,0.00931367479199117,-0.0535144927536232));
#2381=CARTESIAN_POINT('',(0.000638066564959691,0.00932820299193154,-0.0532608695652174));
#2382=CARTESIAN_POINT('',(0.000425671799909174,0.00934273119187191,-0.0530072463768117));
#2383=CARTESIAN_POINT('',(0.000212835899954599,0.00934757727326662,-0.0527536231884058));
#2384=CARTESIAN_POINT('',(2.40579611526313E-17,0.00935242335466131,-0.0525000000000001));
#2385=CARTESIAN_POINT('',(-0.000212835899954584,0.00934757727326662,-0.0522463768115942));
#2386=CARTESIAN_POINT('',(-0.000425671799909159,0.00934273119187191,-0.0519927536231885));
#2387=CARTESIAN_POINT('',(-0.000638066564959676,0.00932820299193154,-0.0517391304347826));
#2388=CARTESIAN_POINT('',(-0.000850461330010161,0.00931367479199117,-0.0514855072463769));
#2389=CARTESIAN_POINT('',(-0.00106197473957192,0.00928949458541804,-0.051231884057971));
#2390=CARTESIAN_POINT('',(-0.0012734881491337,0.00926531437884492,-0.0509782608695653));
#2391=CARTESIAN_POINT('',(-0.00148368180936593,0.00923153228280964,-0.0507246376811594));
#2392=CARTESIAN_POINT('',(-0.00169387546959819,0.00919775018677437,-0.0504710144927537));
#2393=CARTESIAN_POINT('',(-0.00190231372204211,0.00915443621982972,-0.0502173913043479));
#2394=CARTESIAN_POINT('',(-0.00211075197448604,0.00911112225288509,-0.0499637681159421));
#2395=CARTESIAN_POINT('',(-0.00231700279903361,0.00905836618984188,-0.0497101449275363));
#2396=CARTESIAN_POINT('',(-0.00252325362358115,0.00900561012679868,-0.0494565217391305));
#2397=CARTESIAN_POINT('',(-0.00272688953390262,0.00894352131265378,-0.0492028985507247));
#2398=CARTESIAN_POINT('',(-0.00293052544422405,0.00888143249850889,-0.0489492753623189));
#2399=CARTESIAN_POINT('',(-0.0031311243737987,0.00881013962181098,-0.0486956521739131));
#2400=CARTESIAN_POINT('',(-0.00333172330337338,0.00873884674511307,-0.0484420289855073));
#2401=CARTESIAN_POINT('',(-0.00352886948028693,0.00865849757123599,-0.0481884057971015));
#2402=CARTESIAN_POINT('',(-0.00372601565720051,0.00857814839735889,-0.0479347826086957));
#2403=CARTESIAN_POINT('',(-0.0039193004658958,0.00848890946223536,-0.0476811594202899));
#2404=CARTESIAN_POINT('',(-0.00411258527459109,0.00839967052711182,-0.047427536231884));
#2405=CARTESIAN_POINT('',(-0.00430160810278627,0.00830172679206221,-0.0471739130434783));
#2406=CARTESIAN_POINT('',(-0.00449063093098142,0.00820378305701262,-0.0469202898550725));
#2407=CARTESIAN_POINT('',(-0.004675,0.0080973375253845,-0.0466666666666667));
#2408=CARTESIAN_POINT('',(-0.00485936906901856,0.00799089199375639,-0.0464130434782609));
#2409=CARTESIAN_POINT('',(-0.00503870224581061,0.00787616529016901,-0.0461594202898551));
#2410=CARTESIAN_POINT('',(-0.00521803542260269,0.00776143858658161,-0.0459057971014493));
#2411=CARTESIAN_POINT('',(-0.005391961011774,0.00763866849964764,-0.0456521739130435));
#2412=CARTESIAN_POINT('',(-0.00556588660094533,0.00751589841271367,-0.0453985507246377));
#2413=CARTESIAN_POINT('',(-0.00573404411515274,0.00738533940218608,-0.0451449275362319));
#2414=CARTESIAN_POINT('',(-0.00590220162936016,0.0072547803916585,-0.0448913043478261));
#2415=CARTESIAN_POINT('',(-0.00606424253647677,0.00711670306102382,-0.0446376811594203));
#2416=CARTESIAN_POINT('',(-0.00622628344359335,0.00697862573038917,-0.0443840579710145));
#2417=CARTESIAN_POINT('',(-0.00638187188909442,0.00683331626600046,-0.0441304347826087));
#2418=CARTESIAN_POINT('',(-0.00653746033459546,0.00668800680161178,-0.0438768115942029));
#2419=CARTESIAN_POINT('',(-0.00668627383766829,0.00653576637952372,-0.0436231884057971));
#2420=CARTESIAN_POINT('',(-0.00683508734074115,0.00638352595743563,-0.0433695652173913));
#2421=CARTESIAN_POINT('',(-0.00697681746267585,0.00622467011917108,-0.0431159420289855));
#2422=CARTESIAN_POINT('',(-0.00711854758461057,0.00606581428090651,-0.0428623188405797));
#2423=CARTESIAN_POINT('',(-0.00725290056808632,0.0059006722794486,-0.042608695652174));
#2424=CARTESIAN_POINT('',(-0.00738725355156207,0.0057355302779907,-0.0423550724637681));
#2425=CARTESIAN_POINT('',(-0.00751395092950405,0.00556444439535569,-0.0421014492753624));
#2426=CARTESIAN_POINT('',(-0.00764064830744601,0.00539335851272071,-0.0418478260869565));
#2427=CARTESIAN_POINT('',(-0.00775942748019089,0.00521668335052632,-0.0415942028985508));
#2428=CARTESIAN_POINT('',(-0.00787820665293576,0.00504000818833196,-0.0413405797101449));
#2429=CARTESIAN_POINT('',(-0.00798882143250966,0.00485810993283132,-0.0410869565217392));
#2430=CARTESIAN_POINT('',(-0.00809943621208358,0.00467621167733066,-0.0408333333333334));
#2431=CARTESIAN_POINT('',(-0.00820165733246425,0.00448946734043533,-0.0405797101449275));
#2432=CARTESIAN_POINT('',(-0.00830387845284494,0.00430272300353996,-0.0403260869565218));
#2433=CARTESIAN_POINT('',(-0.00839749404515056,0.00411151964140523,-0.0400724637681159));
#2434=CARTESIAN_POINT('',(-0.00849110963745617,0.00392031627927049,-0.0398188405797102));
#2435=CARTESIAN_POINT('',(-0.00857592566907599,0.00372505019006236,-0.0395652173913043));
#2436=CARTESIAN_POINT('',(-0.00866074170069579,0.00352978410085426,-0.0393115942028986));
#2437=CARTESIAN_POINT('',(-0.00873658237745228,0.00333086000336105,-0.0390579710144927));
#2438=CARTESIAN_POINT('',(-0.00881242305420876,0.00313193590586786,-0.038804347826087));
#2439=CARTESIAN_POINT('',(-0.00887913118471798,0.00292976610065867,-0.0385507246376812));
#2440=CARTESIAN_POINT('',(-0.00894583931522721,0.00272759629544945,-0.0382971014492754));
#2441=CARTESIAN_POINT('',(-0.00900327663670192,0.0025225998103182,-0.0380434782608696));
#2442=CARTESIAN_POINT('',(-0.00906071395817664,0.00231760332518691,-0.0377898550724638));
#2443=CARTESIAN_POINT('',(-0.00910876142299703,0.00211020504665333,-0.037536231884058));
#2444=CARTESIAN_POINT('',(-0.00915680888781742,0.00190280676811975,-0.0372826086956522));
#2445=CARTESIAN_POINT('',(-0.00919536691027549,0.00169343656078715,-0.0370289855072464));
#2446=CARTESIAN_POINT('',(-0.00923392493273356,0.00148406635345459,-0.0367753623188406));
#2447=CARTESIAN_POINT('',(-0.00926291359543969,0.00127315816904993,-0.0365217391304348));
#2448=CARTESIAN_POINT('',(-0.00929190225814583,0.00106224998464525,-0.036268115942029));
#2449=CARTESIAN_POINT('',(-0.00931126147766982,0.000850240962587741,-0.0360144927536232));
#2450=CARTESIAN_POINT('',(-0.0093306206971938,0.000638231940530203,-0.0357608695652174));
#2451=CARTESIAN_POINT('',(-0.0093403103485969,0.000425561501893225,-0.0355072463768116));
#2452=CARTESIAN_POINT('',(-0.00935000000000001,0.000212891063256248,-0.0352536231884058));
#2453=CARTESIAN_POINT('',(-0.00935,8.58783567902082E-18,-0.035));
#2454=CARTESIAN_POINT('',(-0.00935000000000001,-0.000212891063256198,-0.0347463768115942));
#2455=CARTESIAN_POINT('',(-0.0093403103485969,-0.000425561501893208,-0.0344927536231885));
#2456=CARTESIAN_POINT('',(-0.0093306206971938,-0.000638231940530186,-0.0342391304347826));
#2457=CARTESIAN_POINT('',(-0.00931126147766982,-0.000850240962587691,-0.0339855072463768));
#2458=CARTESIAN_POINT('',(-0.00929190225814583,-0.00106224998464523,-0.033731884057971));
#2459=CARTESIAN_POINT('',(-0.0092629135954397,-0.00127315816904988,-0.0334782608695652));
#2460=CARTESIAN_POINT('',(-0.00923392493273356,-0.00148406635345457,-0.0332246376811594));
#2461=CARTESIAN_POINT('',(-0.00919536691027549,-0.00169343656078713,-0.0329710144927537));
#2462=CARTESIAN_POINT('',(-0.00915680888781743,-0.0019028067681197,-0.0327173913043478));
#2463=CARTESIAN_POINT('',(-0.00910876142299703,-0.00211020504665331,-0.0324637681159421));
#2464=CARTESIAN_POINT('',(-0.00906071395817664,-0.00231760332518689,-0.0322101449275362));
#2465=CARTESIAN_POINT('',(-0.00900327663670193,-0.00252259981031818,-0.0319565217391304));
#2466=CARTESIAN_POINT('',(-0.00894583931522721,-0.00272759629544943,-0.0317028985507247));
#2467=CARTESIAN_POINT('',(-0.008879131184718,-0.00292976610065862,-0.0314492753623189));
#2468=CARTESIAN_POINT('',(-0.00881242305420876,-0.00313193590586785,-0.0311956521739131));
#2469=CARTESIAN_POINT('',(-0.00873658237745228,-0.00333086000336103,-0.0309420289855073));
#2470=CARTESIAN_POINT('',(-0.00866074170069579,-0.00352978410085424,-0.0306884057971015));
#2471=CARTESIAN_POINT('',(-0.00857592566907599,-0.00372505019006234,-0.0304347826086956));
#2472=CARTESIAN_POINT('',(-0.00849110963745619,-0.00392031627927045,-0.0301811594202899));
#2473=CARTESIAN_POINT('',(-0.00839749404515056,-0.00411151964140522,-0.0299275362318841));
#2474=CARTESIAN_POINT('',(-0.00830387845284495,-0.00430272300353995,-0.0296739130434783));
#2475=CARTESIAN_POINT('',(-0.00820165733246426,-0.00448946734043531,-0.0294202898550725));
#2476=CARTESIAN_POINT('',(-0.00809943621208359,-0.00467621167733066,-0.0291666666666667));
#2477=CARTESIAN_POINT('',(-0.00798882143250968,-0.00485810993283128,-0.0289130434782609));
#2478=CARTESIAN_POINT('',(-0.00787820665293576,-0.00504000818833194,-0.0286594202898551));
#2479=CARTESIAN_POINT('',(-0.0077594274801909,-0.00521668335052631,-0.0284057971014493));
#2480=CARTESIAN_POINT('',(-0.00764064830744601,-0.00539335851272069,-0.0281521739130435));
#2481=CARTESIAN_POINT('',(-0.00751395092950406,-0.00556444439535567,-0.0278985507246377));
#2482=CARTESIAN_POINT('',(-0.0073872535515621,-0.00573553027799066,-0.0276449275362319));
#2483=CARTESIAN_POINT('',(-0.00725290056808633,-0.00590067227944859,-0.0273913043478261));
#2484=CARTESIAN_POINT('',(-0.00711854758461058,-0.00606581428090649,-0.0271376811594203));
#2485=CARTESIAN_POINT('',(-0.00697681746267586,-0.00622467011917107,-0.0268840579710145));
#2486=CARTESIAN_POINT('',(-0.00683508734074116,-0.00638352595743562,-0.0266304347826087));
#2487=CARTESIAN_POINT('',(-0.00668627383766833,-0.00653576637952368,-0.0263768115942029));
#2488=CARTESIAN_POINT('',(-0.00653746033459547,-0.00668800680161176,-0.0261231884057971));
#2489=CARTESIAN_POINT('',(-0.00638187188909443,-0.00683331626600045,-0.0258695652173913));
#2490=CARTESIAN_POINT('',(-0.00622628344359336,-0.00697862573038916,-0.0256159420289855));
#2491=CARTESIAN_POINT('',(-0.00606424253647678,-0.00711670306102381,-0.0253623188405797));
#2492=CARTESIAN_POINT('',(-0.0059022016293602,-0.00725478039165847,-0.0251086956521739));
#2493=CARTESIAN_POINT('',(-0.00573404411515275,-0.00738533940218607,-0.0248550724637681));
#2494=CARTESIAN_POINT('',(-0.00556588660094534,-0.00751589841271365,-0.0246014492753623));
#2495=CARTESIAN_POINT('',(-0.00539196101177401,-0.00763866849964763,-0.0243478260869565));
#2496=CARTESIAN_POINT('',(-0.0052180354226027,-0.0077614385865816,-0.0240942028985507));
#2497=CARTESIAN_POINT('',(-0.00503870224581065,-0.00787616529016899,-0.0238405797101449));
#2498=CARTESIAN_POINT('',(-0.00485936906901857,-0.00799089199375639,-0.0235869565217392));
#2499=CARTESIAN_POINT('',(-0.004675,-0.00809733752538449,-0.0233333333333334));
#2500=CARTESIAN_POINT('',(-0.00449063093098143,-0.00820378305701262,-0.0230797101449276));
#2501=CARTESIAN_POINT('',(-0.00430160810278628,-0.0083017267920622,-0.0228260869565218));
#2502=CARTESIAN_POINT('',(-0.00411258527459114,-0.0083996705271118,-0.022572463768116));
#2503=CARTESIAN_POINT('',(-0.00391930046589581,-0.00848890946223535,-0.0223188405797102));
#2504=CARTESIAN_POINT('',(-0.00372601565720053,-0.00857814839735889,-0.0220652173913044));
#2505=CARTESIAN_POINT('',(-0.00352886948028694,-0.00865849757123598,-0.0218115942028986));
#2506=CARTESIAN_POINT('',(-0.00333172330337339,-0.00873884674511306,-0.0215579710144928));
#2507=CARTESIAN_POINT('',(-0.00313112437379875,-0.00881013962181096,-0.021304347826087));
#2508=CARTESIAN_POINT('',(-0.00293052544422407,-0.00888143249850888,-0.0210507246376812));
#2509=CARTESIAN_POINT('',(-0.00272688953390263,-0.00894352131265378,-0.0207971014492754));
#2510=CARTESIAN_POINT('',(-0.00252325362358117,-0.00900561012679868,-0.0205434782608696));
#2511=CARTESIAN_POINT('',(-0.00231700279903363,-0.00905836618984187,-0.0202898550724638));
#2512=CARTESIAN_POINT('',(-0.00211075197448609,-0.00911112225288506,-0.020036231884058));
#2513=CARTESIAN_POINT('',(-0.00190231372204213,-0.00915443621982972,-0.0197826086956522));
#2514=CARTESIAN_POINT('',(-0.00169387546959821,-0.00919775018677437,-0.0195289855072464));
#2515=CARTESIAN_POINT('',(-0.00148368180936595,-0.00923153228280964,-0.0192753623188406));
#2516=CARTESIAN_POINT('',(-0.00127348814913372,-0.00926531437884492,-0.0190217391304348));
#2517=CARTESIAN_POINT('',(-0.00106197473957196,-0.00928949458541804,-0.018768115942029));
#2518=CARTESIAN_POINT('',(-0.000850461330010177,-0.00931367479199117,-0.0185144927536232));
#2519=CARTESIAN_POINT('',(-0.000638066564959692,-0.00932820299193154,-0.0182608695652174));
#2520=CARTESIAN_POINT('',(-0.000425671799909175,-0.00934273119187191,-0.0180072463768116));
#2521=CARTESIAN_POINT('',(-0.0002128358999546,-0.00934757727326662,-0.0177536231884058));
#2522=CARTESIAN_POINT('',(-2.52033026851869E-17,-0.00935242335466131,-0.0175));
#2523=CARTESIAN_POINT('',(0.000212835899954583,-0.00934757727326662,-0.0172463768115942));
#2524=CARTESIAN_POINT('',(0.000425671799909158,-0.00934273119187191,-0.0169927536231884));
#2525=CARTESIAN_POINT('',(0.000638066564959675,-0.00932820299193154,-0.0167391304347826));
#2526=CARTESIAN_POINT('',(0.00085046133001016,-0.00931367479199117,-0.0164855072463768));
#2527=CARTESIAN_POINT('',(0.00106197473957191,-0.00928949458541804,-0.0162318840579711));
#2528=CARTESIAN_POINT('',(0.0012734881491337,-0.00926531437884493,-0.0159782608695652));
#2529=CARTESIAN_POINT('',(0.00148368180936593,-0.00923153228280964,-0.0157246376811595));
#2530=CARTESIAN_POINT('',(0.00169387546959819,-0.00919775018677437,-0.0154710144927536));
#2531=CARTESIAN_POINT('',(0.00190231372204211,-0.00915443621982972,-0.0152173913043479));
#2532=CARTESIAN_POINT('',(0.00211075197448604,-0.00911112225288509,-0.014963768115942));
#2533=CARTESIAN_POINT('',(0.00231700279903361,-0.00905836618984188,-0.0147101449275362));
#2534=CARTESIAN_POINT('',(0.00252325362358115,-0.00900561012679868,-0.0144565217391304));
#2535=CARTESIAN_POINT('',(0.00272688953390262,-0.00894352131265378,-0.0142028985507246));
#2536=CARTESIAN_POINT('',(0.00293052544422405,-0.00888143249850889,-0.0139492753623189));
#2537=CARTESIAN_POINT('',(0.0031311243737987,-0.00881013962181098,-0.013695652173913));
#2538=CARTESIAN_POINT('',(0.00333172330337338,-0.00873884674511307,-0.0134420289855073));
#2539=CARTESIAN_POINT('',(0.00352886948028693,-0.00865849757123599,-0.0131884057971015));
#2540=CARTESIAN_POINT('',(0.00372601565720051,-0.00857814839735889,-0.0129347826086957));
#2541=CARTESIAN_POINT('',(0.0039193004658958,-0.00848890946223536,-0.0126811594202899));
#2542=CARTESIAN_POINT('',(0.00411258527459109,-0.00839967052711182,-0.0124275362318841));
#2543=CARTESIAN_POINT('',(0.00430160810278627,-0.00830172679206221,-0.0121739130434783));
#2544=CARTESIAN_POINT('',(0.00449063093098142,-0.00820378305701262,-0.0119202898550725));
#2545=CARTESIAN_POINT('',(0.004675,-0.0080973375253845,-0.0116666666666667));
#2546=CARTESIAN_POINT('',(0.00485936906901856,-0.00799089199375639,-0.0114130434782609));
#2547=CARTESIAN_POINT('',(0.00503870224581061,-0.00787616529016901,-0.0111594202898551));
#2548=CARTESIAN_POINT('',(0.00521803542260269,-0.00776143858658161,-0.0109057971014493));
#2549=CARTESIAN_POINT('',(0.00539196101177399,-0.00763866849964764,-0.0106521739130435));
#2550=CARTESIAN_POINT('',(0.00556588660094533,-0.00751589841271365,-0.0103985507246377));
#2551=CARTESIAN_POINT('',(0.00573404411515274,-0.00738533940218608,-0.0101449275362319));
#2552=CARTESIAN_POINT('',(0.00590220162936016,-0.0072547803916585,-0.00989130434782609));
#2553=CARTESIAN_POINT('',(0.00606424253647677,-0.00711670306102382,-0.00963768115942032));
#2554=CARTESIAN_POINT('',(0.00622628344359335,-0.00697862573038917,-0.00938405797101449));
#2555=CARTESIAN_POINT('',(0.00638187188909442,-0.00683331626600046,-0.00913043478260872));
#2556=CARTESIAN_POINT('',(0.00653746033459546,-0.00668800680161178,-0.0088768115942029));
#2557=CARTESIAN_POINT('',(0.00668627383766829,-0.00653576637952371,-0.00862318840579712));
#2558=CARTESIAN_POINT('',(0.00683508734074115,-0.00638352595743563,-0.00836956521739129));
#2559=CARTESIAN_POINT('',(0.00697681746267585,-0.00622467011917108,-0.00811594202898552));
#2560=CARTESIAN_POINT('',(0.00711854758461057,-0.00606581428090651,-0.0078623188405797));
#2561=CARTESIAN_POINT('',(0.00725290056808632,-0.0059006722794486,-0.00760869565217393));
#2562=CARTESIAN_POINT('',(0.00738725355156207,-0.0057355302779907,-0.00735507246376816));
#2563=CARTESIAN_POINT('',(0.00751395092950405,-0.00556444439535569,-0.00710144927536233));
#2564=CARTESIAN_POINT('',(0.007640648307446,-0.00539335851272071,-0.00684782608695656));
#2565=CARTESIAN_POINT('',(0.00775942748019089,-0.00521668335052632,-0.00659420289855073));
#2566=CARTESIAN_POINT('',(0.00787820665293575,-0.00504000818833196,-0.00634057971014495));
#2567=CARTESIAN_POINT('',(0.00798882143250966,-0.00485810993283132,-0.00608695652173913));
#2568=CARTESIAN_POINT('',(0.00809943621208358,-0.00467621167733066,-0.00583333333333336));
#2569=CARTESIAN_POINT('',(0.00820165733246425,-0.00448946734043533,-0.00557971014492753));
#2570=CARTESIAN_POINT('',(0.00830387845284494,-0.00430272300353996,-0.00532608695652176));
#2571=CARTESIAN_POINT('',(0.00839749404515056,-0.00411151964140523,-0.00507246376811593));
#2572=CARTESIAN_POINT('',(0.00849110963745617,-0.00392031627927049,-0.00481884057971017));
#2573=CARTESIAN_POINT('',(0.00857592566907598,-0.00372505019006236,-0.00456521739130433));
#2574=CARTESIAN_POINT('',(0.00866074170069579,-0.00352978410085426,-0.00431159420289856));
#2575=CARTESIAN_POINT('',(0.00873658237745228,-0.00333086000336105,-0.00405797101449279));
#2576=CARTESIAN_POINT('',(0.00881242305420876,-0.00313193590586786,-0.00380434782608696));
#2577=CARTESIAN_POINT('',(0.00887913118471798,-0.00292976610065867,-0.00355072463768119));
#2578=CARTESIAN_POINT('',(0.00894583931522721,-0.00272759629544945,-0.00329710144927536));
#2579=CARTESIAN_POINT('',(0.00900327663670192,-0.0025225998103182,-0.00304347826086959));
#2580=CARTESIAN_POINT('',(0.00906071395817663,-0.00231760332518694,-0.00278985507246376));
#2581=CARTESIAN_POINT('',(0.00910876142299703,-0.00211020504665333,-0.00253623188405799));
#2582=CARTESIAN_POINT('',(0.00915680888781742,-0.00190280676811975,-0.00228260869565217));
#2583=CARTESIAN_POINT('',(0.00919536691027549,-0.00169343656078715,-0.00202898550724639));
#2584=CARTESIAN_POINT('',(0.00923392493273356,-0.00148406635345459,-0.00177536231884057));
#2585=CARTESIAN_POINT('',(0.00926291359543969,-0.00127315816904993,-0.00152173913043479));
#2586=CARTESIAN_POINT('',(0.00929190225814583,-0.00106224998464525,-0.00126811594202902));
#2587=CARTESIAN_POINT('',(0.00931126147766982,-0.000850240962587741,-0.0010144927536232));
#2588=CARTESIAN_POINT('',(0.0093306206971938,-0.000638231940530203,-0.000760869565217426));
#2589=CARTESIAN_POINT('',(0.0093403103485969,-0.000425561501893225,-0.000507246376811599));
#2590=CARTESIAN_POINT('',(0.00935000000000001,-0.000212891063256248,-0.000253623188405827));
#2591=CARTESIAN_POINT('',(0.00935,-8.58783567902082E-18,0.));
#2592=CARTESIAN_POINT('',(0.,0.,0.));
#2593=CARTESIAN_POINT('',(0.,5.51091059616309E-19,-0.28));
#2594=CARTESIAN_POINT('',(0.,5.51091059616309E-19,-0.28));
#2595=CARTESIAN_POINT('',(0.009,-1.92592994438724E-34,-0.28));
#2596=CARTESIAN_POINT('',(0.,5.51091059616309E-19,0.));
#2597=CARTESIAN_POINT('',(0.009,-1.92592994438724E-34,0.));
#2598=CARTESIAN_POINT('',(0.,5.72522378601388E-19,-0.28));
#2599=CARTESIAN_POINT('',(0.,5.72522378601388E-19,-0.28));
#2600=CARTESIAN_POINT('',(0.00935,0.,-0.28));
#2601=CARTESIAN_POINT('',(0.,5.72522378601388E-19,0.));
#2602=CARTESIAN_POINT('',(0.00935,0.,0.));
#2603=CARTESIAN_POINT('',(0.,0.,-0.28));
#2604=CARTESIAN_POINT('',(0.,0.,0.));
#2605=CARTESIAN_POINT('',(0.,0.,0.));
#2606=CARTESIAN_POINT('',(-0.00734578307972222,0.00562673048454133,-0.22));
#2607=CARTESIAN_POINT('',(-0.00794578307972222,0.0045875,-0.22));
#2608=CARTESIAN_POINT('',(-0.00779422863405994,0.0045,-0.22));
#2609=CARTESIAN_POINT('',(-0.0080973375253845,0.004675,-0.22));
#2610=CARTESIAN_POINT('',(-0.0074973375253845,0.00571423048454133,-0.22));
#2611=CARTESIAN_POINT('',(-0.0074973375253845,0.00571423048454133,-0.22));
#2612=CARTESIAN_POINT('',(-0.00734578307972222,0.00562673048454133,-0.22));
#2613=CARTESIAN_POINT('',(-0.00719422863405994,0.00553923048454133,-0.22));
#2614=CARTESIAN_POINT('',(-0.00719422863405994,0.00553923048454133,-0.22));
#2615=CARTESIAN_POINT('',(-0.0122171759760097,0.00843923048454133,-0.215));
#2616=CARTESIAN_POINT('',(-0.0168205790849897,0.0104041861856718,-0.210441154232292));
#2617=CARTESIAN_POINT('',(-0.0171205790849897,0.00988457094340111,-0.210441154232292));
#2618=CARTESIAN_POINT('',(-0.0165205790849897,0.0109238014279424,-0.210441154232292));
#2619=CARTESIAN_POINT('',(-0.0122171759760097,0.00843923048454133,-0.215));
#2620=CARTESIAN_POINT('',(-0.0128171759760097,0.0074,-0.215));
#2621=CARTESIAN_POINT('',(-0.00734578307972222,0.00562673048454133,-0.17));
#2622=CARTESIAN_POINT('',(-0.00719422863405994,0.00553923048454133,-0.17));
#2623=CARTESIAN_POINT('',(-0.00722300226988072,0.00548939308538126,-0.17));
#2624=CARTESIAN_POINT('',(-0.00776545499823917,0.00454983739916008,-0.17));
#2625=CARTESIAN_POINT('',(-0.00726803151993513,0.00488902027754079,-0.17));
#2626=CARTESIAN_POINT('',(-0.00719422863405994,0.00553923048454133,-0.195));
#2627=CARTESIAN_POINT('',(-0.00719422863405994,0.00553923048454133,-0.195));
#2628=CARTESIAN_POINT('',(-0.00719422863405994,0.00553923048454133,-0.171346132713369));
#2629=CARTESIAN_POINT('',(-0.00749422863405994,0.00501961524227067,-0.171346132713369));
#2630=CARTESIAN_POINT('',(-0.00749422863405995,0.00501961524227067,-0.171346132713369));
#2631=CARTESIAN_POINT('',(-0.00779422863405994,0.0045,-0.171346132713369));
#2632=CARTESIAN_POINT('',(-0.00779422863405994,0.0045,-0.195));
#2633=CARTESIAN_POINT('',(-0.00411983845062518,0.00376423048454133,-0.225));
#2634=CARTESIAN_POINT('',(-0.0103846628238116,0.00738122852282622,-0.190299096857488));
#2635=CARTESIAN_POINT('',(-0.0103720022044883,0.00737391891085181,-0.190257536492262));
#2636=CARTESIAN_POINT('',(-0.00698723562361073,0.00541972301423811,-0.170114286481013));
#2637=CARTESIAN_POINT('',(-0.00471983845062519,0.002725,-0.225));
#2638=CARTESIAN_POINT('',(-0.0163712952252979,0.00945197170530864,-0.222389533368089));
#2639=CARTESIAN_POINT('',(-0.0109720022044882,0.00633468842631047,-0.190257536492262));
#2640=CARTESIAN_POINT('',(-0.0197018786458154,0.0113748849397028,-0.218914653811264));
#2641=CARTESIAN_POINT('',(-0.00897598516099038,0.00587510777196745,-0.180164286481013));
#2642=CARTESIAN_POINT('',(-0.0106720022044882,0.00685430366858113,-0.190257536492262));
#2643=CARTESIAN_POINT('',(-0.0137157517370571,0.00861161328055556,-0.200249096857488));
#2644=CARTESIAN_POINT('',(0.,0.,0.));
#2645=CARTESIAN_POINT('',(0.00764578307972224,-0.00510711524227068,-0.24));
#2646=CARTESIAN_POINT('',(0.00749422863405997,-0.00501961524227068,-0.24));
#2647=CARTESIAN_POINT('',(0.00753535153964946,-0.00494838828043481,-0.24));
#2648=CARTESIAN_POINT('',(0.00805310572847047,-0.00405161171956523,-0.24));
#2649=CARTESIAN_POINT('',(0.00748458247644572,-0.0043212257075479,-0.24));
#2650=CARTESIAN_POINT('',(0.00749422863405997,-0.00501961524227068,-0.26));
#2651=CARTESIAN_POINT('',(0.00749422863405997,-0.00501961524227068,-0.26));
#2652=CARTESIAN_POINT('',(0.00749422863405997,-0.00501961524227068,-0.240572077735847));
#2653=CARTESIAN_POINT('',(0.00749422863405997,-0.00501961524227068,-0.28));
#2654=CARTESIAN_POINT('',(0.00779422863405997,-0.0045,-0.240572077735847));
#2655=CARTESIAN_POINT('',(0.00779422863405997,-0.0045,-0.240572077735847));
#2656=CARTESIAN_POINT('',(0.00809422863405996,-0.00398038475772935,-0.240572077735847));
#2657=CARTESIAN_POINT('',(0.00809422863405996,-0.00398038475772935,-0.26));
#2658=CARTESIAN_POINT('',(0.00809422863405996,-0.00398038475772935,-0.28));
#2659=CARTESIAN_POINT('',(0.00749422863405997,-0.00501961524227068,-0.28));
#2660=CARTESIAN_POINT('',(0.00764578307972224,-0.00510711524227068,-0.28));
#2661=CARTESIAN_POINT('',(0.00824578307972224,-0.00406788475772935,-0.28));
#2662=CARTESIAN_POINT('',(0.00839733752538452,-0.00415538475772935,-0.28));
#2663=CARTESIAN_POINT('',(0.00779733752538452,-0.00519461524227068,-0.28));
#2664=CARTESIAN_POINT('',(0.00779733752538452,-0.00519461524227068,-0.28));
#2665=CARTESIAN_POINT('',(0.00764578307972224,-0.00510711524227068,-0.28));
#2666=CARTESIAN_POINT('',(0.0171720625213511,-0.0106071152422707,-0.2626));
#2667=CARTESIAN_POINT('',(0.0268498964086421,-0.0161946152422707,-0.2802));
#2668=CARTESIAN_POINT('',(0.0268498964086421,-0.0161946152422707,-0.276332077735847));
#2669=CARTESIAN_POINT('',(0.0268498964086421,-0.0161946152422707,-0.2852));
#2670=CARTESIAN_POINT('',(0.0187865371522184,-0.0115392326050018,-0.261434853296586));
#2671=CARTESIAN_POINT('',(0.0173236169670134,-0.0106946152422707,-0.2826));
#2672=CARTESIAN_POINT('',(0.0177720625213511,-0.00956788475772935,-0.2626));
#2673=CARTESIAN_POINT('',(0.0270092635644614,-0.0149009852665278,-0.275517999364002));
#2674=CARTESIAN_POINT('',(0.0274498964086421,-0.0151553847577294,-0.276332077735847));
#2675=CARTESIAN_POINT('',(0.0274498964086421,-0.0151553847577294,-0.2802));
#2676=CARTESIAN_POINT('',(0.0274498964086421,-0.0151553847577294,-0.2852));
#2677=CARTESIAN_POINT('',(0.0179236169670134,-0.00965538475772935,-0.2826));
#2678=CARTESIAN_POINT('',(0.0173236169670134,-0.0106946152422707,-0.2826));
#2679=CARTESIAN_POINT('',(0.0268498964086421,-0.0161946152422707,-0.2852));
#2680=CARTESIAN_POINT('',(0.0268498964086421,-0.0161946152422707,-0.2802));
#2681=CARTESIAN_POINT('',(0.0271498964086422,-0.015675,-0.276332077735847));
#2682=CARTESIAN_POINT('',(0.0190865371522184,-0.0110196173627311,-0.261434853296586));
#2683=CARTESIAN_POINT('',(0.,0.,0.));
#2684=CARTESIAN_POINT('',(0.00854578307972223,0.00354826951545867,-0.22));
#2685=CARTESIAN_POINT('',(0.00794578307972223,0.0045875,-0.22));
#2686=CARTESIAN_POINT('',(0.00779422863405995,0.0045,-0.22));
#2687=CARTESIAN_POINT('',(0.00809733752538451,0.004675,-0.22));
#2688=CARTESIAN_POINT('',(0.0086973375253845,0.00363576951545867,-0.22));
#2689=CARTESIAN_POINT('',(0.0086973375253845,0.00363576951545867,-0.22));
#2690=CARTESIAN_POINT('',(0.00854578307972223,0.00354826951545867,-0.22));
#2691=CARTESIAN_POINT('',(0.00839422863405995,0.00346076951545867,-0.22));
#2692=CARTESIAN_POINT('',(0.00839422863405995,0.00346076951545867,-0.22));
#2693=CARTESIAN_POINT('',(0.0134171759760097,0.00636076951545866,-0.215));
#2694=CARTESIAN_POINT('',(0.0128171759760097,0.0074,-0.215));
#2695=CARTESIAN_POINT('',(0.0171205790849898,0.00988457094340108,-0.210441154232292));
#2696=CARTESIAN_POINT('',(0.0174205790849897,0.00936495570113042,-0.210441154232292));
#2697=CARTESIAN_POINT('',(0.0177205790849898,0.00884534045885975,-0.210441154232292));
#2698=CARTESIAN_POINT('',(0.0134171759760097,0.00636076951545866,-0.215));
#2699=CARTESIAN_POINT('',(0.00854578307972223,0.00354826951545867,-0.17));
#2700=CARTESIAN_POINT('',(0.00839422863405995,0.00346076951545867,-0.17));
#2701=CARTESIAN_POINT('',(0.00836545499823917,0.00351060691461874,-0.17));
#2702=CARTESIAN_POINT('',(0.00782300226988073,0.00445016260083993,-0.17));
#2703=CARTESIAN_POINT('',(0.00786803151993514,0.00384978979299945,-0.17));
#2704=CARTESIAN_POINT('',(0.00839422863405995,0.00346076951545867,-0.195));
#2705=CARTESIAN_POINT('',(0.00839422863405995,0.00346076951545867,-0.195));
#2706=CARTESIAN_POINT('',(0.00839422863405995,0.00346076951545867,-0.171346132713369));
#2707=CARTESIAN_POINT('',(0.00809422863405995,0.00398038475772934,-0.171346132713369));
#2708=CARTESIAN_POINT('',(0.00809422863405995,0.00398038475772934,-0.171346132713369));
#2709=CARTESIAN_POINT('',(0.00779422863405995,0.0045,-0.171346132713369));
#2710=CARTESIAN_POINT('',(0.00779422863405995,0.0045,-0.195));
#2711=CARTESIAN_POINT('',(0.00531983845062519,0.00168576951545867,-0.225));
#2712=CARTESIAN_POINT('',(0.0115846628238116,0.00530276755374355,-0.190299096857488));
#2713=CARTESIAN_POINT('',(0.0115720022044883,0.00529545794176913,-0.190257536492262));
#2714=CARTESIAN_POINT('',(0.00818723562361074,0.00334126204515545,-0.170114286481013));
#2715=CARTESIAN_POINT('',(0.00471983845062519,0.002725,-0.225));
#2716=CARTESIAN_POINT('',(0.016371295225298,0.00945197170530861,-0.222389533368089));
#2717=CARTESIAN_POINT('',(0.0109720022044883,0.00633468842631046,-0.190257536492262));
#2718=CARTESIAN_POINT('',(0.0197018786458154,0.0113748849397028,-0.218914653811264));
#2719=CARTESIAN_POINT('',(0.016671295225298,0.00893235646303795,-0.222389533368089));
#2720=CARTESIAN_POINT('',(0.0112720022044883,0.0058150731840398,-0.190257536492262));
#2721=CARTESIAN_POINT('',(0.0200018786458154,0.0108552696974322,-0.218914653811264));
#2722=CARTESIAN_POINT('',(0.,0.,0.));
#2723=CARTESIAN_POINT('',(0.0006,0.009175,-0.24));
#2724=CARTESIAN_POINT('',(0.0006,0.009,-0.24));
#2725=CARTESIAN_POINT('',(0.000517754188821006,0.009,-0.24));
#2726=CARTESIAN_POINT('',(-0.000517754188821001,0.009,-0.24));
#2727=CARTESIAN_POINT('',(0.,0.00864245141509579,-0.24));
#2728=CARTESIAN_POINT('',(0.0006,0.009,-0.26));
#2729=CARTESIAN_POINT('',(0.0006,0.009,-0.26));
#2730=CARTESIAN_POINT('',(0.0006,0.009,-0.240572077735847));
#2731=CARTESIAN_POINT('',(0.0006,0.009,-0.28));
#2732=CARTESIAN_POINT('',(0.,0.009,-0.240572077735847));
#2733=CARTESIAN_POINT('',(0.,0.009,-0.240572077735847));
#2734=CARTESIAN_POINT('',(-0.0006,0.009,-0.240572077735847));
#2735=CARTESIAN_POINT('',(-0.0006,0.009,-0.26));
#2736=CARTESIAN_POINT('',(-0.0006,0.009,-0.28));
#2737=CARTESIAN_POINT('',(0.0006,0.009,-0.28));
#2738=CARTESIAN_POINT('',(0.0006,0.009175,-0.28));
#2739=CARTESIAN_POINT('',(-0.0006,0.009175,-0.28));
#2740=CARTESIAN_POINT('',(-0.0006,0.00935,-0.28));
#2741=CARTESIAN_POINT('',(0.0006,0.00935,-0.28));
#2742=CARTESIAN_POINT('',(0.0006,0.00935,-0.28));
#2743=CARTESIAN_POINT('',(0.0006,0.009175,-0.28));
#2744=CARTESIAN_POINT('',(0.0006,0.020175,-0.2626));
#2745=CARTESIAN_POINT('',(0.0006,0.03135,-0.2802));
#2746=CARTESIAN_POINT('',(0.0006,0.03135,-0.276332077735847));
#2747=CARTESIAN_POINT('',(0.0006,0.03135,-0.2852));
#2748=CARTESIAN_POINT('',(0.0006,0.0220392347254621,-0.261434853296586));
#2749=CARTESIAN_POINT('',(0.0006,0.02035,-0.2826));
#2750=CARTESIAN_POINT('',(-0.0006,0.020175,-0.2626));
#2751=CARTESIAN_POINT('',(-0.0006,0.030841201017597,-0.275517999364002));
#2752=CARTESIAN_POINT('',(-0.0006,0.03135,-0.276332077735847));
#2753=CARTESIAN_POINT('',(-0.0006,0.03135,-0.2802));
#2754=CARTESIAN_POINT('',(-0.0006,0.03135,-0.2852));
#2755=CARTESIAN_POINT('',(-0.0006,0.02035,-0.2826));
#2756=CARTESIAN_POINT('',(0.0006,0.02035,-0.2826));
#2757=CARTESIAN_POINT('',(0.0006,0.03135,-0.2852));
#2758=CARTESIAN_POINT('',(0.0006,0.03135,-0.2802));
#2759=CARTESIAN_POINT('',(0.,0.03135,-0.276332077735847));
#2760=CARTESIAN_POINT('',(0.,0.0220392347254621,-0.261434853296586));
#2761=CARTESIAN_POINT('',(0.,0.,0.));
#2762=CARTESIAN_POINT('',(-0.0012,-0.009175,-0.22));
#2763=CARTESIAN_POINT('',(-1.04083408558608E-17,-0.009175,-0.22));
#2764=CARTESIAN_POINT('',(-1.04083408558608E-17,-0.009,-0.22));
#2765=CARTESIAN_POINT('',(-1.04083408558608E-17,-0.00935,-0.22));
#2766=CARTESIAN_POINT('',(-0.0012,-0.00935,-0.22));
#2767=CARTESIAN_POINT('',(-0.0012,-0.00935,-0.22));
#2768=CARTESIAN_POINT('',(-0.0012,-0.009175,-0.22));
#2769=CARTESIAN_POINT('',(-0.0012,-0.009,-0.22));
#2770=CARTESIAN_POINT('',(-0.0012,-0.009,-0.22));
#2771=CARTESIAN_POINT('',(-0.00120000000000002,-0.0148,-0.215));
#2772=CARTESIAN_POINT('',(-0.000600000000000023,-0.0197691418868022,-0.210441154232292));
#2773=CARTESIAN_POINT('',(-2.20950050972958E-17,-0.0197691418868022,-0.210441154232292));
#2774=CARTESIAN_POINT('',(-0.00120000000000002,-0.0197691418868022,-0.210441154232292));
#2775=CARTESIAN_POINT('',(-0.00120000000000002,-0.0148,-0.215));
#2776=CARTESIAN_POINT('',(-1.64798730217796E-17,-0.0148,-0.215));
#2777=CARTESIAN_POINT('',(-0.0012,-0.009175,-0.17));
#2778=CARTESIAN_POINT('',(-0.00060000000000001,-0.00873881007054024,-0.17));
#2779=CARTESIAN_POINT('',(-0.00114245272835845,-0.009,-0.17));
#2780=CARTESIAN_POINT('',(-5.75472716415654E-5,-0.009,-0.17));
#2781=CARTESIAN_POINT('',(-0.0012,-0.009,-0.17));
#2782=CARTESIAN_POINT('',(-0.0012,-0.009,-0.195));
#2783=CARTESIAN_POINT('',(-0.000600000000000011,-0.009,-0.171346132713369));
#2784=CARTESIAN_POINT('',(-1.04083408558608E-17,-0.009,-0.171346132713369));
#2785=CARTESIAN_POINT('',(-1.04083408558608E-17,-0.009,-0.195));
#2786=CARTESIAN_POINT('',(-0.0012,-0.009,-0.195));
#2787=CARTESIAN_POINT('',(-0.0012,-0.009,-0.171346132713369));
#2788=CARTESIAN_POINT('',(-0.00060000000000001,-0.009,-0.171346132713369));
#2789=CARTESIAN_POINT('',(-0.0012,-0.00545,-0.225));
#2790=CARTESIAN_POINT('',(-0.00120000000000001,-0.0126839960765698,-0.190299096857488));
#2791=CARTESIAN_POINT('',(-0.00120000000000001,-0.0126693768526209,-0.190257536492262));
#2792=CARTESIAN_POINT('',(-0.0012,-0.00876098505939355,-0.170114286481013));
#2793=CARTESIAN_POINT('',(-6.50521303491303E-18,-0.00545,-0.225));
#2794=CARTESIAN_POINT('',(-2.21889346687077E-17,-0.0189039434106172,-0.222389533368089));
#2795=CARTESIAN_POINT('',(-1.49210873604E-17,-0.0126693768526209,-0.190257536492262));
#2796=CARTESIAN_POINT('',(-2.66721460177876E-17,-0.0227497698794056,-0.218914653811264));
#2797=CARTESIAN_POINT('',(-0.000600000000000013,-0.0107109850593935,-0.180164286481013));
#2798=CARTESIAN_POINT('',(-0.000600000000000015,-0.0126693768526209,-0.190257536492262));
#2799=CARTESIAN_POINT('',(-0.000600000000000019,-0.0161839960765698,-0.200249096857488));
#2800=MECHANICAL_DESIGN_GEOMETRIC_PRESENTATION_REPRESENTATION('',(#939),
#2809);
#2801=MECHANICAL_DESIGN_GEOMETRIC_PRESENTATION_REPRESENTATION('',(#940),
#2810);
#2802=MECHANICAL_DESIGN_GEOMETRIC_PRESENTATION_REPRESENTATION('',(#941,
#942),#2811);
#2803=MECHANICAL_DESIGN_GEOMETRIC_PRESENTATION_REPRESENTATION('',(#943),
#2812);
#2804=MECHANICAL_DESIGN_GEOMETRIC_PRESENTATION_REPRESENTATION('',(#944),
#2813);
#2805=MECHANICAL_DESIGN_GEOMETRIC_PRESENTATION_REPRESENTATION('',(#945),
#2814);
#2806=MECHANICAL_DESIGN_GEOMETRIC_PRESENTATION_REPRESENTATION('',(#946),
#2815);
#2807=MECHANICAL_DESIGN_GEOMETRIC_PRESENTATION_REPRESENTATION('',(#947),
#2816);
#2808=MECHANICAL_DESIGN_GEOMETRIC_PRESENTATION_REPRESENTATION('',(#948),
#2817);
#2809=(
GEOMETRIC_REPRESENTATION_CONTEXT(3)
GLOBAL_UNCERTAINTY_ASSIGNED_CONTEXT((#2818))
GLOBAL_UNIT_ASSIGNED_CONTEXT((#2845,#2836,#2827))
REPRESENTATION_CONTEXT('Nosecone','TOP_LEVEL_ASSEMBLY_PART')
);
#2810=(
GEOMETRIC_REPRESENTATION_CONTEXT(3)
GLOBAL_UNCERTAINTY_ASSIGNED_CONTEXT((#2819))
GLOBAL_UNIT_ASSIGNED_CONTEXT((#2846,#2837,#2828))
REPRESENTATION_CONTEXT('Balsa Fin 2','TOP_LEVEL_ASSEMBLY_PART')
);
#2811=(
GEOMETRIC_REPRESENTATION_CONTEXT(3)
GLOBAL_UNCERTAINTY_ASSIGNED_CONTEXT((#2820))
GLOBAL_UNIT_ASSIGNED_CONTEXT((#2847,#2838,#2829))
REPRESENTATION_CONTEXT('Curve 1','TOP_LEVEL_ASSEMBLY_PART')
);
#2812=(
GEOMETRIC_REPRESENTATION_CONTEXT(3)
GLOBAL_UNCERTAINTY_ASSIGNED_CONTEXT((#2821))
GLOBAL_UNIT_ASSIGNED_CONTEXT((#2848,#2839,#2830))
REPRESENTATION_CONTEXT('BT-20 Body Tube','TOP_LEVEL_ASSEMBLY_PART')
);
#2813=(
GEOMETRIC_REPRESENTATION_CONTEXT(3)
GLOBAL_UNCERTAINTY_ASSIGNED_CONTEXT((#2822))
GLOBAL_UNIT_ASSIGNED_CONTEXT((#2849,#2840,#2831))
REPRESENTATION_CONTEXT('Balsa Fin 5','TOP_LEVEL_ASSEMBLY_PART')
);
#2814=(
GEOMETRIC_REPRESENTATION_CONTEXT(3)
GLOBAL_UNCERTAINTY_ASSIGNED_CONTEXT((#2823))
GLOBAL_UNIT_ASSIGNED_CONTEXT((#2850,#2841,#2832))
REPRESENTATION_CONTEXT('Balsa Fin 3','TOP_LEVEL_ASSEMBLY_PART')
);
#2815=(
GEOMETRIC_REPRESENTATION_CONTEXT(3)
GLOBAL_UNCERTAINTY_ASSIGNED_CONTEXT((#2824))
GLOBAL_UNIT_ASSIGNED_CONTEXT((#2851,#2842,#2833))
REPRESENTATION_CONTEXT('Balsa Fin 4','TOP_LEVEL_ASSEMBLY_PART')
);
#2816=(
GEOMETRIC_REPRESENTATION_CONTEXT(3)
GLOBAL_UNCERTAINTY_ASSIGNED_CONTEXT((#2825))
GLOBAL_UNIT_ASSIGNED_CONTEXT((#2852,#2843,#2834))
REPRESENTATION_CONTEXT('Balsa Fin 1','TOP_LEVEL_ASSEMBLY_PART')
);
#2817=(
GEOMETRIC_REPRESENTATION_CONTEXT(3)
GLOBAL_UNCERTAINTY_ASSIGNED_CONTEXT((#2826))
GLOBAL_UNIT_ASSIGNED_CONTEXT((#2853,#2844,#2835))
REPRESENTATION_CONTEXT('Balsa Fin 6','TOP_LEVEL_ASSEMBLY_PART')
);
#2818=UNCERTAINTY_MEASURE_WITH_UNIT(LENGTH_MEASURE(1.E-8),#2845,
'DISTANCE_ACCURACY_VALUE','Maximum Tolerance applied to model');
#2819=UNCERTAINTY_MEASURE_WITH_UNIT(LENGTH_MEASURE(1.E-8),#2846,
'DISTANCE_ACCURACY_VALUE','Maximum Tolerance applied to model');
#2820=UNCERTAINTY_MEASURE_WITH_UNIT(LENGTH_MEASURE(1.E-8),#2847,
'DISTANCE_ACCURACY_VALUE','Maximum Tolerance applied to model');
#2821=UNCERTAINTY_MEASURE_WITH_UNIT(LENGTH_MEASURE(1.E-8),#2848,
'DISTANCE_ACCURACY_VALUE','Maximum Tolerance applied to model');
#2822=UNCERTAINTY_MEASURE_WITH_UNIT(LENGTH_MEASURE(1.E-8),#2849,
'DISTANCE_ACCURACY_VALUE','Maximum Tolerance applied to model');
#2823=UNCERTAINTY_MEASURE_WITH_UNIT(LENGTH_MEASURE(1.E-8),#2850,
'DISTANCE_ACCURACY_VALUE','Maximum Tolerance applied to model');
#2824=UNCERTAINTY_MEASURE_WITH_UNIT(LENGTH_MEASURE(1.E-8),#2851,
'DISTANCE_ACCURACY_VALUE','Maximum Tolerance applied to model');
#2825=UNCERTAINTY_MEASURE_WITH_UNIT(LENGTH_MEASURE(1.E-8),#2852,
'DISTANCE_ACCURACY_VALUE','Maximum Tolerance applied to model');
#2826=UNCERTAINTY_MEASURE_WITH_UNIT(LENGTH_MEASURE(1.E-8),#2853,
'DISTANCE_ACCURACY_VALUE','Maximum Tolerance applied to model');
#2827=(
NAMED_UNIT(*)
SI_UNIT($,.STERADIAN.)
SOLID_ANGLE_UNIT()
);
#2828=(
NAMED_UNIT(*)
SI_UNIT($,.STERADIAN.)
SOLID_ANGLE_UNIT()
);
#2829=(
NAMED_UNIT(*)
SI_UNIT($,.STERADIAN.)
SOLID_ANGLE_UNIT()
);
#2830=(
NAMED_UNIT(*)
SI_UNIT($,.STERADIAN.)
SOLID_ANGLE_UNIT()
);
#2831=(
NAMED_UNIT(*)
SI_UNIT($,.STERADIAN.)
SOLID_ANGLE_UNIT()
);
#2832=(
NAMED_UNIT(*)
SI_UNIT($,.STERADIAN.)
SOLID_ANGLE_UNIT()
);
#2833=(
NAMED_UNIT(*)
SI_UNIT($,.STERADIAN.)
SOLID_ANGLE_UNIT()
);
#2834=(
NAMED_UNIT(*)
SI_UNIT($,.STERADIAN.)
SOLID_ANGLE_UNIT()
);
#2835=(
NAMED_UNIT(*)
SI_UNIT($,.STERADIAN.)
SOLID_ANGLE_UNIT()
);
#2836=(
NAMED_UNIT(*)
PLANE_ANGLE_UNIT()
SI_UNIT($,.RADIAN.)
);
#2837=(
NAMED_UNIT(*)
PLANE_ANGLE_UNIT()
SI_UNIT($,.RADIAN.)
);
#2838=(
NAMED_UNIT(*)
PLANE_ANGLE_UNIT()
SI_UNIT($,.RADIAN.)
);
#2839=(
NAMED_UNIT(*)
PLANE_ANGLE_UNIT()
SI_UNIT($,.RADIAN.)
);
#2840=(
NAMED_UNIT(*)
PLANE_ANGLE_UNIT()
SI_UNIT($,.RADIAN.)
);
#2841=(
NAMED_UNIT(*)
PLANE_ANGLE_UNIT()
SI_UNIT($,.RADIAN.)
);
#2842=(
NAMED_UNIT(*)
PLANE_ANGLE_UNIT()
SI_UNIT($,.RADIAN.)
);
#2843=(
NAMED_UNIT(*)
PLANE_ANGLE_UNIT()
SI_UNIT($,.RADIAN.)
);
#2844=(
NAMED_UNIT(*)
PLANE_ANGLE_UNIT()
SI_UNIT($,.RADIAN.)
);
#2845=(
LENGTH_UNIT()
NAMED_UNIT(*)
SI_UNIT($,.METRE.)
);
#2846=(
LENGTH_UNIT()
NAMED_UNIT(*)
SI_UNIT($,.METRE.)
);
#2847=(
LENGTH_UNIT()
NAMED_UNIT(*)
SI_UNIT($,.METRE.)
);
#2848=(
LENGTH_UNIT()
NAMED_UNIT(*)
SI_UNIT($,.METRE.)
);
#2849=(
LENGTH_UNIT()
NAMED_UNIT(*)
SI_UNIT($,.METRE.)
);
#2850=(
LENGTH_UNIT()
NAMED_UNIT(*)
SI_UNIT($,.METRE.)
);
#2851=(
LENGTH_UNIT()
NAMED_UNIT(*)
SI_UNIT($,.METRE.)
);
#2852=(
LENGTH_UNIT()
NAMED_UNIT(*)
SI_UNIT($,.METRE.)
);
#2853=(
LENGTH_UNIT()
NAMED_UNIT(*)
SI_UNIT($,.METRE.)
);
#2854=PRODUCT_DEFINITION_SHAPE('','',#2863);
#2855=PRODUCT_DEFINITION_SHAPE('','',#2864);
#2856=PRODUCT_DEFINITION_SHAPE('','',#2865);
#2857=PRODUCT_DEFINITION_SHAPE('','',#2866);
#2858=PRODUCT_DEFINITION_SHAPE('','',#2867);
#2859=PRODUCT_DEFINITION_SHAPE('','',#2868);
#2860=PRODUCT_DEFINITION_SHAPE('','',#2869);
#2861=PRODUCT_DEFINITION_SHAPE('','',#2870);
#2862=PRODUCT_DEFINITION_SHAPE('','',#2871);
#2863=PRODUCT_DEFINITION('','',#2881,#2872);
#2864=PRODUCT_DEFINITION('','',#2882,#2873);
#2865=PRODUCT_DEFINITION('','',#2883,#2874);
#2866=PRODUCT_DEFINITION('','',#2884,#2875);
#2867=PRODUCT_DEFINITION('','',#2885,#2876);
#2868=PRODUCT_DEFINITION('','',#2886,#2877);
#2869=PRODUCT_DEFINITION('','',#2887,#2878);
#2870=PRODUCT_DEFINITION('','',#2888,#2879);
#2871=PRODUCT_DEFINITION('','',#2889,#2880);
#2872=PRODUCT_DEFINITION_CONTEXT('',#2935,'design');
#2873=PRODUCT_DEFINITION_CONTEXT('',#2936,'design');
#2874=PRODUCT_DEFINITION_CONTEXT('',#2937,'design');
#2875=PRODUCT_DEFINITION_CONTEXT('',#2938,'design');
#2876=PRODUCT_DEFINITION_CONTEXT('',#2939,'design');
#2877=PRODUCT_DEFINITION_CONTEXT('',#2940,'design');
#2878=PRODUCT_DEFINITION_CONTEXT('',#2941,'design');
#2879=PRODUCT_DEFINITION_CONTEXT('',#2942,'design');
#2880=PRODUCT_DEFINITION_CONTEXT('',#2943,'design');
#2881=PRODUCT_DEFINITION_FORMATION_WITH_SPECIFIED_SOURCE('','',#2899,
 .NOT_KNOWN.);
#2882=PRODUCT_DEFINITION_FORMATION_WITH_SPECIFIED_SOURCE('','',#2900,
 .NOT_KNOWN.);
#2883=PRODUCT_DEFINITION_FORMATION_WITH_SPECIFIED_SOURCE('','',#2901,
 .NOT_KNOWN.);
#2884=PRODUCT_DEFINITION_FORMATION_WITH_SPECIFIED_SOURCE('','',#2902,
 .NOT_KNOWN.);
#2885=PRODUCT_DEFINITION_FORMATION_WITH_SPECIFIED_SOURCE('','',#2903,
 .NOT_KNOWN.);
#2886=PRODUCT_DEFINITION_FORMATION_WITH_SPECIFIED_SOURCE('','',#2904,
 .NOT_KNOWN.);
#2887=PRODUCT_DEFINITION_FORMATION_WITH_SPECIFIED_SOURCE('','',#2905,
 .NOT_KNOWN.);
#2888=PRODUCT_DEFINITION_FORMATION_WITH_SPECIFIED_SOURCE('','',#2906,
 .NOT_KNOWN.);
#2889=PRODUCT_DEFINITION_FORMATION_WITH_SPECIFIED_SOURCE('','',#2907,
 .NOT_KNOWN.);
#2890=PRODUCT_RELATED_PRODUCT_CATEGORY('','',(#2899));
#2891=PRODUCT_RELATED_PRODUCT_CATEGORY('','',(#2900));
#2892=PRODUCT_RELATED_PRODUCT_CATEGORY('','',(#2901));
#2893=PRODUCT_RELATED_PRODUCT_CATEGORY('','',(#2902));
#2894=PRODUCT_RELATED_PRODUCT_CATEGORY('','',(#2903));
#2895=PRODUCT_RELATED_PRODUCT_CATEGORY('','',(#2904));
#2896=PRODUCT_RELATED_PRODUCT_CATEGORY('','',(#2905));
#2897=PRODUCT_RELATED_PRODUCT_CATEGORY('','',(#2906));
#2898=PRODUCT_RELATED_PRODUCT_CATEGORY('','',(#2907));
#2899=PRODUCT('Nosecone','Nosecone','Nosecone',(#2917));
#2900=PRODUCT('Balsa Fin 2','Balsa Fin 2','Balsa Fin 2',(#2918));
#2901=PRODUCT('Curve 1','Curve 1','Curve 1',(#2919));
#2902=PRODUCT('BT-20 Body Tube','BT-20 Body Tube','BT-20 Body Tube',(#2920));
#2903=PRODUCT('Balsa Fin 5','Balsa Fin 5','Balsa Fin 5',(#2921));
#2904=PRODUCT('Balsa Fin 3','Balsa Fin 3','Balsa Fin 3',(#2922));
#2905=PRODUCT('Balsa Fin 4','Balsa Fin 4','Balsa Fin 4',(#2923));
#2906=PRODUCT('Balsa Fin 1','Balsa Fin 1','Balsa Fin 1',(#2924));
#2907=PRODUCT('Balsa Fin 6','Balsa Fin 6','Balsa Fin 6',(#2925));
#2908=PRODUCT_CATEGORY('','');
#2909=PRODUCT_CATEGORY('','');
#2910=PRODUCT_CATEGORY('','');
#2911=PRODUCT_CATEGORY('','');
#2912=PRODUCT_CATEGORY('','');
#2913=PRODUCT_CATEGORY('','');
#2914=PRODUCT_CATEGORY('','');
#2915=PRODUCT_CATEGORY('','');
#2916=PRODUCT_CATEGORY('','');
#2917=PRODUCT_CONTEXT('',#2935,'mechanical');
#2918=PRODUCT_CONTEXT('',#2936,'mechanical');
#2919=PRODUCT_CONTEXT('',#2937,'mechanical');
#2920=PRODUCT_CONTEXT('',#2938,'mechanical');
#2921=PRODUCT_CONTEXT('',#2939,'mechanical');
#2922=PRODUCT_CONTEXT('',#2940,'mechanical');
#2923=PRODUCT_CONTEXT('',#2941,'mechanical');
#2924=PRODUCT_CONTEXT('',#2942,'mechanical');
#2925=PRODUCT_CONTEXT('',#2943,'mechanical');
#2926=APPLICATION_PROTOCOL_DEFINITION('international standard',
'ap242_managed_model_based_3d_engineering',2020,#2935);
#2927=APPLICATION_PROTOCOL_DEFINITION('international standard',
'ap242_managed_model_based_3d_engineering',2020,#2936);
#2928=APPLICATION_PROTOCOL_DEFINITION('international standard',
'ap242_managed_model_based_3d_engineering',2020,#2937);
#2929=APPLICATION_PROTOCOL_DEFINITION('international standard',
'ap242_managed_model_based_3d_engineering',2020,#2938);
#2930=APPLICATION_PROTOCOL_DEFINITION('international standard',
'ap242_managed_model_based_3d_engineering',2020,#2939);
#2931=APPLICATION_PROTOCOL_DEFINITION('international standard',
'ap242_managed_model_based_3d_engineering',2020,#2940);
#2932=APPLICATION_PROTOCOL_DEFINITION('international standard',
'ap242_managed_model_based_3d_engineering',2020,#2941);
#2933=APPLICATION_PROTOCOL_DEFINITION('international standard',
'ap242_managed_model_based_3d_engineering',2020,#2942);
#2934=APPLICATION_PROTOCOL_DEFINITION('international standard',
'ap242_managed_model_based_3d_engineering',2020,#2943);
#2935=APPLICATION_CONTEXT('managed model based 3d engineering');
#2936=APPLICATION_CONTEXT('managed model based 3d engineering');
#2937=APPLICATION_CONTEXT('managed model based 3d engineering');
#2938=APPLICATION_CONTEXT('managed model based 3d engineering');
#2939=APPLICATION_CONTEXT('managed model based 3d engineering');
#2940=APPLICATION_CONTEXT('managed model based 3d engineering');
#2941=APPLICATION_CONTEXT('managed model based 3d engineering');
#2942=APPLICATION_CONTEXT('managed model based 3d engineering');
#2943=APPLICATION_CONTEXT('managed model based 3d engineering');
ENDSEC;
END-ISO-10303-21;
